#ifdef __has_include
    #if __has_include("lvgl.h")
        #ifndef LV_LVGL_H_INCLUDE_SIMPLE
            #define LV_LVGL_H_INCLUDE_SIMPLE
        #endif
    #endif
#endif

#if defined(LV_LVGL_H_INCLUDE_SIMPLE)
    #include "lvgl.h"
#else
    #include "lvgl/lvgl.h"
#endif


#ifndef LV_ATTRIBUTE_MEM_ALIGN
#define LV_ATTRIBUTE_MEM_ALIGN
#endif

#ifndef LV_ATTRIBUTE_IMG_GIF5
#define LV_ATTRIBUTE_IMG_GIF5
#endif

const LV_ATTRIBUTE_MEM_ALIGN LV_ATTRIBUTE_LARGE_CONST LV_ATTRIBUTE_IMG_GIF5 uint8_t gif5_map[] = {
    0x47, 0x49, 0x46, 0x38, 0x39, 0x61, 0x96, 0x00, 0x70, 0x00, 0xf7, 0x01, 0x00, 
    0x00, 0x00, 0x00, 0x00, 0xff, 0x00, 0xbf, 0xbf, 0xbf, 0xcc, 0xcc, 0xcc, 0xd1, 
    0xd1, 0xd1, 0xd5, 0xd5, 0xd5, 0xd5, 0xd5, 0xd5, 0xd6, 0xd6, 0xd6, 0xd7, 0xd7, 
    0xd7, 0xd7, 0xd7, 0xd7, 0xd7, 0xd7, 0xd7, 0xd7, 0xd7, 0xd7, 0xd7, 0xd7, 0xd7, 
    0xd7, 0xd7, 0xd7, 0xd7, 0xd7, 0xd7, 0xd7, 0xd7, 0xd7, 0xd7, 0xd7, 0xd7, 0xd8, 
    0xd8, 0xd8, 0xd8, 0xd8, 0xd8, 0xd8, 0xd8, 0xd8, 0xd8, 0xd8, 0xd8, 0xd8, 0xd8, 
    0xd8, 0xd8, 0xd8, 0xd8, 0xd8, 0xd8, 0xd8, 0xd8, 0xd8, 0xd8, 0xd8, 0xd8, 0xd8, 
    0xd8, 0xd8, 0xd8, 0xd8, 0xd8, 0xd8, 0xd8, 0xd8, 0xd8, 0xd8, 0xd8, 0xd8, 0xd8, 
    0xd8, 0xd8, 0xd8, 0xd8, 0xd8, 0xd8, 0xd8, 0xd8, 0xd8, 0xd8, 0xd8, 0xd8, 0xd8, 
    0xd8, 0xd8, 0xd8, 0xd8, 0xd9, 0xd9, 0xd9, 0xd9, 0xd9, 0xd9, 0xd9, 0xd9, 0xd9, 
    0xd9, 0xd9, 0xd9, 0xd9, 0xd9, 0xd9, 0xd9, 0xd9, 0xd9, 0xd9, 0xd9, 0xd9, 0xd9, 
    0xd9, 0xd9, 0xd9, 0xd9, 0xd9, 0xd9, 0xd9, 0xd9, 0xd9, 0xd9, 0xd9, 0xd9, 0xd9, 
    0xd9, 0xd9, 0xd9, 0xd9, 0xd9, 0xd9, 0xd9, 0xd9, 0xd9, 0xd9, 0xd9, 0xd9, 0xd9, 
    0xd9, 0xd9, 0xd9, 0xd9, 0xd9, 0xd9, 0xda, 0xda, 0xda, 0xda, 0xda, 0xda, 0xda, 
    0xda, 0xda, 0xda, 0xda, 0xda, 0xda, 0xda, 0xda, 0xda, 0xda, 0xda, 0xdb, 0xdb, 
    0xdb, 0xdb, 0xdb, 0xdb, 0xdb, 0xdb, 0xdb, 0xdb, 0xdb, 0xdb, 0xdc, 0xdc, 0xdc, 
    0xdc, 0xdc, 0xdc, 0xdd, 0xdd, 0xdd, 0xdf, 0xdf, 0xdf, 0xdf, 0xdf, 0xdf, 0xff, 
    0xff, 0xff, 0xff, 0xff, 0xff, 0xff, 0xff, 0xff, 0xff, 0xff, 0xff, 0xff, 0xff, 
    0xff, 0xff, 0xff, 0xff, 0xff, 0xff, 0xff, 0xff, 0xff, 0xff, 0xff, 0xff, 0xff, 
    0xff, 0xff, 0xff, 0xff, 0xff, 0xff, 0xff, 0xff, 0xff, 0xff, 0xff, 0xff, 0xff, 
    0xff, 0xff, 0xff, 0xff, 0xff, 0xff, 0xff, 0xff, 0xff, 0xff, 0xff, 0xff, 0xff, 
    0xff, 0xff, 0xff, 0xff, 0xff, 0xff, 0xff, 0xff, 0xff, 0xff, 0xff, 0xff, 0xff, 
    0xff, 0xff, 0xff, 0xff, 0xff, 0xff, 0xff, 0xff, 0xff, 0xff, 0xff, 0xff, 0xff, 
    0xff, 0xff, 0xff, 0xff, 0xff, 0xff, 0xff, 0xff, 0xff, 0xff, 0xff, 0xff, 0xff, 
    0xff, 0xff, 0xff, 0xff, 0xff, 0xff, 0xff, 0xff, 0xff, 0xff, 0xff, 0xff, 0xff, 
    0xff, 0xff, 0xff, 0xff, 0xff, 0xff, 0xff, 0xff, 0xff, 0xff, 0xff, 0xff, 0xff, 
    0xff, 0xff, 0xff, 0xff, 0xff, 0xff, 0xff, 0xff, 0xff, 0xff, 0xff, 0xff, 0xff, 
    0xff, 0xff, 0xff, 0xff, 0xff, 0xff, 0xff, 0xff, 0xff, 0xff, 0xff, 0xff, 0xff, 
    0xff, 0xff, 0xff, 0xff, 0xff, 0xff, 0xff, 0xff, 0xff, 0xff, 0xff, 0xff, 0xff, 
    0xff, 0xff, 0xff, 0xff, 0xff, 0xff, 0xff, 0xff, 0xff, 0xff, 0xff, 0xff, 0xff, 
    0xff, 0xff, 0xff, 0xff, 0xff, 0xff, 0xff, 0xff, 0xff, 0xff, 0xff, 0xff, 0xff, 
    0xff, 0xff, 0xff, 0xff, 0xff, 0xff, 0xff, 0xff, 0xff, 0xff, 0xff, 0xff, 0xff, 
    0xff, 0xff, 0xff, 0xff, 0xff, 0xff, 0xff, 0xff, 0xff, 0xff, 0xff, 0xff, 0xff, 
    0xff, 0xff, 0xff, 0xff, 0xff, 0xff, 0xff, 0xff, 0xff, 0xff, 0xff, 0xff, 0xff, 
    0xff, 0xff, 0xff, 0xff, 0xff, 0xff, 0xff, 0xff, 0xff, 0xff, 0xff, 0xff, 0xff, 
    0xff, 0xff, 0xff, 0xff, 0xff, 0xff, 0xff, 0xff, 0xff, 0xff, 0xff, 0xff, 0xff, 
    0xff, 0xff, 0xff, 0xff, 0xff, 0xff, 0xff, 0xff, 0xff, 0xff, 0xff, 0xff, 0xff, 
    0xff, 0xff, 0xff, 0xff, 0xff, 0xff, 0xff, 0xff, 0xff, 0xff, 0xff, 0xff, 0xff, 
    0xff, 0xff, 0xff, 0xff, 0xff, 0xff, 0xff, 0xff, 0xff, 0xff, 0xff, 0xff, 0xff, 
    0xff, 0xff, 0xff, 0xff, 0xff, 0xff, 0xff, 0xff, 0xff, 0xff, 0xff, 0xff, 0xff, 
    0xff, 0xff, 0xff, 0xff, 0xff, 0xff, 0xff, 0xff, 0xff, 0xff, 0xff, 0xff, 0xff, 
    0xff, 0xff, 0xff, 0xff, 0xff, 0xff, 0xff, 0xff, 0xff, 0xff, 0xff, 0xff, 0xff, 
    0xff, 0xff, 0xff, 0xff, 0xff, 0xff, 0xff, 0xff, 0xff, 0xff, 0xff, 0xff, 0xff, 
    0xff, 0xff, 0xff, 0xff, 0xff, 0xff, 0xff, 0xff, 0xff, 0xff, 0xff, 0xff, 0xff, 
    0xff, 0xff, 0xff, 0xff, 0xff, 0xff, 0xff, 0xff, 0xff, 0xff, 0xff, 0xff, 0xff, 
    0xff, 0xff, 0xff, 0xff, 0xff, 0xff, 0xff, 0xff, 0xff, 0xff, 0xff, 0xff, 0xff, 
    0xff, 0xff, 0xff, 0xff, 0xff, 0xff, 0xff, 0xff, 0xff, 0xff, 0xff, 0xff, 0xff, 
    0xff, 0xff, 0xff, 0xff, 0xff, 0xff, 0xff, 0xff, 0xff, 0xff, 0xff, 0xff, 0xff, 
    0xff, 0xff, 0xff, 0xff, 0xff, 0xff, 0xff, 0xff, 0xff, 0xff, 0xff, 0xff, 0xff, 
    0xff, 0xff, 0xff, 0xff, 0xff, 0xff, 0xff, 0xff, 0xff, 0xff, 0xff, 0xff, 0xff, 
    0xff, 0xff, 0xff, 0xff, 0xff, 0xff, 0xff, 0xff, 0xff, 0xff, 0xff, 0xff, 0xff, 
    0xff, 0xff, 0xff, 0xff, 0xff, 0xff, 0xff, 0xff, 0xff, 0xff, 0xff, 0xff, 0xff, 
    0xff, 0xff, 0xff, 0xff, 0xff, 0xff, 0xff, 0xff, 0xff, 0xff, 0xff, 0xff, 0xff, 
    0xff, 0xff, 0xff, 0xff, 0xff, 0xff, 0xff, 0xff, 0xff, 0xff, 0xff, 0xff, 0xff, 
    0xff, 0xff, 0xff, 0xff, 0xff, 0xff, 0xff, 0xff, 0xff, 0xff, 0xff, 0xff, 0xff, 
    0xff, 0xff, 0xff, 0xff, 0xff, 0xff, 0xff, 0xff, 0xff, 0xff, 0xff, 0xff, 0xff, 
    0xff, 0xff, 0xff, 0xff, 0xff, 0xff, 0xff, 0xff, 0xff, 0xff, 0xff, 0xff, 0xff, 
    0xff, 0xff, 0xff, 0xff, 0xff, 0xff, 0xff, 0xff, 0xff, 0xff, 0xff, 0xff, 0xff, 
    0xff, 0xff, 0xff, 0xff, 0xff, 0xff, 0xff, 0xff, 0xff, 0xff, 0xff, 0xff, 0xff, 
    0xff, 0xff, 0xff, 0xff, 0xff, 0xff, 0xff, 0xff, 0xff, 0xff, 0xff, 0xff, 0xff, 
    0xff, 0x21, 0xff, 0x0b, 0x4e, 0x45, 0x54, 0x53, 0x43, 0x41, 0x50, 0x45, 0x32, 
    0x2e, 0x30, 0x03, 0x01, 0x00, 0x00, 0x00, 0x21, 0xf9, 0x04, 0x05, 0x07, 0x00, 
    0x01, 0x00, 0x2c, 0x00, 0x00, 0x00, 0x00, 0x96, 0x00, 0x70, 0x00, 0x87, 0x00, 
    0x00, 0x00, 0x00, 0xff, 0x00, 0xbf, 0xbf, 0xbf, 0xcc, 0xcc, 0xcc, 0xd1, 0xd1, 
    0xd1, 0xd5, 0xd5, 0xd5, 0xd5, 0xd5, 0xd5, 0xd6, 0xd6, 0xd6, 0xd7, 0xd7, 0xd7, 
    0xd7, 0xd7, 0xd7, 0xd7, 0xd7, 0xd7, 0xd7, 0xd7, 0xd7, 0xd7, 0xd7, 0xd7, 0xd7, 
    0xd7, 0xd7, 0xd7, 0xd7, 0xd7, 0xd7, 0xd7, 0xd7, 0xd7, 0xd7, 0xd7, 0xd8, 0xd8, 
    0xd8, 0xd8, 0xd8, 0xd8, 0xd8, 0xd8, 0xd8, 0xd8, 0xd8, 0xd8, 0xd8, 0xd8, 0xd8, 
    0xd8, 0xd8, 0xd8, 0xd8, 0xd8, 0xd8, 0xd8, 0xd8, 0xd8, 0xd8, 0xd8, 0xd8, 0xd8, 
    0xd8, 0xd8, 0xd8, 0xd8, 0xd8, 0xd8, 0xd8, 0xd8, 0xd8, 0xd8, 0xd8, 0xd8, 0xd8, 
    0xd8, 0xd8, 0xd8, 0xd8, 0xd8, 0xd8, 0xd8, 0xd8, 0xd8, 0xd8, 0xd8, 0xd8, 0xd8, 
    0xd8, 0xd8, 0xd8, 0xd9, 0xd9, 0xd9, 0xd9, 0xd9, 0xd9, 0xd9, 0xd9, 0xd9, 0xd9, 
    0xd9, 0xd9, 0xd9, 0xd9, 0xd9, 0xd9, 0xd9, 0xd9, 0xd9, 0xd9, 0xd9, 0xd9, 0xd9, 
    0xd9, 0xd9, 0xd9, 0xd9, 0xd9, 0xd9, 0xd9, 0xd9, 0xd9, 0xd9, 0xd9, 0xd9, 0xd9, 
    0xd9, 0xd9, 0xd9, 0xd9, 0xd9, 0xd9, 0xd9, 0xd9, 0xd9, 0xd9, 0xd9, 0xd9, 0xd9, 
    0xd9, 0xd9, 0xd9, 0xd9, 0xd9, 0xda, 0xda, 0xda, 0xda, 0xda, 0xda, 0xda, 0xda, 
    0xda, 0xda, 0xda, 0xda, 0xda, 0xda, 0xda, 0xda, 0xda, 0xda, 0xdb, 0xdb, 0xdb, 
    0xdb, 0xdb, 0xdb, 0xdb, 0xdb, 0xdb, 0xdb, 0xdb, 0xdb, 0xdc, 0xdc, 0xdc, 0xdc, 
    0xdc, 0xdc, 0xdd, 0xdd, 0xdd, 0xdf, 0xdf, 0xdf, 0xdf, 0xdf, 0xdf, 0xff, 0xff, 
    0xff, 0xff, 0xff, 0xff, 0xff, 0xff, 0xff, 0xff, 0xff, 0xff, 0xff, 0xff, 0xff, 
    0xff, 0xff, 0xff, 0xff, 0xff, 0xff, 0xff, 0xff, 0xff, 0xff, 0xff, 0xff, 0xff, 
    0xff, 0xff, 0xff, 0xff, 0xff, 0xff, 0xff, 0xff, 0xff, 0xff, 0xff, 0xff, 0xff, 
    0xff, 0xff, 0xff, 0xff, 0xff, 0xff, 0xff, 0xff, 0xff, 0xff, 0xff, 0xff, 0xff, 
    0xff, 0xff, 0xff, 0xff, 0xff, 0xff, 0xff, 0xff, 0xff, 0xff, 0xff, 0xff, 0xff, 
    0xff, 0xff, 0xff, 0xff, 0xff, 0xff, 0xff, 0xff, 0xff, 0xff, 0xff, 0xff, 0xff, 
    0xff, 0xff, 0xff, 0xff, 0xff, 0xff, 0xff, 0xff, 0xff, 0xff, 0xff, 0xff, 0xff, 
    0xff, 0xff, 0xff, 0xff, 0xff, 0xff, 0xff, 0xff, 0xff, 0xff, 0xff, 0xff, 0xff, 
    0xff, 0xff, 0xff, 0xff, 0xff, 0xff, 0xff, 0xff, 0xff, 0xff, 0xff, 0xff, 0xff, 
    0xff, 0xff, 0xff, 0xff, 0xff, 0xff, 0xff, 0xff, 0xff, 0xff, 0xff, 0xff, 0xff, 
    0xff, 0xff, 0xff, 0xff, 0xff, 0xff, 0xff, 0xff, 0xff, 0xff, 0xff, 0xff, 0xff, 
    0xff, 0xff, 0xff, 0xff, 0xff, 0xff, 0xff, 0xff, 0xff, 0xff, 0xff, 0xff, 0xff, 
    0xff, 0xff, 0xff, 0xff, 0xff, 0xff, 0xff, 0xff, 0xff, 0xff, 0xff, 0xff, 0xff, 
    0xff, 0xff, 0xff, 0xff, 0xff, 0xff, 0xff, 0xff, 0xff, 0xff, 0xff, 0xff, 0xff, 
    0xff, 0xff, 0xff, 0xff, 0xff, 0xff, 0xff, 0xff, 0xff, 0xff, 0xff, 0xff, 0xff, 
    0xff, 0xff, 0xff, 0xff, 0xff, 0xff, 0xff, 0xff, 0xff, 0xff, 0xff, 0xff, 0xff, 
    0xff, 0xff, 0xff, 0xff, 0xff, 0xff, 0xff, 0xff, 0xff, 0xff, 0xff, 0xff, 0xff, 
    0xff, 0xff, 0xff, 0xff, 0xff, 0xff, 0xff, 0xff, 0xff, 0xff, 0xff, 0xff, 0xff, 
    0xff, 0xff, 0xff, 0xff, 0xff, 0xff, 0xff, 0xff, 0xff, 0xff, 0xff, 0xff, 0xff, 
    0xff, 0xff, 0xff, 0xff, 0xff, 0xff, 0xff, 0xff, 0xff, 0xff, 0xff, 0xff, 0xff, 
    0xff, 0xff, 0xff, 0xff, 0xff, 0xff, 0xff, 0xff, 0xff, 0xff, 0xff, 0xff, 0xff, 
    0xff, 0xff, 0xff, 0xff, 0xff, 0xff, 0xff, 0xff, 0xff, 0xff, 0xff, 0xff, 0xff, 
    0xff, 0xff, 0xff, 0xff, 0xff, 0xff, 0xff, 0xff, 0xff, 0xff, 0xff, 0xff, 0xff, 
    0xff, 0xff, 0xff, 0xff, 0xff, 0xff, 0xff, 0xff, 0xff, 0xff, 0xff, 0xff, 0xff, 
    0xff, 0xff, 0xff, 0xff, 0xff, 0xff, 0xff, 0xff, 0xff, 0xff, 0xff, 0xff, 0xff, 
    0xff, 0xff, 0xff, 0xff, 0xff, 0xff, 0xff, 0xff, 0xff, 0xff, 0xff, 0xff, 0xff, 
    0xff, 0xff, 0xff, 0xff, 0xff, 0xff, 0xff, 0xff, 0xff, 0xff, 0xff, 0xff, 0xff, 
    0xff, 0xff, 0xff, 0xff, 0xff, 0xff, 0xff, 0xff, 0xff, 0xff, 0xff, 0xff, 0xff, 
    0xff, 0xff, 0xff, 0xff, 0xff, 0xff, 0xff, 0xff, 0xff, 0xff, 0xff, 0xff, 0xff, 
    0xff, 0xff, 0xff, 0xff, 0xff, 0xff, 0xff, 0xff, 0xff, 0xff, 0xff, 0xff, 0xff, 
    0xff, 0xff, 0xff, 0xff, 0xff, 0xff, 0xff, 0xff, 0xff, 0xff, 0xff, 0xff, 0xff, 
    0xff, 0xff, 0xff, 0xff, 0xff, 0xff, 0xff, 0xff, 0xff, 0xff, 0xff, 0xff, 0xff, 
    0xff, 0xff, 0xff, 0xff, 0xff, 0xff, 0xff, 0xff, 0xff, 0xff, 0xff, 0xff, 0xff, 
    0xff, 0xff, 0xff, 0xff, 0xff, 0xff, 0xff, 0xff, 0xff, 0xff, 0xff, 0xff, 0xff, 
    0xff, 0xff, 0xff, 0xff, 0xff, 0xff, 0xff, 0xff, 0xff, 0xff, 0xff, 0xff, 0xff, 
    0xff, 0xff, 0xff, 0xff, 0xff, 0xff, 0xff, 0xff, 0xff, 0xff, 0xff, 0xff, 0xff, 
    0xff, 0xff, 0xff, 0xff, 0xff, 0xff, 0xff, 0xff, 0xff, 0xff, 0xff, 0xff, 0xff, 
    0xff, 0xff, 0xff, 0xff, 0xff, 0xff, 0xff, 0xff, 0xff, 0xff, 0xff, 0xff, 0xff, 
    0xff, 0xff, 0xff, 0xff, 0xff, 0xff, 0xff, 0xff, 0xff, 0xff, 0xff, 0xff, 0xff, 
    0xff, 0xff, 0xff, 0xff, 0xff, 0xff, 0xff, 0xff, 0xff, 0xff, 0xff, 0xff, 0xff, 
    0xff, 0xff, 0xff, 0xff, 0xff, 0xff, 0xff, 0xff, 0xff, 0xff, 0xff, 0xff, 0xff, 
    0xff, 0xff, 0xff, 0xff, 0xff, 0xff, 0xff, 0xff, 0xff, 0xff, 0xff, 0xff, 0xff, 
    0xff, 0xff, 0xff, 0xff, 0xff, 0xff, 0xff, 0xff, 0xff, 0xff, 0xff, 0xff, 0xff, 
    0x08, 0xff, 0x00, 0x03, 0x08, 0x1c, 0x48, 0xb0, 0xa0, 0xc1, 0x83, 0x08, 0x13, 
    0x2a, 0x5c, 0xc8, 0xb0, 0xa1, 0xc3, 0x87, 0x10, 0x23, 0x4a, 0x9c, 0x48, 0xb1, 
    0xa2, 0xc5, 0x8b, 0x18, 0x33, 0x6a, 0xdc, 0xc8, 0xb1, 0xa3, 0xc7, 0x8f, 0x20, 
    0x43, 0x8a, 0x1c, 0x49, 0xb2, 0xa4, 0xc9, 0x93, 0x28, 0x53, 0xaa, 0x5c, 0xc9, 
    0xb2, 0xa5, 0xcb, 0x97, 0x30, 0x63, 0xca, 0x9c, 0x49, 0xb3, 0xa6, 0xcd, 0x9b, 
    0x38, 0x73, 0xea, 0xdc, 0xc9, 0xb3, 0xa7, 0xcf, 0x9f, 0x40, 0x83, 0x0a, 0x1d, 
    0x4a, 0xb4, 0xa8, 0xd1, 0xa3, 0x48, 0x93, 0x2a, 0x5d, 0xca, 0xb4, 0xa9, 0xd3, 
    0xa7, 0x50, 0xa3, 0x4a, 0x9d, 0x4a, 0xb5, 0xaa, 0xd5, 0xab, 0x58, 0xb3, 0x6a, 
    0xdd, 0xca, 0xb5, 0xab, 0xd7, 0xaf, 0x60, 0xc3, 0x8a, 0x1d, 0x4b, 0xb6, 0xac, 
    0xd9, 0xb3, 0x68, 0xd3, 0xaa, 0x5d, 0x8b, 0x51, 0x80, 0xdb, 0xb7, 0x51, 0xdf, 
    0xca, 0x85, 0x0b, 0x53, 0x2e, 0x81, 0x03, 0x3c, 0x84, 0x0c, 0xb1, 0x31, 0x80, 
    0x2e, 0xd2, 0xb7, 0x03, 0xf0, 0xea, 0x1d, 0x42, 0x78, 0x08, 0x8f, 0xbe, 0x2d, 
    0xdd, 0x0e, 0x28, 0x00, 0xa4, 0x70, 0x91, 0x21, 0x8f, 0x0b, 0x47, 0x40, 0x6c, 
    0x54, 0xc0, 0xe2, 0xc2, 0x90, 0x33, 0x47, 0x26, 0x4c, 0x60, 0x80, 0x4a, 0xcb, 
    0x08, 0x08, 0x17, 0x19, 0x4d, 0xba, 0x74, 0x61, 0xbe, 0x44, 0xdd, 0x12, 0x10, 
    0x3d, 0xda, 0x20, 0xe4, 0xcd, 0x04, 0x50, 0x5a, 0xd6, 0xdb, 0x3a, 0xe1, 0xea, 
    0xc8, 0xb1, 0x83, 0x5a, 0x26, 0xf1, 0x9a, 0x61, 0xe6, 0x21, 0x05, 0x3c, 0x93, 
    0xb4, 0x2c, 0xda, 0xe1, 0x6a, 0xc2, 0x05, 0x80, 0xce, 0x86, 0x0c, 0xb1, 0x30, 
    0x8f, 0xe1, 0x03, 0x8a, 0x37, 0x47, 0xfe, 0x53, 0x00, 0x6d, 0x89, 0x85, 0x11, 
    0x88, 0x24, 0x5e, 0x84, 0x62, 0xe1, 0xe4, 0x3c, 0x05, 0x1c, 0xff, 0x60, 0x3e, 
    0xb1, 0xf0, 0x81, 0x90, 0x02, 0xa4, 0x97, 0x27, 0x2c, 0x3c, 0xa7, 0x80, 0xdb, 
    0x15, 0xa3, 0x17, 0x01, 0x02, 0x52, 0x40, 0x04, 0xf2, 0x14, 0xa3, 0x0f, 0xa1, 
    0xaf, 0x33, 0x3d, 0xfe, 0x89, 0xc7, 0x81, 0xd7, 0x91, 0x7c, 0x18, 0x15, 0xb6, 
    0x13, 0x81, 0x17, 0xe9, 0x25, 0x84, 0x47, 0xf6, 0xfd, 0x97, 0x1f, 0x61, 0xe7, 
    0xe1, 0x24, 0x00, 0x0f, 0x0e, 0x4e, 0xa4, 0x1f, 0x83, 0x99, 0x65, 0x64, 0xa0, 
    0x84, 0x15, 0x5a, 0x48, 0x98, 0x0d, 0x03, 0x12, 0xa6, 0xd1, 0x85, 0x38, 0x91, 
    0x78, 0x91, 0x7e, 0x43, 0x84, 0x98, 0x62, 0x46, 0xd1, 0x2d, 0x58, 0xa2, 0x88, 
    0x1a, 0xc2, 0xb8, 0x91, 0x89, 0x18, 0xd9, 0xb0, 0x22, 0x5b, 0x38, 0xe6, 0xa8, 
    0xe3, 0x8e, 0x3c, 0xf6, 0xe8, 0xe3, 0x8f, 0x40, 0x06, 0x29, 0xe4, 0x90, 0x71, 
    0xcd, 0x65, 0xa4, 0x5c, 0x89, 0x1d, 0xa9, 0x64, 0x65, 0x4a, 0x36, 0x89, 0xa4, 
    0x49, 0x4e, 0x46, 0x39, 0xd4, 0x5c, 0x03, 0x54, 0x69, 0xe5, 0x95, 0x57, 0xce, 
    0x35, 0x1c, 0x95, 0x58, 0x76, 0x59, 0xa5, 0x96, 0x3e, 0xc9, 0x65, 0x25, 0x01, 
    0x64, 0x96, 0x69, 0xe6, 0x99, 0x56, 0xba, 0xb5, 0x1d, 0x60, 0x03, 0x9c, 0xe9, 
    0x26, 0x9a, 0x7d, 0xa9, 0xd9, 0x13, 0x60, 0x64, 0x16, 0x60, 0xe7, 0x9d, 0x78, 
    0xe6, 0x69, 0x67, 0x67, 0x71, 0xa2, 0x67, 0x59, 0x9b, 0x04, 0xe8, 0x29, 0xe8, 
    0x9d, 0x64, 0x7e, 0x29, 0xc0, 0x9c, 0x96, 0x91, 0x79, 0x00, 0x02, 0x8c, 0x36, 
    0xea, 0xe8, 0xa3, 0x08, 0x1c, 0x70, 0x40, 0x01, 0x9d, 0x1d, 0xfa, 0x11, 0x9d, 
    0x76, 0x2e, 0x0a, 0xe9, 0xa6, 0x91, 0x52, 0x5a, 0x29, 0xa2, 0x6d, 0x1e, 0x10, 
    0xc1, 0xa8, 0xa4, 0x96, 0x6a, 0x6a, 0xa9, 0x08, 0x50, 0x6a, 0xe9, 0xa5, 0xef, 
    0xd9, 0x89, 0xc0, 0xa9, 0xb0, 0xa2, 0x86, 0x9a, 0x2a, 0x01, 0xab, 0xf6, 0xd7, 
    0x2a, 0x02, 0x24, 0x44, 0x90, 0x6b, 0xac, 0xb1, 0xa6, 0xba, 0x5d, 0x9b, 0x05, 
    0xbc, 0x3a, 0xea, 0xae, 0xbc, 0x0e, 0x9b, 0xab, 0xaf, 0x61, 0xb6, 0x89, 0x2b, 
    0x09, 0xcc, 0x36, 0xeb, 0xec, 0xb3, 0xce, 0x46, 0x00, 0x1d, 0x01, 0xaf, 0x42, 
    0x6b, 0x6d, 0xb4, 0xb9, 0x0a, 0x65, 0xd9, 0x01, 0xd7, 0x76, 0x9b, 0x2d, 0x94, 
    0xd4, 0x7a, 0xdb, 0x6d, 0x65, 0x05, 0xe8, 0x2a, 0xae, 0xb4, 0x2c, 0x2d, 0x66, 
    0xae, 0xb7, 0xda, 0x39, 0x15, 0x18, 0xb3, 0x25, 0x12, 0xa0, 0x2b, 0x88, 0x44, 
    0xd6, 0x6b, 0xef, 0xbd, 0xf8, 0xe6, 0xab, 0xef, 0xbe, 0xfc, 0xf6, 0xeb, 0xef, 
    0xbf, 0x00, 0x07, 0x2c, 0xf0, 0xc0, 0x04, 0x17, 0x6c, 0xf0, 0xc1, 0x08, 0x27, 
    0xac, 0xf0, 0xc2, 0x0c, 0x37, 0xec, 0xf0, 0xc3, 0x10, 0x47, 0x2c, 0xf1, 0xc4, 
    0x14, 0x57, 0x6c, 0xf1, 0xc5, 0x18, 0x67, 0x8c, 0x70, 0x40, 0x00, 0x00, 0x21, 
    0xf9, 0x04, 0x09, 0x06, 0x00, 0x01, 0x00, 0x2c, 0x1c, 0x00, 0x24, 0x00, 0x5d, 
    0x00, 0x28, 0x00, 0x00, 0x08, 0xff, 0x00, 0x03, 0x08, 0x1c, 0x48, 0x70, 0xa0, 
    0x80, 0x83, 0x07, 0x0b, 0x2a, 0x5c, 0xc8, 0xb0, 0xa1, 0xc3, 0x86, 0x08, 0x23, 
    0x22, 0x7c, 0x08, 0x11, 0x21, 0x81, 0x03, 0x3c, 0x84, 0xd8, 0x20, 0x30, 0x20, 
    0x21, 0xc5, 0x8f, 0x20, 0x17, 0x22, 0x1c, 0x80, 0x51, 0xc8, 0x90, 0x93, 0x27, 
    0x79, 0x74, 0x14, 0x10, 0xf2, 0xe0, 0x80, 0x02, 0x40, 0x50, 0x16, 0x41, 0x89, 
    0x92, 0x00, 0xcb, 0x90, 0x38, 0x29, 0x0a, 0x78, 0x49, 0x73, 0xa6, 0x4f, 0x9a, 
    0x36, 0x3a, 0xea, 0x1c, 0x80, 0xe0, 0x64, 0x91, 0xa3, 0x48, 0x93, 0xd6, 0x1c, 
    0x90, 0xb3, 0x69, 0xc1, 0x83, 0x04, 0x8c, 0x1e, 0x5d, 0x38, 0xe4, 0xe8, 0xc9, 
    0xa0, 0x0e, 0x77, 0x9a, 0x9c, 0xda, 0xd0, 0xe8, 0x10, 0x12, 0x4c, 0x9d, 0x36, 
    0xdd, 0x49, 0xa2, 0x6a, 0x11, 0x8a, 0x51, 0x67, 0xaa, 0x64, 0xb8, 0xd3, 0x28, 
    0x48, 0x94, 0x40, 0xc2, 0x8a, 0x05, 0xa9, 0xb5, 0x2a, 0x4e, 0x94, 0x42, 0xe4, 
    0x1a, 0x1c, 0xe0, 0x36, 0x64, 0xd4, 0x21, 0x71, 0xe7, 0xd2, 0xdd, 0xda, 0xf4, 
    0x6f, 0xe0, 0xbd, 0x76, 0x0b, 0x9f, 0x3c, 0x2c, 0x18, 0x62, 0xd1, 0xb3, 0x4e, 
    0x0d, 0x13, 0x14, 0xd0, 0x57, 0x31, 0xe0, 0xc6, 0x10, 0xd3, 0x0a, 0xfe, 0x5b, 
    0x40, 0xa0, 0x80, 0x08, 0x89, 0xc5, 0xa2, 0xd4, 0x8b, 0xd9, 0x60, 0x65, 0xb1, 
    0x26, 0x85, 0x78, 0x0e, 0x2d, 0x96, 0xef, 0x10, 0xd5, 0xa5, 0x27, 0x17, 0x60, 
    0xdd, 0xfa, 0xe4, 0x01, 0x01, 0x8f, 0x31, 0x47, 0x85, 0x1d, 0x7b, 0xf5, 0x4c, 
    0xcc, 0xae, 0x87, 0x50, 0xfe, 0xdd, 0xd8, 0x75, 0xe7, 0xde, 0x01, 0x5c, 0xc7, 
    0x1e, 0x7d, 0xb2, 0x74, 0x70, 0xe4, 0xc9, 0x69, 0xcf, 0x75, 0xad, 0xbc, 0xb4, 
    0xc9, 0x21, 0xd0, 0xab, 0x03, 0x3f, 0xa9, 0xbd, 0x38, 0x76, 0xe8, 0x01, 0x78, 
    0x3b, 0xff, 0xff, 0x0e, 0xbe, 0xbc, 0xf9, 0xf3, 0xe8, 0xd3, 0xab, 0x5f, 0xcf, 
    0xbe, 0xbd, 0xfb, 0xf7, 0xf0, 0xe3, 0xcb, 0x9f, 0x4f, 0xbf, 0xbe, 0xfd, 0xfb, 
    0xf8, 0xf3, 0xeb, 0xdf, 0xcf, 0xbf, 0x7f, 0x4e, 0x89, 0x00, 0x4a, 0x34, 0x5f, 
    0x80, 0x04, 0xde, 0xf4, 0x50, 0x81, 0x08, 0x4e, 0xc4, 0x5e, 0x82, 0x08, 0x66, 
    0x15, 0xd1, 0x00, 0x10, 0x46, 0x28, 0xa1, 0x84, 0x02, 0xa6, 0x07, 0xe0, 0x84, 
    0x18, 0x46, 0x58, 0xe1, 0x64, 0x23, 0x41, 0x48, 0xc0, 0x87, 0x20, 0x86, 0x28, 
    0xa2, 0x86, 0x06, 0x96, 0xf7, 0xe0, 0x00, 0x22, 0xa6, 0x38, 0xe2, 0x4a, 0x25, 
    0x06, 0x30, 0xd2, 0x87, 0x05, 0xc4, 0x28, 0xe3, 0x8c, 0x34, 0xc6, 0xc8, 0xd1, 
    0x4a, 0xe7, 0xb9, 0x84, 0x22, 0x01, 0x35, 0xf6, 0x28, 0xe3, 0x87, 0x10, 0x7a, 
    0xe4, 0xd9, 0x4e, 0x1f, 0x1e, 0x80, 0xc0, 0x91, 0x48, 0x26, 0xa9, 0x24, 0x02, 
    0x07, 0x1c, 0x50, 0x00, 0x47, 0x2d, 0xf6, 0xf6, 0x62, 0x8c, 0x46, 0x2e, 0x69, 
    0x25, 0x93, 0x4f, 0x42, 0xc9, 0x21, 0x8a, 0x07, 0x44, 0xe0, 0xe5, 0x97, 0x60, 
    0x86, 0x09, 0x26, 0x02, 0x4f, 0x46, 0x29, 0xa5, 0x00, 0x3c, 0x16, 0x80, 0x80, 
    0x98, 0x6c, 0x8e, 0x49, 0xa6, 0x4d, 0x1c, 0xf2, 0x88, 0x00, 0x09, 0x11, 0xd0, 
    0xd9, 0x66, 0x9b, 0x64, 0xa2, 0x47, 0xa4, 0x9a, 0x5f, 0xda, 0x79, 0xa7, 0x97, 
    0x24, 0xd0, 0x99, 0xe7, 0x53, 0x28, 0xce, 0x19, 0xe8, 0xa1, 0x88, 0x26, 0x9a, 
    0x68, 0x04, 0xea, 0x11, 0xb9, 0xa6, 0xa2, 0x90, 0x22, 0x5a, 0x27, 0xa3, 0x6c, 
    0x91, 0x14, 0xe9, 0xa5, 0x74, 0xb6, 0x87, 0xa6, 0xa1, 0x98, 0x42, 0xfa, 0x91, 
    0x00, 0x05, 0xd4, 0xd9, 0x29, 0xa5, 0xf1, 0xbd, 0x24, 0x2a, 0xa6, 0x08, 0x08, 
    0x66, 0x29, 0x09, 0xfe, 0xa1, 0x58, 0xa7, 0x0d, 0x20, 0x05, 0x01, 0x04, 0x00, 
    0x21, 0xf9, 0x04, 0x09, 0x07, 0x00, 0x01, 0x00, 0x2c, 0x1c, 0x00, 0x22, 0x00, 
    0x5d, 0x00, 0x2a, 0x00, 0x00, 0x08, 0xff, 0x00, 0x03, 0x08, 0x1c, 0x48, 0x50, 
    0xa0, 0x80, 0x83, 0x08, 0x05, 0x14, 0x5c, 0xc8, 0xb0, 0xa1, 0xc3, 0x87, 0x0c, 
    0x13, 0x4a, 0x44, 0x08, 0xb1, 0x21, 0xc2, 0x01, 0x07, 0x78, 0x08, 0x19, 0x32, 
    0x84, 0xc7, 0x00, 0x8a, 0x15, 0x43, 0x8a, 0x5c, 0x78, 0x70, 0x40, 0x01, 0x1b, 
    0x1b, 0x39, 0xaa, 0x1c, 0x72, 0xe0, 0xe3, 0xc8, 0x92, 0x07, 0x54, 0x16, 0x19, 
    0x32, 0x73, 0x65, 0x84, 0x01, 0x23, 0x73, 0x56, 0x2c, 0x69, 0x43, 0x26, 0xcd, 
    0x9f, 0x35, 0x39, 0x12, 0x50, 0x08, 0x51, 0xc0, 0x00, 0x04, 0x1c, 0x8b, 0x28, 
    0x2d, 0x12, 0x60, 0xe9, 0x52, 0xa1, 0x38, 0x75, 0x4a, 0x25, 0x68, 0x34, 0x42, 
    0x52, 0xa6, 0x0c, 0x69, 0xd6, 0x04, 0x12, 0xd5, 0xe2, 0x80, 0x8d, 0x4a, 0x1f, 
    0xae, 0xf4, 0x38, 0x75, 0xaa, 0x51, 0xb0, 0x58, 0x21, 0xaa, 0x14, 0xd2, 0xb5, 
    0xa0, 0xd1, 0xa4, 0x22, 0x7f, 0x92, 0x2d, 0xfb, 0x72, 0x00, 0xdc, 0x91, 0x04, 
    0x38, 0x72, 0x25, 0x69, 0x77, 0x88, 0xce, 0xbe, 0x43, 0x08, 0xd0, 0x0d, 0xf9, 
    0x96, 0xa6, 0xd4, 0xbc, 0x43, 0xf6, 0x0e, 0x7c, 0x9b, 0x36, 0x27, 0xe2, 0x21, 
    0x6d, 0x07, 0x47, 0xbc, 0x7b, 0x58, 0x2f, 0x55, 0xca, 0x3a, 0x11, 0x0b, 0x91, 
    0xec, 0x50, 0x00, 0xd2, 0xc6, 0x95, 0x87, 0x14, 0x30, 0x68, 0x15, 0x74, 0xe6, 
    0x21, 0x6c, 0x39, 0x4f, 0x9e, 0x29, 0x79, 0xe3, 0xe6, 0x00, 0x02, 0x0c, 0x0f, 
    0xee, 0xcb, 0x43, 0xb5, 0xdb, 0xcf, 0x9c, 0xfb, 0x1e, 0xf0, 0x2c, 0x7b, 0x36, 
    0x6a, 0xdb, 0x97, 0x59, 0x73, 0x4e, 0x19, 0x5b, 0xb8, 0x6f, 0xd1, 0xc0, 0x05, 
    0xf6, 0xb5, 0x6d, 0x15, 0x32, 0x47, 0xd5, 0x80, 0x93, 0x07, 0x58, 0x0e, 0x9d, 
    0x23, 0xf5, 0xe1, 0xcf, 0x93, 0xdb, 0x35, 0x5d, 0x76, 0x79, 0xf6, 0xdc, 0x7e, 
    0xa5, 0x4f, 0xff, 0x17, 0x4f, 0xbe, 0xbc, 0xf9, 0xf3, 0xe8, 0xd3, 0xab, 0x5f, 
    0xcf, 0xbe, 0xbd, 0xfb, 0xf7, 0xf0, 0xe3, 0xcb, 0x9f, 0x4f, 0xbf, 0xbe, 0xfd, 
    0xfb, 0xf8, 0xf3, 0xeb, 0xdf, 0xcf, 0xbf, 0xbf, 0xff, 0xff, 0x00, 0xba, 0x35, 
    0xd1, 0x80, 0x07, 0xc9, 0x47, 0x20, 0x81, 0x84, 0x1d, 0xa8, 0x60, 0x81, 0xeb, 
    0x2d, 0xa8, 0xe0, 0x43, 0x12, 0x0d, 0x20, 0xe1, 0x84, 0x14, 0x52, 0x28, 0x51, 
    0x7a, 0x13, 0x55, 0xa8, 0xe1, 0x84, 0x17, 0x0a, 0x58, 0x92, 0x84, 0x04, 0x84, 
    0x28, 0xe2, 0x88, 0x24, 0x72, 0x48, 0x54, 0x79, 0x09, 0x81, 0x48, 0xe2, 0x8a, 
    0x23, 0x4a, 0x08, 0xd2, 0x62, 0x25, 0x85, 0x58, 0xc0, 0x8c, 0x34, 0xd6, 0x68, 
    0xe3, 0x8c, 0x04, 0xb8, 0x78, 0xa2, 0x78, 0x1f, 0xca, 0x78, 0xe3, 0x8f, 0x38, 
    0xe6, 0xf8, 0xd1, 0x8e, 0x31, 0x12, 0x70, 0x00, 0x02, 0x48, 0x26, 0xa9, 0xe4, 
    0x92, 0x08, 0x1c, 0x70, 0x40, 0x01, 0x39, 0xee, 0x98, 0xdc, 0x45, 0x04, 0xcc, 
    0x78, 0x24, 0x93, 0x58, 0x36, 0x09, 0x65, 0x94, 0x54, 0x19, 0x65, 0x64, 0x04, 
    0x60, 0x86, 0x29, 0xe6, 0x98, 0x62, 0x22, 0x00, 0xa5, 0x94, 0x53, 0x0a, 0x50, 
    0x65, 0x01, 0x08, 0x90, 0xe9, 0x66, 0x99, 0x66, 0x0e, 0xd5, 0x65, 0x95, 0x08, 
    0x90, 0x10, 0x81, 0x9d, 0x6f, 0xbe, 0x69, 0xe6, 0x79, 0x5e, 0xb2, 0x19, 0x26, 
    0x9e, 0x79, 0x82, 0x49, 0x82, 0x9d, 0x7b, 0xba, 0x35, 0x00, 0x01, 0x75, 0x0e, 
    0xaa, 0xe8, 0xa2, 0x8c, 0x32, 0x1a, 0x01, 0x86, 0x87, 0xb6, 0xd9, 0xe8, 0xa4, 
    0x8b, 0xde, 0xf9, 0xa8, 0x57, 0x07, 0x50, 0xaa, 0xa9, 0x9d, 0xec, 0xa9, 0x99, 
    0xe8, 0xa6, 0x93, 0x12, 0x56, 0xc0, 0x9d, 0xa0, 0x5e, 0x0a, 0x9f, 0x49, 0xa4, 
    0x6e, 0x8a, 0xc0, 0x6c, 0x99, 0x92, 0xd0, 0xdf, 0xa1, 0x77, 0xda, 0x04, 0x20, 
    0x52, 0x40, 0x00, 0x00, 0x21, 0xf9, 0x04, 0x09, 0x07, 0x00, 0x01, 0x00, 0x2c, 
    0x1c, 0x00, 0x20, 0x00, 0x5d, 0x00, 0x2c, 0x00, 0x00, 0x08, 0xff, 0x00, 0x03, 
    0x08, 0x1c, 0x48, 0x70, 0xa0, 0x80, 0x83, 0x07, 0x0b, 0x2a, 0x5c, 0xc8, 0xb0, 
    0xa1, 0xc3, 0x86, 0x08, 0x23, 0x22, 0x7c, 0xe8, 0x10, 0xe1, 0x80, 0x03, 0x3c, 
    0x84, 0xd8, 0x20, 0x30, 0x20, 0x21, 0xc5, 0x8f, 0x20, 0x17, 0x5a, 0xc4, 0x28, 
    0x64, 0x88, 0x49, 0x93, 0x3c, 0x3a, 0x0a, 0x08, 0x69, 0x31, 0xc2, 0xc9, 0x22, 
    0x27, 0x4f, 0x12, 0x58, 0x19, 0xb2, 0x26, 0x45, 0x01, 0x03, 0x0a, 0xc4, 0x84, 
    0xc9, 0x33, 0xe6, 0x10, 0x02, 0x1f, 0x71, 0xea, 0x34, 0x59, 0xa4, 0xa8, 0x51, 
    0xa3, 0x32, 0x07, 0xd8, 0x5c, 0x5a, 0xf0, 0x20, 0x01, 0xa2, 0x45, 0x17, 0x0e, 
    0x29, 0x6a, 0xb2, 0x80, 0x52, 0x88, 0x03, 0x80, 0x4c, 0x2d, 0xe2, 0x90, 0xe8, 
    0x10, 0x12, 0x57, 0x99, 0xda, 0xc4, 0x49, 0x62, 0x2b, 0xc5, 0xa7, 0x30, 0x6d, 
    0x84, 0x6d, 0x3a, 0x80, 0x28, 0xc8, 0x93, 0x40, 0xd6, 0x8a, 0xbd, 0x39, 0xa0, 
    0x24, 0xd7, 0x90, 0x6d, 0x87, 0xa4, 0x54, 0x88, 0xd3, 0x6d, 0xc8, 0x93, 0x42, 
    0xe4, 0xce, 0x85, 0x68, 0x77, 0x69, 0xde, 0xbd, 0x06, 0xdb, 0x46, 0xb5, 0xf9, 
    0x74, 0x08, 0x90, 0xc1, 0x37, 0x11, 0x4c, 0x15, 0xdb, 0xf8, 0xb1, 0x41, 0xbf, 
    0x4b, 0x1b, 0x17, 0x80, 0x0c, 0x11, 0xed, 0x60, 0xcd, 0x02, 0x05, 0xb8, 0xbc, 
    0x2b, 0xb6, 0xe4, 0x10, 0xc1, 0x9c, 0x03, 0x08, 0x38, 0x39, 0x38, 0xef, 0x90, 
    0xd0, 0x93, 0x5b, 0x9b, 0xb4, 0x9c, 0x9a, 0xa0, 0x62, 0xce, 0x8d, 0x0f, 0x08, 
    0x90, 0x4c, 0x7a, 0xee, 0x53, 0x21, 0xb5, 0x09, 0x0a, 0xe0, 0x61, 0x92, 0xb3, 
    0xeb, 0xd5, 0x30, 0x8d, 0x57, 0x0d, 0x0e, 0xbb, 0xf7, 0xe0, 0x93, 0x79, 0x53, 
    0xbb, 0x66, 0x1e, 0x20, 0xba, 0x74, 0x93, 0xd6, 0x39, 0x9b, 0xa6, 0x9e, 0x1d, 
    0x72, 0xde, 0xee, 0xb2, 0xa9, 0x0b, 0xff, 0x7c, 0x1d, 0xbc, 0xad, 0xf8, 0xf3, 
    0xe8, 0xd3, 0xab, 0x5f, 0xcf, 0xbe, 0xbd, 0xfb, 0xf7, 0xf0, 0xe3, 0xcb, 0x9f, 
    0x4f, 0xbf, 0xbe, 0xfd, 0xfb, 0xf8, 0xf3, 0xeb, 0xdf, 0xcf, 0xbf, 0xbf, 0xff, 
    0xff, 0x00, 0x06, 0x28, 0xe0, 0x80, 0x04, 0x16, 0x08, 0x9f, 0x44, 0x08, 0x4a, 
    0x54, 0x5f, 0x82, 0x0c, 0xd2, 0xf4, 0x50, 0x83, 0x10, 0x4e, 0xe4, 0x5e, 0x84, 
    0x10, 0x56, 0x14, 0xd1, 0x00, 0x18, 0x66, 0xa8, 0xa1, 0x86, 0x0a, 0xae, 0x87, 
    0xe0, 0x86, 0x20, 0x66, 0xd8, 0xa1, 0x70, 0x16, 0x61, 0x48, 0xc0, 0x89, 0x28, 
    0xa6, 0xa8, 0xa2, 0x88, 0x0e, 0x9e, 0x77, 0xe1, 0x00, 0x2a, 0xc6, 0xb8, 0xa2, 
    0x4a, 0x2d, 0xaa, 0x76, 0x10, 0x8c, 0x04, 0x14, 0xa0, 0xe3, 0x8e, 0x3c, 0xf6, 
    0xa8, 0x23, 0x47, 0x2a, 0xa5, 0x77, 0x23, 0x8e, 0x3e, 0x16, 0xb9, 0xe3, 0x89, 
    0x18, 0x7a, 0x14, 0x1a, 0x4e, 0x27, 0x1e, 0x80, 0xc0, 0x93, 0x50, 0x46, 0x29, 
    0x25, 0x02, 0x07, 0x1c, 0x50, 0x00, 0x47, 0x35, 0x06, 0x67, 0x51, 0x8e, 0x05, 
    0x38, 0x39, 0xe5, 0x97, 0x54, 0x5e, 0x89, 0x25, 0x89, 0x30, 0x1e, 0x10, 0xc1, 
    0x99, 0x68, 0xa6, 0xa9, 0x66, 0x9a, 0x08, 0x5c, 0x99, 0xa5, 0x96, 0x02, 0x70, 
    0x89, 0xc0, 0x9a, 0x74, 0xb2, 0xd9, 0xe6, 0x4c, 0x24, 0xe6, 0x88, 0x00, 0x09, 
    0x11, 0xf0, 0x59, 0x67, 0x9d, 0x6d, 0xaa, 0xc7, 0x64, 0x01, 0x73, 0x9e, 0xe9, 
    0xe7, 0x9f, 0x86, 0xf2, 0x19, 0x28, 0x5b, 0x04, 0xec, 0x49, 0xc2, 0xa3, 0x90, 
    0x46, 0x2a, 0x69, 0xa4, 0x11, 0xb0, 0xc7, 0xe4, 0x9c, 0x93, 0x66, 0x4a, 0x29, 
    0x9f, 0x58, 0x1d, 0xa0, 0xe9, 0xa7, 0x9c, 0x4e, 0xd8, 0x28, 0xa8, 0x9f, 0x06, 
    0x55, 0x40, 0x9f, 0xa4, 0x56, 0x4a, 0x5f, 0x4e, 0xa8, 0x82, 0x8a, 0x40, 0x6b, 
    0x9e, 0x92, 0x09, 0x00, 0x20, 0x8c, 0x7d, 0xda, 0x00, 0x52, 0x40, 0x00, 0x00, 
    0x21, 0xf9, 0x04, 0x09, 0x06, 0x00, 0x01, 0x00, 0x2c, 0x1c, 0x00, 0x1e, 0x00, 
    0x5d, 0x00, 0x2e, 0x00, 0x00, 0x08, 0xff, 0x00, 0x03, 0x08, 0x1c, 0x48, 0xb0, 
    0xa0, 0xc1, 0x83, 0x08, 0x13, 0x2a, 0x5c, 0x88, 0x50, 0x80, 0xc3, 0x87, 0x0c, 
    0x19, 0x3e, 0x9c, 0x08, 0x31, 0xa2, 0xc5, 0x8b, 0x06, 0x27, 0x12, 0x38, 0xc0, 
    0x43, 0xc8, 0x10, 0x1b, 0x04, 0x06, 0x38, 0xc4, 0x18, 0xe0, 0xe1, 0x00, 0x8e, 
    0x1e, 0x87, 0xa8, 0x1c, 0x72, 0x40, 0x24, 0xc9, 0x97, 0x0a, 0x1d, 0x0e, 0x28, 
    0x00, 0x64, 0x65, 0x91, 0x21, 0x37, 0x57, 0x46, 0x70, 0x19, 0x51, 0xc0, 0xcc, 
    0x95, 0x38, 0x83, 0xe6, 0x54, 0x49, 0x40, 0x00, 0xcc, 0xa3, 0x03, 0x7d, 0x22, 
    0x50, 0x59, 0xa4, 0xa9, 0xd3, 0xa7, 0x2b, 0x6d, 0x0c, 0x58, 0xe8, 0x90, 0x00, 
    0xd3, 0xa6, 0x06, 0x71, 0x0e, 0x25, 0x80, 0x14, 0xa6, 0x4f, 0x8f, 0x58, 0x13, 
    0x5a, 0xcd, 0xc9, 0xb5, 0xe1, 0x00, 0x12, 0x5a, 0x19, 0x32, 0x1d, 0x52, 0xb6, 
    0xab, 0x45, 0x9f, 0x4c, 0x2d, 0xae, 0x6d, 0x4b, 0xf0, 0x2b, 0xce, 0x8b, 0x56, 
    0x55, 0x16, 0x70, 0xdb, 0x73, 0x40, 0x5c, 0x8c, 0x2b, 0xf7, 0x16, 0x14, 0x00, 
    0xf6, 0x65, 0x60, 0xbe, 0x31, 0xfd, 0x16, 0x39, 0x7a, 0x38, 0xe9, 0x81, 0xbb, 
    0x30, 0x57, 0x4e, 0x45, 0x7c, 0x50, 0xc0, 0xdf, 0xc8, 0x2a, 0x27, 0x0b, 0x18, 
    0x8b, 0xd4, 0xef, 0x10, 0x20, 0x94, 0x33, 0x46, 0x80, 0x7c, 0xd4, 0x33, 0xe8, 
    0x92, 0x97, 0x61, 0xe6, 0x15, 0x1c, 0x5a, 0xa0, 0x62, 0xbe, 0x56, 0x85, 0xb8, 
    0x26, 0x8d, 0x34, 0x65, 0x6b, 0x81, 0x02, 0x46, 0x2f, 0x76, 0xeb, 0xb9, 0x80, 
    0x00, 0x1e, 0xb4, 0x4b, 0xab, 0xbc, 0x8d, 0xfa, 0x26, 0xe2, 0x9a, 0x42, 0x2c, 
    0xef, 0xe6, 0xad, 0xd2, 0xc6, 0x6d, 0xcf, 0x94, 0xfd, 0x0a, 0x81, 0xce, 0xd7, 
    0xf3, 0x90, 0xe7, 0xc3, 0x11, 0x4b, 0xa7, 0xce, 0x77, 0x25, 0xf6, 0xeb, 0xda, 
    0x87, 0x4f, 0xff, 0xa6, 0x0c, 0x9e, 0xb8, 0xf9, 0xf3, 0xe8, 0xd3, 0xab, 0x5f, 
    0xcf, 0xbe, 0xbd, 0xfb, 0xf7, 0xf0, 0xe3, 0xcb, 0x9f, 0x4f, 0xbf, 0xbe, 0xfd, 
    0xfb, 0xf8, 0xf3, 0xeb, 0xdf, 0xcf, 0xbf, 0xbf, 0xff, 0xff, 0x00, 0x06, 0x28, 
    0xe0, 0x80, 0x04, 0x16, 0x68, 0xe0, 0x81, 0x75, 0x51, 0xa4, 0xe0, 0x44, 0xf4, 
    0x2d, 0xe8, 0xa0, 0x51, 0x12, 0x3d, 0x28, 0xe1, 0x48, 0xed, 0x4d, 0x28, 0x61, 
    0x4c, 0x13, 0x0d, 0xa0, 0xe1, 0x86, 0x1c, 0x72, 0x48, 0xd1, 0x7a, 0x0a, 0x76, 
    0x28, 0xe2, 0x86, 0x1f, 0x0e, 0x66, 0x92, 0x86, 0x04, 0xa4, 0xa8, 0xe2, 0x8a, 
    0x2c, 0x92, 0x08, 0xe1, 0x79, 0x19, 0x0e, 0xc0, 0xe2, 0x8c, 0x2d, 0x8a, 0x44, 
    0x61, 0x52, 0x32, 0xa5, 0x58, 0xc0, 0x8e, 0x3c, 0xf6, 0xe8, 0xe3, 0x8e, 0x21, 
    0xd9, 0x88, 0x9e, 0x4c, 0x32, 0x12, 0xf0, 0xe3, 0x91, 0x3c, 0xa6, 0xa8, 0xe1, 
    0x8d, 0x25, 0xf9, 0x94, 0xe2, 0x01, 0x08, 0x44, 0x29, 0xe5, 0x94, 0x54, 0x22, 
    0x70, 0xc0, 0x01, 0x05, 0x84, 0xf4, 0xe2, 0x6d, 0x26, 0x19, 0x59, 0x00, 0x94, 
    0x55, 0x86, 0x69, 0x65, 0x96, 0x5a, 0x26, 0x28, 0xe3, 0x01, 0x11, 0xa4, 0xa9, 
    0xe6, 0x9a, 0x6c, 0xae, 0x89, 0x40, 0x96, 0x5b, 0x72, 0xb9, 0xd9, 0x8e, 0x08, 
    0xb4, 0x69, 0xa7, 0x9b, 0x6f, 0x16, 0x95, 0xa0, 0x91, 0x08, 0x90, 0x10, 0x81, 
    0x9f, 0x77, 0xde, 0xf9, 0x66, 0x7a, 0x4e, 0x16, 0x50, 0x67, 0x9a, 0x80, 0x06, 
    0x8a, 0xa8, 0x9f, 0x83, 0x0e, 0x26, 0x63, 0x9f, 0x24, 0x44, 0x2a, 0xe9, 0xa4, 
    0x94, 0x4e, 0x1a, 0x01, 0x88, 0x8f, 0xfe, 0x59, 0xe9, 0xa6, 0x92, 0xfe, 0x79, 
    0xa9, 0x59, 0x07, 0x70, 0x2a, 0xaa, 0x9f, 0xee, 0x6d, 0x06, 0xe9, 0xa8, 0x9b, 
    0xf6, 0x54, 0x80, 0xa6, 0xa3, 0x7e, 0x2a, 0xdf, 0x4c, 0xac, 0x8a, 0x0e, 0x8a, 
    0x40, 0x57, 0x27, 0x45, 0xfa, 0x9f, 0x8c, 0x7f, 0x3a, 0x17, 0x51, 0x40, 0x00, 
    0x00, 0x21, 0xf9, 0x04, 0x09, 0x07, 0x00, 0x01, 0x00, 0x2c, 0x1c, 0x00, 0x1d, 
    0x00, 0x5d, 0x00, 0x2f, 0x00, 0x00, 0x08, 0xff, 0x00, 0x03, 0x08, 0x1c, 0x48, 
    0xb0, 0xa0, 0xc1, 0x83, 0x08, 0x13, 0x2a, 0x5c, 0x78, 0x50, 0x80, 0xc3, 0x87, 
    0x0f, 0x19, 0x26, 0x84, 0x48, 0xd1, 0xa1, 0xc4, 0x8b, 0x18, 0x1b, 0x3a, 0x1c, 
    0x70, 0x80, 0x87, 0x90, 0x21, 0x20, 0x87, 0x1c, 0x18, 0x20, 0x20, 0x63, 0x80, 
    0x8d, 0x05, 0x6c, 0x7c, 0x0c, 0x09, 0x92, 0x07, 0x01, 0x92, 0x26, 0x63, 0x4e, 
    0x14, 0xc0, 0x31, 0x64, 0x91, 0x21, 0x37, 0x6f, 0x86, 0x24, 0x50, 0x92, 0xe1, 
    0x46, 0x1b, 0x36, 0x71, 0x0a, 0xd5, 0x39, 0xc4, 0xc6, 0x00, 0x99, 0x48, 0x07, 
    0xd2, 0x44, 0x00, 0xb2, 0x48, 0x11, 0x83, 0x4e, 0x89, 0xbe, 0x54, 0x48, 0x33, 
    0x42, 0xd3, 0xa7, 0x07, 0x85, 0x82, 0x9c, 0x9a, 0x34, 0xa3, 0x43, 0x02, 0x4d, 
    0x19, 0x6a, 0xe5, 0x71, 0xb4, 0xe1, 0x80, 0x8f, 0x58, 0x17, 0x82, 0x05, 0x09, 
    0xa4, 0x6c, 0x57, 0x9f, 0x03, 0x48, 0xe0, 0x4c, 0x2b, 0x16, 0xa4, 0x10, 0xb7, 
    0x4a, 0x07, 0x84, 0xc5, 0x18, 0xf2, 0xee, 0x5b, 0x9f, 0x40, 0xe9, 0x5e, 0x14, 
    0xca, 0xa3, 0x20, 0xcd, 0xbd, 0x19, 0xd7, 0x02, 0xf9, 0x4b, 0xb5, 0x00, 0x4e, 
    0xa4, 0x21, 0x11, 0x10, 0x14, 0x80, 0xd8, 0xe4, 0xda, 0x02, 0x8c, 0x1b, 0x82, 
    0x15, 0x6c, 0x19, 0x24, 0xe6, 0x93, 0x4c, 0x39, 0x67, 0x5c, 0x99, 0xd9, 0x20, 
    0xe5, 0xc7, 0x49, 0xf5, 0x82, 0x14, 0x48, 0xd9, 0x69, 0x57, 0xd5, 0x07, 0x4a, 
    0x13, 0xd4, 0x2b, 0xba, 0xf3, 0x90, 0xa3, 0xb4, 0xff, 0xea, 0x5d, 0x2c, 0xfb, 
    0x24, 0x0f, 0xd4, 0xaf, 0x5b, 0x0a, 0x00, 0xb2, 0xfa, 0xad, 0xea, 0xcf, 0xa5, 
    0x5b, 0x67, 0x5e, 0xa9, 0x5c, 0x77, 0xc8, 0xde, 0xaa, 0x33, 0xab, 0x8e, 0xce, 
    0x98, 0xb4, 0x6c, 0xea, 0xce, 0x6f, 0x17, 0xcf, 0x0e, 0x7d, 0x88, 0x6c, 0xe2, 
    0xbd, 0xc3, 0x8b, 0xff, 0x1f, 0x4f, 0xbe, 0xbc, 0xf9, 0xf3, 0xe8, 0xd3, 0xab, 
    0x5f, 0xcf, 0xbe, 0xbd, 0xfb, 0xf7, 0xf0, 0xe3, 0xcb, 0x9f, 0x4f, 0xbf, 0xbe, 
    0xfd, 0xfb, 0xf8, 0xf3, 0xeb, 0xdf, 0xcf, 0xbf, 0xbf, 0xff, 0xff, 0x00, 0x06, 
    0x28, 0xe0, 0x80, 0x04, 0x9e, 0x57, 0xd1, 0x81, 0x11, 0xbd, 0x87, 0x20, 0x82, 
    0x12, 0x2d, 0xe8, 0x60, 0x82, 0xe8, 0x3d, 0xe8, 0x20, 0x55, 0x10, 0x0d, 0x60, 
    0xe1, 0x85, 0x18, 0x62, 0x48, 0x91, 0x81, 0x14, 0x65, 0xe8, 0xe1, 0x85, 0x1b, 
    0x1a, 0xf6, 0xd0, 0x85, 0x04, 0x94, 0x68, 0xe2, 0x89, 0x28, 0x82, 0xd8, 0xd3, 
    0x78, 0x15, 0x0e, 0x80, 0xe2, 0x8b, 0x29, 0x92, 0x64, 0xd1, 0x64, 0x1b, 0x95, 
    0x58, 0xc0, 0x8d, 0x38, 0xe6, 0xa8, 0xe3, 0x8d, 0x2f, 0xc9, 0x48, 0xde, 0x46, 
    0x2e, 0x12, 0xb0, 0xe3, 0x90, 0x38, 0x96, 0x68, 0xe1, 0x8c, 0xac, 0xd1, 0x54, 
    0xe2, 0x01, 0x08, 0x34, 0xe9, 0xe4, 0x93, 0x50, 0x22, 0x70, 0xc0, 0x01, 0x05, 
    0xbc, 0xb4, 0x62, 0x6f, 0x23, 0x0a, 0x59, 0x00, 0x93, 0x51, 0x76, 0x29, 0x65, 
    0x95, 0x56, 0xd2, 0xe8, 0xe2, 0x01, 0x11, 0x94, 0x69, 0xe6, 0x99, 0x68, 0x9e, 
    0x89, 0x40, 0x95, 0x57, 0x62, 0x29, 0x80, 0x96, 0x08, 0xa4, 0x29, 0xa7, 0x9a, 
    0x6b, 0xf2, 0x44, 0xa3, 0x90, 0x08, 0x90, 0x10, 0x81, 0x9e, 0x73, 0xce, 0xb9, 
    0x66, 0x79, 0x4a, 0x16, 0x10, 0x67, 0x99, 0x7c, 0xf6, 0x49, 0xa8, 0x9e, 0x7f, 
    0x1a, 0xe6, 0x62, 0x9e, 0x24, 0x34, 0xea, 0xe8, 0xa3, 0x90, 0x3e, 0x1a, 0x81, 
    0x81, 0x8b, 0xee, 0x19, 0xe9, 0xa5, 0x8e, 0xee, 0x39, 0x29, 0x42, 0x34, 0x1d, 
    0x80, 0xe9, 0xa7, 0x7a, 0xaa, 0xf7, 0x26, 0xa3, 0xa0, 0x5e, 0xda, 0x60, 0x01, 
    0x96, 0x82, 0xba, 0xa9, 0x7b, 0x03, 0xa0, 0x5a, 0x2a, 0x09, 0x92, 0xa5, 0x0b, 
    0xe6, 0x29, 0x09, 0xfb, 0xb9, 0xb8, 0xa7, 0x0d, 0x17, 0x05, 0x04, 0x00, 0x21, 
    0xf9, 0x04, 0x09, 0x07, 0x00, 0x01, 0x00, 0x2c, 0x1c, 0x00, 0x1c, 0x00, 0x5d, 
    0x00, 0x30, 0x00, 0x00, 0x08, 0xff, 0x00, 0x03, 0x08, 0x1c, 0x48, 0xb0, 0xa0, 
    0x80, 0x82, 0x08, 0x13, 0x2a, 0x5c, 0xc8, 0xb0, 0xa1, 0x80, 0x87, 0x10, 0x23, 
    0x36, 0x64, 0x18, 0x51, 0xc0, 0x80, 0x01, 0x15, 0x27, 0x6a, 0xdc, 0xb8, 0xf0, 
    0xe1, 0x80, 0x02, 0x36, 0x84, 0x0c, 0x19, 0x39, 0xf2, 0x00, 0x46, 0x8e, 0x02, 
    0x3d, 0x82, 0x24, 0xc9, 0x72, 0x08, 0x82, 0x93, 0x28, 0x63, 0x52, 0xb4, 0x68, 
    0x83, 0x64, 0x91, 0x21, 0x37, 0x6f, 0x92, 0x24, 0x70, 0x70, 0xa2, 0xc7, 0x9a, 
    0x23, 0x8b, 0x08, 0xc5, 0x39, 0x74, 0xa7, 0xcc, 0xa3, 0x04, 0x7f, 0x06, 0x2d, 
    0x82, 0x90, 0xe8, 0xce, 0x01, 0x14, 0x07, 0x44, 0x58, 0xaa, 0xd0, 0xe9, 0x90, 
    0x02, 0x50, 0x91, 0xc6, 0xb4, 0x38, 0x15, 0xe7, 0xc4, 0xa0, 0x43, 0x48, 0x64, 
    0x45, 0x68, 0x51, 0x24, 0xd3, 0x89, 0x04, 0x48, 0x02, 0x19, 0xab, 0xd5, 0xe7, 
    0x00, 0xb3, 0x67, 0x35, 0xaa, 0x65, 0x9b, 0x72, 0x40, 0x50, 0x94, 0x24, 0x85, 
    0xd0, 0x6d, 0xab, 0x50, 0x80, 0x59, 0x99, 0x69, 0x87, 0x00, 0x31, 0x68, 0xd7, 
    0x6b, 0xcc, 0xc0, 0x83, 0xf9, 0x52, 0x3c, 0x60, 0x58, 0x26, 0x49, 0x04, 0x49, 
    0xef, 0x1e, 0x0d, 0x5c, 0x40, 0x71, 0xdf, 0xb4, 0x71, 0x8f, 0x92, 0x3c, 0x90, 
    0x12, 0x41, 0xe3, 0xa3, 0x22, 0x87, 0x58, 0x4e, 0x28, 0x40, 0x32, 0x52, 0xbb, 
    0x45, 0x12, 0x97, 0xce, 0x7c, 0xb4, 0x30, 0xe7, 0xd1, 0x04, 0x51, 0x2b, 0x4e, 
    0xab, 0x37, 0x40, 0x61, 0xc5, 0xa1, 0x61, 0x0f, 0x14, 0xc0, 0xe3, 0xf3, 0xe9, 
    0x91, 0x3c, 0x04, 0x00, 0x19, 0xa9, 0xd8, 0xb5, 0xee, 0x00, 0xab, 0x47, 0x0f, 
    0x1f, 0x92, 0xbc, 0x38, 0xc9, 0xe3, 0xb7, 0x2d, 0x17, 0x8e, 0xae, 0xf8, 0xb9, 
    0x6e, 0xea, 0x7c, 0xa7, 0x13, 0x97, 0xbe, 0x1d, 0xb6, 0xdd, 0xeb, 0xa2, 0x8f, 
    0x8b, 0xff, 0x1f, 0x4f, 0xbe, 0xbc, 0xf9, 0xf3, 0xe8, 0xd3, 0xab, 0x5f, 0xcf, 
    0xbe, 0xbd, 0xfb, 0xf7, 0xf0, 0xe3, 0xcb, 0x9f, 0x4f, 0xbf, 0xbe, 0xfd, 0xfb, 
    0xf8, 0xf3, 0xeb, 0xdf, 0xcf, 0xbf, 0xbf, 0xff, 0xff, 0x00, 0x06, 0x28, 0xe0, 
    0x80, 0x04, 0x16, 0x68, 0xa0, 0x80, 0x15, 0x25, 0x98, 0x11, 0x7c, 0x0a, 0x36, 
    0xd8, 0x93, 0x43, 0x0e, 0x46, 0xf8, 0xd0, 0x7a, 0x12, 0x46, 0x38, 0x13, 0x44, 
    0x17, 0x65, 0xa8, 0xe1, 0x86, 0x0b, 0x9a, 0x97, 0xe0, 0x86, 0x20, 0x66, 0xd8, 
    0xe1, 0x6e, 0x18, 0x5e, 0x44, 0xc0, 0x89, 0x28, 0xa6, 0xa8, 0xa2, 0x88, 0x0f, 
    0x8e, 0x17, 0x91, 0x89, 0x2a, 0xc6, 0x98, 0xe2, 0x45, 0x10, 0x19, 0xe4, 0xd1, 
    0x89, 0x05, 0xe4, 0xa8, 0xe3, 0x8e, 0x3c, 0xe6, 0x48, 0x00, 0x8d, 0x2d, 0x1e, 
    0xe7, 0xd1, 0x00, 0x38, 0xf6, 0x68, 0xa4, 0x8f, 0x3f, 0x62, 0xd4, 0xe2, 0x8d, 
    0x04, 0x1c, 0x80, 0xc0, 0x93, 0x50, 0x46, 0x29, 0x25, 0x02, 0x07, 0x1c, 0x50, 
    0xc0, 0x8f, 0x41, 0xc2, 0x86, 0x21, 0x01, 0x39, 0x3a, 0x39, 0xe5, 0x97, 0x54, 
    0x5e, 0x89, 0x65, 0x52, 0x16, 0x35, 0x19, 0xc1, 0x99, 0x68, 0xa6, 0xa9, 0x66, 
    0x9a, 0x08, 0x5c, 0x99, 0xa5, 0x96, 0x02, 0x70, 0x59, 0x00, 0x02, 0x6b, 0xd6, 
    0xc9, 0x66, 0x9b, 0x3c, 0x91, 0xc9, 0x25, 0x02, 0x24, 0x44, 0xd0, 0xa7, 0x9d, 
    0x76, 0xb6, 0xe9, 0x21, 0x91, 0x73, 0xa2, 0xf9, 0x27, 0xa0, 0x67, 0x92, 0xd0, 
    0xa7, 0xa0, 0x84, 0x11, 0xc0, 0xa7, 0xa2, 0x90, 0x46, 0x2a, 0xa9, 0xa4, 0x11, 
    0xa0, 0x57, 0x26, 0x9d, 0x93, 0x66, 0x1a, 0xa9, 0x9f, 0x95, 0xf6, 0x35, 0xc0, 
    0x01, 0x9a, 0x86, 0xda, 0x27, 0x85, 0x8e, 0x8a, 0x1a, 0xaa, 0x46, 0x02, 0x14, 
    0xe0, 0xa7, 0xa9, 0x9d, 0xbe, 0xf7, 0xd1, 0xaa, 0xa2, 0x42, 0x0c, 0xa6, 0xd5, 
    0xa7, 0x8a, 0xf2, 0x47, 0xa4, 0x9f, 0x36, 0x6c, 0x14, 0x10, 0x00, 0x21, 0xf9, 
    0x04, 0x09, 0x06, 0x00, 0x01, 0x00, 0x2c, 0x1c, 0x00, 0x1b, 0x00, 0x5d, 0x00, 
    0x31, 0x00, 0x00, 0x08, 0xff, 0x00, 0x03, 0x08, 0x1c, 0x48, 0xb0, 0xa0, 0xc1, 
    0x83, 0x08, 0x13, 0x2a, 0x5c, 0x78, 0x50, 0x80, 0xc3, 0x87, 0x0e, 0x19, 0x2a, 
    0x84, 0x48, 0x31, 0xa2, 0xc4, 0x8b, 0x18, 0x0d, 0x3e, 0x1c, 0x70, 0x80, 0x87, 
    0x90, 0x21, 0x20, 0x79, 0x0c, 0xb0, 0x88, 0xd1, 0xe1, 0x80, 0x02, 0x36, 0x3e, 
    0x82, 0x5c, 0x29, 0x92, 0x64, 0xc6, 0x97, 0x08, 0x4d, 0x1e, 0x58, 0x59, 0x64, 
    0x48, 0xcd, 0x9a, 0x20, 0x6d, 0x8c, 0x94, 0x68, 0xd2, 0x06, 0x4d, 0x9b, 0x40, 
    0x71, 0x0e, 0xd1, 0x09, 0xb3, 0x68, 0x41, 0x01, 0x03, 0x10, 0x80, 0x2c, 0xc2, 
    0xb4, 0x88, 0xc0, 0xa6, 0x4c, 0x41, 0x92, 0x18, 0xb0, 0x10, 0x69, 0x84, 0xa5, 
    0x4e, 0x0f, 0x02, 0x05, 0x49, 0x80, 0xaa, 0x51, 0x98, 0x48, 0x3f, 0x32, 0x55, 
    0x38, 0x60, 0x6b, 0xd7, 0x98, 0x03, 0xc4, 0x66, 0x55, 0xb8, 0x55, 0xe4, 0xd7, 
    0x8c, 0x48, 0x97, 0x5e, 0x2c, 0x1b, 0xd2, 0x2b, 0xc1, 0xb8, 0x36, 0x33, 0xae, 
    0x14, 0xf2, 0xf6, 0x22, 0x5e, 0x98, 0x7b, 0x8f, 0xd2, 0x5d, 0x8b, 0x91, 0x00, 
    0xc8, 0x03, 0x7d, 0xab, 0x96, 0x25, 0xac, 0xb7, 0x26, 0xe2, 0x81, 0x02, 0x80, 
    0xe4, 0x2d, 0xba, 0xb2, 0x40, 0xe2, 0x84, 0x02, 0x40, 0xbe, 0x5d, 0xe9, 0x55, 
    0x40, 0x81, 0xc9, 0x46, 0x57, 0x5e, 0x6e, 0x78, 0x95, 0xf1, 0x4b, 0xba, 0x40, 
    0x04, 0x66, 0x1e, 0xfb, 0x95, 0xee, 0xe3, 0xd1, 0x03, 0x17, 0x27, 0x36, 0x2c, 
    0x84, 0xaa, 0xec, 0xbe, 0x2a, 0x61, 0x43, 0x2e, 0x9d, 0x98, 0x2e, 0x8f, 0xc8, 
    0xa0, 0x5b, 0x6b, 0xd6, 0x1d, 0x60, 0xf5, 0x68, 0x95, 0xc6, 0x7b, 0x87, 0x24, 
    0x4e, 0x77, 0x34, 0xdd, 0xe6, 0x97, 0x45, 0xeb, 0x86, 0xae, 0xbc, 0xf6, 0x70, 
    0xe5, 0x43, 0x98, 0x5f, 0x4f, 0xec, 0x93, 0xb8, 0xf7, 0xef, 0xe0, 0xc3, 0x8b, 
    0xff, 0x1f, 0x4f, 0xbe, 0xbc, 0xf9, 0xf3, 0xe8, 0xd3, 0xab, 0x5f, 0xcf, 0xbe, 
    0xbd, 0xfb, 0xf7, 0xf0, 0xe3, 0xcb, 0x9f, 0x4f, 0xbf, 0xbe, 0xfd, 0xfb, 0xf8, 
    0xf3, 0xeb, 0xdf, 0xcf, 0xbf, 0xbf, 0xff, 0xff, 0x00, 0x06, 0x28, 0xe0, 0x80, 
    0x04, 0x7e, 0x55, 0xd1, 0x81, 0x0f, 0xb5, 0x87, 0x20, 0x82, 0x3c, 0x2d, 0xe8, 
    0xa0, 0x4b, 0xe3, 0x3d, 0xe8, 0xe0, 0x44, 0x10, 0x0d, 0x60, 0xe1, 0x85, 0x18, 
    0x62, 0x48, 0x11, 0x79, 0x15, 0x65, 0xe8, 0xe1, 0x85, 0x1b, 0x1e, 0xb5, 0x91, 
    0x85, 0x04, 0x94, 0x68, 0xe2, 0x89, 0x28, 0x82, 0x28, 0x80, 0x78, 0x15, 0x0e, 
    0x80, 0xe2, 0x8b, 0x29, 0x8e, 0x04, 0xe1, 0x46, 0x25, 0x16, 0x60, 0xe3, 0x8d, 
    0x38, 0xe6, 0x68, 0x63, 0x57, 0x32, 0x86, 0x67, 0x92, 0x8b, 0x04, 0xe8, 0x28, 
    0xe4, 0x8d, 0x25, 0x5a, 0xe8, 0x92, 0x49, 0x25, 0x1e, 0x80, 0xc0, 0x92, 0x4c, 
    0x36, 0xe9, 0x24, 0x02, 0x07, 0x1c, 0x50, 0x40, 0x57, 0x2b, 0x7e, 0x47, 0xa3, 
    0x8d, 0x4a, 0x3e, 0xa9, 0x25, 0x94, 0x53, 0x52, 0x79, 0x17, 0x52, 0x04, 0x1c, 
    0x10, 0xc1, 0x98, 0x64, 0x96, 0x69, 0x66, 0x99, 0x08, 0x4c, 0x59, 0xa5, 0x95, 
    0x02, 0x04, 0x59, 0x00, 0x02, 0x67, 0xc6, 0x89, 0x66, 0x9a, 0x04, 0xac, 0x59, 
    0x5c, 0x9b, 0x6f, 0x92, 0x10, 0x81, 0x9e, 0x72, 0xca, 0x99, 0x26, 0x8b, 0x2e, 
    0xbe, 0x49, 0x26, 0x9f, 0x7d, 0x8e, 0x49, 0x82, 0x9e, 0x7f, 0x0a, 0x46, 0x00, 
    0x02, 0x87, 0x36, 0xea, 0xe8, 0xa3, 0x90, 0x46, 0xc0, 0xa1, 0x8b, 0x70, 0x42, 
    0x6a, 0xa9, 0xa3, 0x7b, 0x4a, 0x8a, 0xd6, 0x01, 0x97, 0x76, 0xaa, 0xe7, 0x79, 
    0x6d, 0x32, 0xea, 0xe9, 0xa5, 0x3c, 0x15, 0xb0, 0xe7, 0xa8, 0x9a, 0xae, 0x77, 
    0xd2, 0xa9, 0x9e, 0x22, 0xf0, 0x16, 0x47, 0x87, 0xe2, 0x07, 0xe7, 0xe2, 0x9e, 
    0x36, 0x5c, 0x14, 0x10, 0x00, 0x21, 0xf9, 0x04, 0x09, 0x07, 0x00, 0x01, 0x00, 
    0x2c, 0x1c, 0x00, 0x1a, 0x00, 0x5d, 0x00, 0x32, 0x00, 0x00, 0x08, 0xff, 0x00, 
    0x03, 0x08, 0x1c, 0x48, 0xb0, 0xa0, 0xc1, 0x83, 0x08, 0x13, 0x2a, 0x5c, 0x98, 
    0x50, 0x80, 0x43, 0x01, 0x0c, 0x23, 0x06, 0x78, 0x48, 0x11, 0xa2, 0xc4, 0x8b, 
    0x18, 0x0b, 0x52, 0x24, 0x70, 0x80, 0x47, 0x84, 0x01, 0x0f, 0x33, 0x0a, 0x7c, 
    0x38, 0xa0, 0xa3, 0x90, 0x21, 0x28, 0x79, 0x80, 0xb4, 0x28, 0xb2, 0xe5, 0x41, 
    0x87, 0x03, 0x0a, 0x00, 0x41, 0x49, 0xb3, 0x26, 0x01, 0x96, 0x0c, 0x61, 0x1e, 
    0xa0, 0x59, 0x64, 0x48, 0xcf, 0x9e, 0x28, 0x6d, 0x80, 0x74, 0x49, 0x74, 0xa2, 
    0x80, 0x01, 0x36, 0x50, 0x16, 0x59, 0xca, 0x94, 0x29, 0x4d, 0x02, 0x03, 0x72, 
    0x0e, 0x40, 0xa0, 0x74, 0x29, 0xc1, 0xa6, 0x28, 0x49, 0x44, 0x2d, 0x9a, 0xf1, 
    0x68, 0x84, 0xaa, 0x08, 0x09, 0xf8, 0x4c, 0xb9, 0xf5, 0xa5, 0x00, 0xb1, 0x3e, 
    0x17, 0x0e, 0x18, 0x3b, 0x84, 0x00, 0xd7, 0x8b, 0x47, 0x4f, 0x16, 0x91, 0x68, 
    0xf3, 0xe5, 0x00, 0x12, 0x3e, 0xe7, 0x46, 0x54, 0xda, 0xf6, 0xad, 0x54, 0xa5, 
    0x18, 0xd1, 0x0e, 0x39, 0x60, 0x50, 0x40, 0x52, 0xbd, 0x17, 0x05, 0x17, 0xf0, 
    0xdb, 0x70, 0x6d, 0xda, 0x8c, 0x62, 0x8b, 0x00, 0x29, 0x3b, 0xb1, 0xc0, 0x63, 
    0xc8, 0x3e, 0x55, 0x32, 0x7e, 0x09, 0xb8, 0x25, 0x5a, 0x20, 0x03, 0xcf, 0x5e, 
    0x16, 0x89, 0x96, 0xc7, 0x66, 0x8d, 0x54, 0x11, 0x7b, 0x46, 0xb9, 0x78, 0x62, 
    0x67, 0x97, 0x6b, 0x85, 0x50, 0xde, 0xbc, 0x56, 0xb5, 0xcb, 0x93, 0x42, 0x04, 
    0xd6, 0xe6, 0xea, 0xd8, 0xf4, 0xe9, 0x89, 0x5f, 0x6d, 0xb7, 0x74, 0x7c, 0x40, 
    0x00, 0x8f, 0xd1, 0xb0, 0x87, 0xe4, 0xfe, 0x2d, 0x60, 0xac, 0xdf, 0x93, 0x43, 
    0x9a, 0xf7, 0x7c, 0xeb, 0xb8, 0x35, 0x6d, 0x94, 0x8c, 0xbf, 0x0e, 0xd9, 0x4d, 
    0x9d, 0xe6, 0x6f, 0xc7, 0x8c, 0x1d, 0x83, 0xff, 0x7f, 0x8e, 0xfd, 0xf4, 0xf8, 
    0xee, 0x43, 0x02, 0xd8, 0xb8, 0xfe, 0xbb, 0xbd, 0xfb, 0xf7, 0xf0, 0xe3, 0xcb, 
    0x9f, 0x4f, 0xbf, 0xbe, 0xfd, 0xfb, 0xf8, 0xf3, 0xeb, 0xdf, 0xcf, 0xbf, 0xbf, 
    0xff, 0xff, 0x00, 0x06, 0x28, 0xe0, 0x80, 0x04, 0x16, 0x68, 0xe0, 0x81, 0x08, 
    0x26, 0xa8, 0xe0, 0x82, 0x0c, 0x36, 0xe8, 0xe0, 0x83, 0x10, 0x46, 0x28, 0xe1, 
    0x84, 0x14, 0x4a, 0x54, 0xd1, 0x85, 0x15, 0xf1, 0x87, 0xe1, 0x86, 0x38, 0x35, 
    0xc4, 0xe1, 0x87, 0x0e, 0xd9, 0x07, 0xe2, 0x87, 0x0a, 0x55, 0x34, 0xc0, 0x89, 
    0x28, 0xa6, 0x98, 0x62, 0x86, 0xf2, 0x5d, 0xa8, 0xe2, 0x8b, 0x28, 0xb2, 0x48, 
    0x10, 0x45, 0x28, 0x12, 0x60, 0xe3, 0x8d, 0x38, 0xe6, 0x18, 0x63, 0x87, 0xcc, 
    0x91, 0x34, 0x40, 0x8e, 0x40, 0xea, 0xb8, 0x52, 0x87, 0x24, 0xd9, 0x58, 0xc0, 
    0x91, 0x48, 0x26, 0xa9, 0xe4, 0x91, 0x50, 0xad, 0x04, 0x1f, 0x4c, 0x3f, 0x12, 
    0xb0, 0xe4, 0x94, 0x48, 0xda, 0x78, 0x62, 0x88, 0xa1, 0x1d, 0x65, 0xe3, 0x01, 
    0x08, 0x74, 0xe9, 0xe5, 0x97, 0x60, 0x22, 0x70, 0xc0, 0x01, 0x05, 0x40, 0xc5, 
    0x23, 0x63, 0x45, 0x1e, 0xc9, 0x65, 0x98, 0x6c, 0x8a, 0x59, 0xa6, 0x99, 0x33, 
    0x6a, 0x79, 0x40, 0x04, 0x74, 0xd6, 0x69, 0xe7, 0x9d, 0x76, 0x22, 0x50, 0xe6, 
    0x99, 0x68, 0x9e, 0x75, 0x24, 0x02, 0x78, 0x06, 0x9a, 0xa7, 0x9e, 0x37, 0xc5, 
    0x29, 0x25, 0x02, 0x24, 0x44, 0x90, 0xa8, 0xa0, 0x82, 0xea, 0x19, 0x9f, 0x96, 
    0x05, 0x00, 0x4a, 0xe7, 0xa2, 0x8c, 0x4e, 0x9a, 0xa8, 0xa3, 0x1a, 0xfd, 0x88, 
    0x28, 0x09, 0x9c, 0x76, 0xea, 0xe9, 0xa7, 0x9e, 0x46, 0x30, 0x9f, 0x96, 0x80, 
    0x82, 0x6a, 0x6a, 0xa8, 0x89, 0x36, 0x76, 0xc0, 0xa9, 0xac, 0xa6, 0x5a, 0xdf, 
    0x59, 0x9b, 0xb6, 0x1b, 0x6a, 0x6a, 0x44, 0x02, 0x14, 0xa0, 0xa8, 0xac, 0xa2, 
    0xee, 0x17, 0xd3, 0xad, 0xad, 0x22, 0x50, 0x54, 0x49, 0x9c, 0x1e, 0xf8, 0xa3, 
    0xa2, 0xeb, 0x45, 0x14, 0x10, 0x00, 0x21, 0xf9, 0x04, 0x09, 0x07, 0x00, 0x01, 
    0x00, 0x2c, 0x1c, 0x00, 0x1a, 0x00, 0x5d, 0x00, 0x32, 0x00, 0x00, 0x08, 0xff, 
    0x00, 0x03, 0x08, 0x1c, 0x48, 0xb0, 0xa0, 0xc1, 0x83, 0x08, 0x13, 0x2a, 0x5c, 
    0x78, 0x50, 0x80, 0xc3, 0x87, 0x0e, 0x19, 0x2a, 0x84, 0x48, 0x31, 0xa2, 0xc4, 
    0x8b, 0x18, 0x0d, 0x3e, 0x1c, 0x70, 0x80, 0x87, 0x90, 0x21, 0x20, 0x79, 0x0c, 
    0xb0, 0x88, 0xd1, 0xe1, 0x80, 0x02, 0x36, 0x3e, 0x82, 0x5c, 0xc9, 0x83, 0xc0, 
    0xc8, 0x8c, 0x30, 0x17, 0x9a, 0x3c, 0xb0, 0xb2, 0xc8, 0x10, 0x9b, 0x36, 0x57, 
    0x12, 0x10, 0x20, 0xd1, 0xa4, 0x8d, 0x9a, 0x37, 0x83, 0xe6, 0x1c, 0x62, 0x63, 
    0x40, 0xcc, 0xa3, 0x05, 0x05, 0x0c, 0x40, 0x00, 0xb2, 0x88, 0xd3, 0x82, 0x4e, 
    0x87, 0xba, 0x9c, 0x38, 0x20, 0x42, 0xd3, 0x22, 0x08, 0x83, 0x82, 0x9c, 0x8a, 
    0x14, 0xa6, 0x43, 0x02, 0x4d, 0x19, 0x6a, 0x15, 0x89, 0x50, 0xe9, 0x47, 0xac, 
    0x0c, 0xc1, 0x82, 0x04, 0x62, 0xb4, 0xeb, 0x45, 0xa5, 0x24, 0x6e, 0xa2, 0x95, 
    0xb8, 0x52, 0x48, 0x5b, 0x82, 0x4a, 0xc3, 0x62, 0xac, 0x7b, 0xd7, 0xed, 0xc4, 
    0x9f, 0x73, 0xf7, 0xda, 0xe4, 0x91, 0x74, 0x80, 0xde, 0x8c, 0x6a, 0x81, 0xf8, 
    0x95, 0x59, 0xe0, 0x26, 0xd2, 0x95, 0x08, 0xf0, 0x02, 0x71, 0x7c, 0x54, 0x6d, 
    0x81, 0xc5, 0x65, 0xc1, 0x06, 0x8e, 0x69, 0x59, 0xa0, 0x80, 0xc6, 0x9b, 0x61, 
    0xaa, 0xc4, 0xdc, 0xf0, 0xf0, 0x51, 0xc3, 0x20, 0x3d, 0xcb, 0x75, 0x8b, 0xfa, 
    0x00, 0xe9, 0x82, 0x86, 0x43, 0x73, 0x06, 0x69, 0x34, 0xf6, 0x62, 0xc3, 0x8a, 
    0x5f, 0x7b, 0xe6, 0x41, 0x99, 0x75, 0x48, 0x01, 0x93, 0x87, 0xdc, 0x06, 0x79, 
    0x59, 0xb7, 0x80, 0xde, 0x7e, 0x55, 0x1e, 0x97, 0x1d, 0x13, 0xb5, 0x70, 0xdd, 
    0xa8, 0x49, 0xa3, 0x8e, 0x8e, 0x79, 0x34, 0xf4, 0xd4, 0x98, 0xa7, 0x63, 0x1f, 
    0xfe, 0xfc, 0xb5, 0x61, 0xdd, 0x93, 0x75, 0x8b, 0xff, 0x1f, 0x4f, 0xbe, 0xbc, 
    0xf9, 0xf3, 0xe8, 0xd3, 0xab, 0x5f, 0xcf, 0xbe, 0xbd, 0xfb, 0xf7, 0xf0, 0xe3, 
    0xcb, 0x9f, 0x4f, 0xbf, 0xbe, 0xfd, 0xfb, 0xf8, 0xf3, 0xeb, 0xdf, 0xcf, 0xbf, 
    0xbf, 0xff, 0xff, 0x00, 0x06, 0x28, 0xe0, 0x80, 0x04, 0x16, 0x68, 0xe0, 0x81, 
    0x08, 0x26, 0xa8, 0xa0, 0x57, 0x15, 0x35, 0x48, 0xd2, 0x7b, 0x0e, 0x3a, 0xd8, 
    0x53, 0x84, 0x14, 0x3e, 0x88, 0x5e, 0x85, 0x14, 0x4e, 0x04, 0xd1, 0x00, 0x1c, 
    0x76, 0xe8, 0xa1, 0x87, 0x14, 0xa5, 0x57, 0xd1, 0x87, 0x24, 0x76, 0x18, 0x62, 
    0x52, 0x1b, 0x71, 0x48, 0xc0, 0x8a, 0x2c, 0xb6, 0xe8, 0xa2, 0x89, 0x3c, 0x99, 
    0xb7, 0xe1, 0x00, 0x2e, 0xd6, 0xf8, 0xe2, 0x48, 0x16, 0x6e, 0xb4, 0x62, 0x01, 
    0x3c, 0xf6, 0xe8, 0xe3, 0x8f, 0x3c, 0xba, 0x84, 0xa3, 0x8c, 0x4a, 0xd1, 0x48, 
    0x00, 0x90, 0x48, 0xf6, 0xb8, 0x22, 0x87, 0x0f, 0x9a, 0xb4, 0xe2, 0x01, 0x08, 
    0x44, 0x29, 0xe5, 0x94, 0x54, 0x22, 0x70, 0xc0, 0x01, 0x05, 0xb8, 0x14, 0xe3, 
    0x78, 0x3a, 0xf2, 0x08, 0x65, 0x95, 0x60, 0x5a, 0x99, 0xa5, 0x96, 0x78, 0x29, 
    0x45, 0xc0, 0x01, 0x11, 0xa4, 0xa9, 0xe6, 0x9a, 0x6c, 0xae, 0x89, 0x40, 0x96, 
    0x5b, 0x72, 0x29, 0xc0, 0x91, 0x05, 0x20, 0xd0, 0xe6, 0x9d, 0x6e, 0xbe, 0xb9, 
    0x53, 0x99, 0x47, 0x22, 0x40, 0x42, 0x04, 0x7f, 0xe2, 0x89, 0xe7, 0x9b, 0xe7, 
    0x99, 0x59, 0xa7, 0x9a, 0x81, 0x0a, 0x9a, 0x26, 0x09, 0x7f, 0x12, 0x5a, 0x18, 
    0x01, 0x7e, 0x32, 0x2a, 0xe9, 0xa4, 0x94, 0x52, 0x1a, 0x81, 0x88, 0x34, 0xda, 
    0x59, 0xe9, 0xa6, 0x93, 0x02, 0x7a, 0x69, 0x59, 0x1c, 0x71, 0x2a, 0xea, 0x9f, 
    0xec, 0xcd, 0x19, 0xe9, 0xa8, 0x9b, 0xf6, 0x54, 0x00, 0xa0, 0xa8, 0x7e, 0x0a, 
    0xdf, 0x49, 0xac, 0x8e, 0x0e, 0x1a, 0x59, 0x57, 0xa1, 0x92, 0xd0, 0x1f, 0x8d, 
    0x80, 0xda, 0x70, 0x51, 0x40, 0x00, 0x00, 0x21, 0xf9, 0x04, 0x09, 0x06, 0x00, 
    0x01, 0x00, 0x2c, 0x1c, 0x00, 0x1a, 0x00, 0x5d, 0x00, 0x32, 0x00, 0x00, 0x08, 
    0xff, 0x00, 0x03, 0x08, 0x1c, 0x48, 0x50, 0xa0, 0x80, 0x83, 0x08, 0x05, 0x14, 
    0x5c, 0xc8, 0xb0, 0xa1, 0xc3, 0x87, 0x0c, 0x13, 0x4a, 0x44, 0x08, 0xb1, 0x21, 
    0xc2, 0x01, 0x07, 0x78, 0x08, 0x19, 0x32, 0x84, 0xc7, 0x80, 0x83, 0x15, 0x43, 
    0x8a, 0xb4, 0x28, 0x60, 0x40, 0x01, 0x1b, 0x1b, 0x39, 0xaa, 0x1c, 0x72, 0xe0, 
    0xe3, 0xc8, 0x83, 0x18, 0x55, 0x16, 0x19, 0x32, 0x73, 0x25, 0x01, 0x85, 0x23, 
    0x73, 0x42, 0x84, 0x69, 0x43, 0x26, 0xcd, 0x9f, 0x35, 0x39, 0xde, 0xac, 0x58, 
    0x12, 0x01, 0xc7, 0x22, 0x48, 0x93, 0x2a, 0x55, 0x49, 0x60, 0x80, 0xce, 0xa7, 
    0x05, 0x4b, 0x46, 0x38, 0x5a, 0xa4, 0x21, 0xcd, 0x9a, 0x40, 0x9c, 0x3a, 0x2c, 
    0xb9, 0x11, 0xe9, 0xc3, 0x9f, 0x1d, 0xb5, 0x42, 0xd5, 0xc9, 0xf5, 0x6a, 0x45, 
    0x02, 0x3f, 0xb3, 0x5a, 0x1c, 0x70, 0x54, 0xa4, 0xcd, 0xb1, 0x39, 0x4b, 0xb6, 
    0x1d, 0x89, 0x76, 0x88, 0xda, 0xa8, 0x6c, 0x87, 0xe8, 0xac, 0x3b, 0x44, 0x2c, 
    0xdc, 0x87, 0x72, 0x69, 0x3e, 0xad, 0x7b, 0xd7, 0x20, 0xdb, 0xaa, 0x83, 0x39, 
    0x0a, 0xf1, 0xfb, 0x37, 0xe2, 0xdc, 0xc4, 0x76, 0x09, 0x0a, 0x78, 0xbc, 0x97, 
    0x23, 0x90, 0xc6, 0x5b, 0x8d, 0x22, 0x1e, 0x5b, 0xb7, 0x80, 0xc1, 0xa9, 0x9b, 
    0xa1, 0xaa, 0x64, 0x8c, 0xd9, 0xe0, 0xcf, 0xc6, 0x1b, 0x85, 0x08, 0x3c, 0xdc, 
    0x38, 0xaf, 0xea, 0xd2, 0x92, 0x35, 0x63, 0xce, 0x7b, 0x40, 0x00, 0x68, 0xcc, 
    0x75, 0x61, 0x4b, 0x3e, 0x8d, 0x39, 0xe5, 0xe4, 0x99, 0xb3, 0x39, 0x7a, 0xd6, 
    0x1d, 0x20, 0x2f, 0xec, 0xa9, 0x7d, 0x39, 0x96, 0xce, 0xab, 0x97, 0xb8, 0xf1, 
    0xe5, 0x1c, 0x9f, 0x63, 0x56, 0x49, 0xbc, 0xb8, 0x60, 0xe8, 0xc9, 0x9b, 0x07, 
    0xaf, 0x2e, 0xf0, 0xb2, 0x6e, 0xd2, 0xdc, 0xc3, 0x8b, 0xff, 0x1f, 0x4f, 0xbe, 
    0xbc, 0xf9, 0xf3, 0xe8, 0xd3, 0xab, 0x5f, 0xcf, 0xbe, 0xbd, 0xfb, 0xf7, 0xf0, 
    0xe3, 0xcb, 0x9f, 0x4f, 0xbf, 0xbe, 0xfd, 0xfb, 0xf8, 0xf3, 0xeb, 0xdf, 0xcf, 
    0xbf, 0xbf, 0xff, 0xff, 0x00, 0x06, 0x28, 0xe0, 0x80, 0x04, 0x16, 0x68, 0xe0, 
    0x81, 0x07, 0x4e, 0xa4, 0x20, 0x45, 0xee, 0x2d, 0xb8, 0x60, 0x48, 0x0e, 0x46, 
    0xc8, 0xe0, 0x79, 0x12, 0x46, 0x08, 0x58, 0x42, 0x03, 0x64, 0xa8, 0xe1, 0x86, 
    0x1b, 0x4a, 0x64, 0xde, 0x44, 0x1c, 0x86, 0xa8, 0xa1, 0x87, 0x51, 0x5d, 0x94, 
    0x21, 0x01, 0x28, 0xa6, 0xa8, 0xe2, 0x8a, 0x23, 0xe2, 0x24, 0x1e, 0x86, 0x03, 
    0xac, 0x28, 0x23, 0x8b, 0x1f, 0x81, 0x24, 0x19, 0x4c, 0x28, 0x16, 0xa0, 0xe3, 
    0x8e, 0x3c, 0xf6, 0xa8, 0x63, 0x53, 0x35, 0x8e, 0x07, 0x53, 0x8c, 0x04, 0xf8, 
    0x68, 0xe4, 0x8e, 0x28, 0x66, 0x68, 0xa3, 0x41, 0x25, 0xa1, 0x78, 0x00, 0x02, 
    0x50, 0x46, 0x29, 0xe5, 0x94, 0x08, 0x1c, 0x70, 0x40, 0x01, 0x4d, 0xb9, 0x58, 
    0xdd, 0x45, 0x45, 0x16, 0xf0, 0x24, 0x95, 0x60, 0x56, 0x89, 0x65, 0x96, 0x37, 
    0xc6, 0x78, 0x40, 0x04, 0x68, 0xa6, 0xa9, 0xe6, 0x9a, 0x6a, 0x22, 0x80, 0xa5, 
    0x96, 0x5b, 0x0a, 0xd0, 0x25, 0x02, 0x6c, 0xd6, 0xd9, 0xa6, 0x9b, 0x43, 0x0d, 
    0x74, 0x50, 0x91, 0x08, 0x90, 0x10, 0x81, 0x9f, 0x76, 0xda, 0xe9, 0x26, 0x79, 
    0x4d, 0x16, 0x40, 0x27, 0x9a, 0x80, 0x06, 0x8a, 0xa8, 0x9f, 0x83, 0xe2, 0x45, 
    0x40, 0x9f, 0x24, 0x44, 0x2a, 0xe9, 0xa4, 0x94, 0x4e, 0x1a, 0xc1, 0x87, 0x31, 
    0xd2, 0x59, 0xe9, 0xa6, 0x96, 0xfa, 0xb9, 0x15, 0x46, 0x9c, 0x86, 0xea, 0x29, 
    0x7a, 0x72, 0x42, 0x2a, 0xea, 0xa6, 0x10, 0x16, 0xf0, 0xe7, 0xa9, 0x97, 0xba, 
    0x67, 0xd2, 0xaa, 0xa2, 0x22, 0x0c, 0xf0, 0x17, 0xa8, 0x24, 0xe8, 0x17, 0xe3, 
    0x9f, 0x36, 0x88, 0x14, 0x10, 0x00, 0x21, 0xf9, 0x04, 0x09, 0x07, 0x00, 0x01, 
    0x00, 0x2c, 0x1c, 0x00, 0x19, 0x00, 0x5d, 0x00, 0x33, 0x00, 0x00, 0x08, 0xff, 
    0x00, 0x03, 0x08, 0x1c, 0x48, 0xb0, 0xa0, 0xc1, 0x83, 0x08, 0x13, 0x2a, 0x5c, 
    0x98, 0x50, 0x80, 0x43, 0x01, 0x0c, 0x23, 0x3e, 0x9c, 0xe8, 0x30, 0xa2, 0xc5, 
    0x8b, 0x0d, 0x1f, 0x12, 0x38, 0xc0, 0x23, 0xc2, 0x80, 0x87, 0x18, 0x07, 0x3a, 
    0x1c, 0x50, 0xc0, 0x86, 0x90, 0x21, 0x28, 0x87, 0xf0, 0xf8, 0x08, 0x31, 0xa4, 
    0x4b, 0x85, 0x23, 0x0b, 0x00, 0x49, 0x49, 0x13, 0x25, 0x81, 0x96, 0x12, 0x05, 
    0x0c, 0xb0, 0x91, 0xb2, 0xc8, 0x10, 0x9f, 0x3e, 0x53, 0xde, 0x7c, 0x49, 0x54, 
    0xa4, 0x4e, 0x9e, 0x3f, 0x8b, 0x28, 0x5d, 0xaa, 0x54, 0xe8, 0x80, 0x85, 0x23, 
    0x91, 0x2a, 0x2d, 0xc8, 0x14, 0x25, 0x90, 0xa7, 0x45, 0x5d, 0xea, 0x8c, 0x80, 
    0xb2, 0x88, 0xc2, 0x9f, 0x28, 0x57, 0x36, 0x1c, 0xc0, 0xf5, 0xe7, 0x42, 0x02, 
    0x60, 0x87, 0x10, 0xc8, 0x8a, 0x51, 0xe7, 0x49, 0xaf, 0x11, 0x69, 0xae, 0x35, 
    0xe8, 0xd6, 0xac, 0x45, 0xb4, 0x28, 0x0b, 0xb0, 0x95, 0x38, 0xa0, 0x2b, 0x46, 
    0xbc, 0x43, 0x0e, 0xd0, 0x7d, 0xeb, 0x32, 0xa5, 0xde, 0xbd, 0x63, 0xfd, 0x16, 
    0x46, 0x89, 0x55, 0xa0, 0x80, 0x03, 0x76, 0x17, 0x0f, 0x69, 0x8c, 0xb8, 0xa0, 
    0x00, 0xc5, 0x2e, 0xf1, 0x0a, 0x11, 0x89, 0x16, 0xee, 0xcb, 0xbe, 0x43, 0x36, 
    0x57, 0xb6, 0x8c, 0x20, 0xf2, 0x4b, 0xbc, 0x87, 0x2f, 0x9b, 0xce, 0x1c, 0x9a, 
    0xf2, 0xe8, 0xbe, 0x9e, 0x8b, 0x9e, 0x1c, 0x22, 0x10, 0xf6, 0xde, 0x99, 0x24, 
    0x46, 0x8b, 0xe4, 0x1a, 0x9b, 0x28, 0xe8, 0x03, 0x02, 0x78, 0xac, 0xfe, 0x8c, 
    0x52, 0xb7, 0x63, 0xb0, 0x88, 0x67, 0x5f, 0xf6, 0xb9, 0x17, 0x74, 0x6e, 0xdd, 
    0xa0, 0x2b, 0x97, 0xb5, 0xdd, 0x3c, 0xa5, 0xf1, 0xe8, 0x88, 0x41, 0x63, 0xdf, 
    0x6b, 0x1d, 0x7a, 0xf1, 0xec, 0xc5, 0x6d, 0xe8, 0xff, 0xa6, 0x6d, 0xbc, 0xbc, 
    0xf9, 0xf3, 0xe8, 0xd3, 0xab, 0x5f, 0xcf, 0xbe, 0xbd, 0xfb, 0xf7, 0xf0, 0xe3, 
    0xcb, 0x9f, 0x4f, 0xbf, 0xbe, 0xfd, 0xfb, 0xf8, 0xf3, 0xeb, 0xdf, 0xcf, 0xbf, 
    0xbf, 0xff, 0xff, 0x00, 0x06, 0x28, 0xe0, 0x80, 0x04, 0x16, 0x68, 0xe0, 0x81, 
    0x08, 0x26, 0xa8, 0xe0, 0x82, 0x0c, 0x36, 0xb8, 0x1e, 0x45, 0x10, 0x52, 0x44, 
    0x5f, 0x84, 0x14, 0xe2, 0x04, 0x53, 0x85, 0x18, 0x56, 0xd4, 0x5e, 0x86, 0x18, 
    0x5e, 0xf8, 0xd0, 0x00, 0x20, 0x86, 0x28, 0xa2, 0x88, 0x12, 0xaa, 0x07, 0xe1, 
    0x88, 0x28, 0x86, 0x58, 0x22, 0x41, 0x13, 0x85, 0x48, 0xc0, 0x8b, 0x30, 0xc6, 
    0x28, 0xa3, 0x8a, 0x16, 0x96, 0xd7, 0xe2, 0x00, 0x32, 0xe6, 0x38, 0x23, 0x4b, 
    0x35, 0x7e, 0xf8, 0x62, 0x01, 0x40, 0x06, 0x29, 0xe4, 0x90, 0x40, 0x12, 0x00, 
    0xa2, 0x86, 0xe6, 0x8d, 0x84, 0x23, 0x01, 0x44, 0x36, 0x19, 0xe4, 0x8b, 0x47, 
    0x5a, 0x38, 0xd2, 0x8b, 0x07, 0x20, 0x60, 0xe5, 0x95, 0x58, 0x66, 0x89, 0xc0, 
    0x01, 0x07, 0x14, 0x60, 0x64, 0x8d, 0xa3, 0xf9, 0x08, 0x64, 0x95, 0x5a, 0x96, 
    0xb9, 0xa5, 0x97, 0x5f, 0xb2, 0xa8, 0xd3, 0x46, 0x11, 0xb4, 0xe9, 0xe6, 0x9b, 
    0x70, 0xbe, 0x89, 0x80, 0x97, 0x60, 0x86, 0x29, 0x00, 0x93, 0x05, 0x20, 0x10, 
    0xe7, 0x9e, 0x72, 0xce, 0x39, 0x94, 0x51, 0x4c, 0x22, 0x40, 0x42, 0x04, 0x83, 
    0xf2, 0xc9, 0xe7, 0x9c, 0xe9, 0xad, 0x99, 0xa7, 0x9b, 0x85, 0x1a, 0xda, 0x26, 
    0x09, 0x83, 0x22, 0x6a, 0x19, 0x8e, 0x82, 0x42, 0x6a, 0xe9, 0xa5, 0x98, 0x62, 
    0x1a, 0xc1, 0x83, 0x94, 0x12, 0x9a, 0xe9, 0xa7, 0x96, 0x12, 0xba, 0x29, 0x42, 
    0x3a, 0x1d, 0x00, 0xea, 0xa9, 0x83, 0xba, 0x77, 0x67, 0xa5, 0xa8, 0x7e, 0x2a, 
    0x51, 0x01, 0x9e, 0xa2, 0x15, 0x3a, 0xaa, 0x7c, 0x24, 0xc5, 0x7a, 0x2a, 0x02, 
    0x59, 0x0d, 0x60, 0xea, 0x73, 0xfd, 0xe1, 0x48, 0xa8, 0x78, 0x11, 0x05, 0x04, 
    0x00, 0x21, 0xf9, 0x04, 0x09, 0x07, 0x00, 0x01, 0x00, 0x2c, 0x1c, 0x00, 0x19, 
    0x00, 0x5d, 0x00, 0x33, 0x00, 0x00, 0x08, 0xff, 0x00, 0x03, 0x08, 0x1c, 0x48, 
    0xb0, 0xa0, 0xc1, 0x83, 0x08, 0x13, 0x2a, 0x5c, 0x88, 0x50, 0x80, 0xc3, 0x87, 
    0x0c, 0x19, 0x3e, 0x9c, 0x08, 0x31, 0xa2, 0xc5, 0x8b, 0x06, 0x27, 0x12, 0x38, 
    0xc0, 0x43, 0xc8, 0x10, 0x1b, 0x03, 0x2a, 0x5e, 0x7c, 0x38, 0x80, 0xa3, 0xc7, 
    0x21, 0x28, 0x87, 0x1c, 0x08, 0x89, 0xb1, 0xa5, 0x44, 0x01, 0x03, 0x0a, 0x00, 
    0x49, 0x59, 0x64, 0x48, 0xcd, 0x94, 0x11, 0x58, 0x46, 0x84, 0x59, 0x20, 0xa5, 
    0xcd, 0x9f, 0x37, 0x51, 0x12, 0x10, 0xe0, 0xb2, 0x68, 0x41, 0x98, 0x08, 0x50, 
    0x16, 0x59, 0xca, 0xb4, 0x69, 0x4a, 0x90, 0x0b, 0x1d, 0x12, 0x50, 0xba, 0xd4, 
    0x20, 0x53, 0x94, 0x40, 0x06, 0x18, 0x35, 0x0a, 0xd3, 0x63, 0xd5, 0x84, 0x36, 
    0x6b, 0xf2, 0xd0, 0xda, 0x70, 0x00, 0x89, 0xb0, 0x0c, 0x7d, 0x12, 0xd8, 0xda, 
    0x12, 0xa6, 0x52, 0x8b, 0x6a, 0x0f, 0x76, 0xb5, 0x79, 0x71, 0x2a, 0xca, 0x03, 
    0x6c, 0x2d, 0xba, 0xa5, 0x8b, 0x31, 0x65, 0x81, 0x8c, 0x5e, 0x5d, 0xa6, 0xc4, 
    0x9b, 0x57, 0xa1, 0xdb, 0x22, 0x46, 0x53, 0x92, 0x15, 0x28, 0xe0, 0x00, 0x5f, 
    0xc1, 0x28, 0x17, 0x17, 0xce, 0xf8, 0xb6, 0xe8, 0x00, 0xac, 0x03, 0x05, 0x4c, 
    0x45, 0x6c, 0xf4, 0xf2, 0x10, 0x21, 0x93, 0xe5, 0x46, 0x78, 0x5c, 0xd4, 0xee, 
    0xdf, 0x00, 0x02, 0x2a, 0x1b, 0x35, 0x1d, 0xba, 0xe0, 0x65, 0xce, 0x6c, 0x4f, 
    0x0a, 0x7c, 0x5d, 0x58, 0x76, 0x6b, 0xc6, 0xa3, 0x61, 0x6f, 0xf5, 0x7c, 0x40, 
    0x00, 0x0f, 0xd2, 0x9d, 0x51, 0xde, 0x66, 0xfc, 0x73, 0xf2, 0xc9, 0xd4, 0x35, 
    0x0b, 0x7b, 0xb6, 0x31, 0xdc, 0x73, 0xe8, 0xcb, 0x42, 0x68, 0x2b, 0x4f, 0xd9, 
    0x5c, 0xf8, 0x64, 0xe8, 0xce, 0x27, 0x53, 0xbf, 0x9d, 0x7d, 0xfa, 0x90, 0x00, 
    0xcc, 0x5b, 0x7f, 0xff, 0x1f, 0x4e, 0xbe, 0xbc, 0xf9, 0xf3, 0xe8, 0xd3, 0xab, 
    0x5f, 0xcf, 0xbe, 0xbd, 0xfb, 0xf7, 0xf0, 0xe3, 0xcb, 0x9f, 0x4f, 0xbf, 0xbe, 
    0xfd, 0xfb, 0xf8, 0xf3, 0xeb, 0xdf, 0xcf, 0xbf, 0xbf, 0xff, 0xff, 0x00, 0x06, 
    0x28, 0xe0, 0x80, 0x04, 0x16, 0x68, 0xe0, 0x81, 0x08, 0x26, 0xa8, 0xe0, 0x82, 
    0x0c, 0xaa, 0x47, 0xd1, 0x83, 0x14, 0xcd, 0x07, 0xe1, 0x84, 0x44, 0xbd, 0x44, 
    0xe1, 0x85, 0x15, 0xae, 0x87, 0xe1, 0x85, 0x86, 0x4d, 0x34, 0xc0, 0x87, 0x20, 
    0x86, 0x18, 0x62, 0x84, 0xe9, 0x3d, 0x28, 0xe2, 0x89, 0x20, 0x92, 0x48, 0x90, 
    0x87, 0x1f, 0x12, 0xe0, 0xe2, 0x8b, 0x30, 0xc6, 0x98, 0x62, 0x86, 0xe5, 0xb1, 
    0x18, 0xe3, 0x8d, 0x32, 0x86, 0xe4, 0xd0, 0x51, 0x0e, 0x0d, 0xe0, 0x62, 0x01, 
    0x40, 0x06, 0x29, 0xe4, 0x90, 0x40, 0x12, 0xf0, 0xe1, 0x8e, 0xe6, 0xf5, 0xe8, 
    0x23, 0x01, 0x44, 0x36, 0x19, 0xa4, 0x8b, 0x47, 0xd2, 0xd8, 0xa3, 0x8b, 0x07, 
    0x20, 0x60, 0xe5, 0x95, 0x58, 0x66, 0x89, 0xc0, 0x01, 0x07, 0x14, 0x60, 0x24, 
    0x8d, 0xb7, 0x91, 0xc4, 0x64, 0x01, 0x55, 0x6a, 0x69, 0xe6, 0x96, 0x5e, 0x7e, 
    0xb9, 0x22, 0x4c, 0x1b, 0x45, 0xe0, 0xe6, 0x9b, 0x70, 0xc6, 0x09, 0x27, 0x02, 
    0x5e, 0x82, 0x19, 0xa6, 0x66, 0x40, 0x22, 0x20, 0xe7, 0x9e, 0x73, 0xd2, 0x39, 
    0xd4, 0x9a, 0x4c, 0x22, 0x40, 0x42, 0x04, 0x83, 0xf2, 0xc9, 0x27, 0x9d, 0xe8, 
    0xb1, 0x59, 0x80, 0x9e, 0x6e, 0x16, 0x6a, 0x68, 0xa3, 0x83, 0x22, 0x7a, 0x94, 
    0x8f, 0x82, 0x92, 0x60, 0xe9, 0xa5, 0x98, 0x66, 0x8a, 0x69, 0x04, 0x0e, 0x52, 
    0x4a, 0xa8, 0xa6, 0xa0, 0x5e, 0x4a, 0x28, 0xa7, 0x65, 0x1d, 0x10, 0xea, 0xa9, 
    0x83, 0xb6, 0xa7, 0x59, 0xa5, 0xa8, 0x82, 0xba, 0x53, 0x01, 0x9f, 0xa2, 0x14, 
    0x4a, 0x6a, 0x7c, 0x31, 0xc5, 0x7a, 0x2a, 0x02, 0x6c, 0x95, 0x64, 0xa9, 0x7f, 
    0x3e, 0x12, 0x1a, 0x1e, 0x43, 0x01, 0x01, 0x00, 0x21, 0xf9, 0x04, 0x09, 0x06, 
    0x00, 0x01, 0x00, 0x2c, 0x1c, 0x00, 0x19, 0x00, 0x5d, 0x00, 0x33, 0x00, 0x00, 
    0x08, 0xff, 0x00, 0x03, 0x08, 0x1c, 0x48, 0xb0, 0xa0, 0xc1, 0x83, 0x08, 0x13, 
    0x2a, 0x5c, 0x88, 0x50, 0x80, 0xc3, 0x87, 0x0c, 0x19, 0x3e, 0x9c, 0x08, 0x31, 
    0xa2, 0xc5, 0x8b, 0x06, 0x27, 0x12, 0x38, 0xc0, 0x43, 0xc8, 0x10, 0x1b, 0x03, 
    0x2a, 0x5e, 0x7c, 0x38, 0x80, 0xa3, 0xc7, 0x21, 0x28, 0x87, 0xf0, 0x08, 0x89, 
    0xb1, 0xa5, 0x44, 0x01, 0x03, 0x0a, 0x00, 0x49, 0x59, 0x64, 0x48, 0xcd, 0x94, 
    0x11, 0x58, 0x46, 0x84, 0x59, 0x20, 0xa5, 0xcd, 0x9f, 0x37, 0x51, 0x12, 0x18, 
    0xe0, 0xb2, 0x68, 0x41, 0x98, 0x08, 0x50, 0x16, 0x59, 0xca, 0xb4, 0x69, 0x4a, 
    0x90, 0x0b, 0x1d, 0x12, 0x50, 0x5a, 0xe4, 0xa0, 0xcd, 0xa0, 0x04, 0x8c, 0x1a, 
    0x85, 0xe9, 0x71, 0xa9, 0xc2, 0xab, 0x42, 0x13, 0xc2, 0x24, 0x71, 0x95, 0xe1, 
    0xcf, 0x21, 0x05, 0x88, 0x6a, 0x1d, 0x39, 0x40, 0xa9, 0xc5, 0xb6, 0x28, 0x0b, 
    0x1c, 0xe4, 0x6a, 0x13, 0x63, 0x4a, 0x1e, 0x6b, 0x2d, 0xc2, 0x74, 0x6b, 0x37, 
    0x6e, 0xc6, 0xae, 0x2e, 0x53, 0x22, 0xc8, 0x1b, 0xb5, 0x6d, 0xd5, 0xa2, 0x29, 
    0xd5, 0x0a, 0x14, 0x70, 0xa0, 0x2e, 0x62, 0x94, 0x07, 0x08, 0x8b, 0xe5, 0xfb, 
    0x78, 0xe5, 0xe2, 0xa9, 0x87, 0x8d, 0xa6, 0x94, 0x3c, 0x37, 0x82, 0x63, 0xa3, 
    0x70, 0xf1, 0x06, 0x10, 0x40, 0xb9, 0x28, 0xdc, 0xc8, 0x9c, 0x09, 0x1a, 0x26, 
    0x7c, 0x52, 0xe0, 0xea, 0xbc, 0x9b, 0x53, 0x2f, 0xf6, 0x9c, 0x59, 0xeb, 0x69, 
    0x01, 0x3c, 0x3e, 0xdb, 0x46, 0x29, 0x7b, 0xf1, 0x4f, 0xc9, 0x29, 0x49, 0xd7, 
    0xde, 0xad, 0xb2, 0x37, 0x5c, 0xce, 0x70, 0x8f, 0x13, 0x36, 0x2c, 0xc4, 0x38, 
    0x6f, 0xc9, 0x6d, 0x85, 0x28, 0x5f, 0x3e, 0xa4, 0xb9, 0xec, 0xe9, 0x84, 0x6d, 
    0x0c, 0xe9, 0xcd, 0xbd, 0xbb, 0xf7, 0xef, 0xe0, 0xc3, 0x8b, 0xff, 0x1f, 0x4f, 
    0xbe, 0xbc, 0xf9, 0xf3, 0xe8, 0xd3, 0xab, 0x5f, 0xcf, 0xbe, 0xbd, 0xfb, 0xf7, 
    0xf0, 0xe3, 0xcb, 0x9f, 0x4f, 0xbf, 0xbe, 0xfd, 0xfb, 0xf8, 0xf3, 0xeb, 0xdf, 
    0xcf, 0xbf, 0xbf, 0xff, 0xff, 0x00, 0x06, 0x28, 0xe0, 0x80, 0x04, 0x0a, 0x48, 
    0xd1, 0x81, 0x14, 0xad, 0x87, 0xe0, 0x82, 0x02, 0xec, 0xc4, 0xe0, 0x83, 0x0e, 
    0x95, 0x07, 0xe1, 0x83, 0x0a, 0x51, 0x34, 0xc0, 0x85, 0x18, 0x66, 0x98, 0x61, 
    0x82, 0xe1, 0x1d, 0xa8, 0xe1, 0x87, 0x18, 0x72, 0x48, 0xd0, 0x44, 0x18, 0x12, 
    0x60, 0xe2, 0x89, 0x28, 0xa6, 0x18, 0x62, 0x83, 0xdf, 0x91, 0x38, 0x40, 0x8a, 
    0x30, 0xaa, 0x18, 0x52, 0x84, 0x23, 0x3a, 0xf4, 0x22, 0x01, 0x05, 0xe4, 0xa8, 
    0xe3, 0x8e, 0x3c, 0xe6, 0x38, 0xd4, 0x8c, 0x2d, 0xc2, 0x74, 0x63, 0x8f, 0x44, 
    0xea, 0x68, 0xe2, 0x85, 0x34, 0x2e, 0x06, 0x93, 0x89, 0x07, 0x20, 0xe0, 0xe4, 
    0x93, 0x50, 0x46, 0x89, 0xc0, 0x01, 0x07, 0x14, 0x30, 0x14, 0x8b, 0xdc, 0x91, 
    0x84, 0x63, 0x01, 0x4d, 0x4a, 0xe9, 0xe5, 0x94, 0x56, 0x5e, 0x59, 0xe3, 0x8b, 
    0x07, 0x44, 0x60, 0xe6, 0x99, 0x68, 0xa6, 0x89, 0x26, 0x02, 0x56, 0x62, 0x99, 
    0xa5, 0x00, 0x5b, 0x22, 0xa0, 0xe6, 0x9c, 0x6b, 0xb2, 0x49, 0x80, 0x9b, 0x52, 
    0x15, 0x80, 0x00, 0x09, 0x11, 0xf0, 0x49, 0x27, 0x9d, 0x6c, 0x82, 0xb7, 0xa4, 
    0x9e, 0x67, 0xfa, 0xf9, 0xa7, 0x99, 0x24, 0xf0, 0x19, 0xe8, 0x51, 0x2f, 0xee, 
    0x99, 0xe8, 0xa3, 0x90, 0x46, 0x1a, 0x69, 0x04, 0xe2, 0x2d, 0x29, 0xa7, 0xa4, 
    0x98, 0x42, 0xda, 0x27, 0xa5, 0x0d, 0x95, 0x94, 0xe9, 0xa7, 0x7c, 0x4a, 0x48, 
    0x80, 0xa3, 0xa0, 0x62, 0xba, 0x53, 0x01, 0x7d, 0x96, 0xca, 0x69, 0x7a, 0x31, 
    0xa5, 0x0a, 0xea, 0x60, 0xb6, 0x1d, 0x0a, 0x90, 0xa8, 0x7d, 0x2f, 0xf6, 0x69, 
    0x83, 0x45, 0x01, 0x01, 0x00, 0x21, 0xf9, 0x04, 0x09, 0x07, 0x00, 0x01, 0x00, 
    0x2c, 0x1c, 0x00, 0x19, 0x00, 0x5d, 0x00, 0x33, 0x00, 0x00, 0x08, 0xff, 0x00, 
    0x03, 0x08, 0x1c, 0x48, 0xb0, 0xa0, 0xc1, 0x83, 0x08, 0x13, 0x2a, 0x5c, 0x88, 
    0x50, 0x80, 0xc3, 0x87, 0x0c, 0x19, 0x3e, 0x9c, 0x08, 0x31, 0xa2, 0xc5, 0x8b, 
    0x06, 0x27, 0x12, 0x38, 0xc0, 0x43, 0xc8, 0x10, 0x1b, 0x03, 0x2a, 0x5e, 0x7c, 
    0x38, 0x80, 0xa3, 0xc7, 0x21, 0x28, 0x87, 0xf0, 0x08, 0x89, 0xb1, 0xa5, 0x44, 
    0x01, 0x03, 0x0a, 0x00, 0x49, 0x59, 0x64, 0x48, 0xcd, 0x94, 0x11, 0x58, 0x46, 
    0x84, 0x59, 0x20, 0xa5, 0xcd, 0x9f, 0x37, 0x51, 0x12, 0x18, 0xe0, 0xb2, 0x68, 
    0x41, 0x98, 0x08, 0x50, 0x16, 0x59, 0xca, 0xb4, 0x69, 0x4a, 0x90, 0x0b, 0x1d, 
    0x12, 0x50, 0x5a, 0xe4, 0xa0, 0xcd, 0xa0, 0x04, 0x8c, 0x1a, 0x85, 0xe9, 0x71, 
    0xa9, 0xc2, 0xab, 0x42, 0x13, 0xc2, 0x24, 0x71, 0x95, 0xe1, 0xcf, 0x21, 0x05, 
    0x88, 0x6a, 0x1d, 0x39, 0x40, 0xa9, 0xc5, 0xb6, 0x28, 0x0b, 0x1c, 0xe4, 0x6a, 
    0x13, 0x63, 0x4a, 0x1e, 0x6b, 0x2d, 0xc2, 0x74, 0x6b, 0x37, 0x6e, 0xc6, 0xae, 
    0x2e, 0x53, 0x22, 0xc8, 0x1b, 0xb5, 0x6d, 0xd5, 0xa2, 0x29, 0xd5, 0x0a, 0x14, 
    0x70, 0xa0, 0x2e, 0x62, 0x94, 0x07, 0x08, 0x8b, 0xe5, 0xfb, 0x78, 0xe5, 0xe2, 
    0xa9, 0x87, 0x8d, 0xa6, 0x94, 0x3c, 0x37, 0x82, 0x63, 0xa3, 0x70, 0xf1, 0x06, 
    0x10, 0x40, 0xb9, 0x28, 0xdc, 0xc8, 0x9c, 0x09, 0x1a, 0x26, 0x7c, 0x52, 0xe0, 
    0xea, 0xbc, 0x9b, 0x53, 0x2f, 0xf6, 0x9c, 0x59, 0xeb, 0x69, 0x01, 0x3c, 0x3e, 
    0xdb, 0x46, 0x29, 0x7b, 0xf1, 0x4f, 0xc9, 0x29, 0x49, 0xd7, 0xde, 0xad, 0xb2, 
    0x37, 0x5c, 0xce, 0x70, 0x8f, 0x13, 0x36, 0x2c, 0xc4, 0x38, 0x6f, 0xc9, 0x6d, 
    0x85, 0x28, 0x5f, 0x3e, 0xa4, 0xb9, 0xec, 0xe9, 0x84, 0x6d, 0x0c, 0xe9, 0xcd, 
    0xbd, 0xbb, 0xf7, 0xef, 0xe0, 0xc3, 0x8b, 0xff, 0x1f, 0x4f, 0xbe, 0xbc, 0xf9, 
    0xf3, 0xe8, 0xd3, 0xab, 0x5f, 0xcf, 0xbe, 0xbd, 0xfb, 0xf7, 0xf0, 0xe3, 0xcb, 
    0x9f, 0x4f, 0xbf, 0xbe, 0xfd, 0xfb, 0xf8, 0xf3, 0xeb, 0xdf, 0xcf, 0xbf, 0xbf, 
    0xff, 0xff, 0x00, 0x06, 0x28, 0xe0, 0x80, 0x04, 0x0a, 0x48, 0xd1, 0x81, 0x14, 
    0xad, 0x87, 0xe0, 0x82, 0x02, 0xec, 0xc4, 0xe0, 0x83, 0x0e, 0x95, 0x07, 0xe1, 
    0x83, 0x0a, 0x51, 0x34, 0xc0, 0x85, 0x18, 0x66, 0x98, 0x61, 0x82, 0xe1, 0x1d, 
    0xa8, 0xe1, 0x87, 0x18, 0x72, 0x48, 0xd0, 0x44, 0x18, 0x12, 0x60, 0xe2, 0x89, 
    0x28, 0xa6, 0x18, 0x62, 0x83, 0xdf, 0x91, 0x38, 0x40, 0x8a, 0x30, 0xaa, 0x18, 
    0x52, 0x84, 0x23, 0x3a, 0xf4, 0x22, 0x01, 0x05, 0xe4, 0xa8, 0xe3, 0x8e, 0x3c, 
    0xe6, 0x38, 0xd4, 0x8c, 0x2d, 0xc2, 0x74, 0x63, 0x8f, 0x44, 0xea, 0x68, 0xe2, 
    0x85, 0x34, 0x2e, 0x06, 0x93, 0x89, 0x07, 0x20, 0xe0, 0xe4, 0x93, 0x50, 0x46, 
    0x89, 0xc0, 0x01, 0x07, 0x14, 0x30, 0x14, 0x8b, 0xdc, 0x91, 0x84, 0x63, 0x01, 
    0x4d, 0x4a, 0xe9, 0xe5, 0x94, 0x56, 0x5e, 0x59, 0xe3, 0x8b, 0x07, 0x44, 0x60, 
    0xe6, 0x99, 0x68, 0xa6, 0x89, 0x26, 0x02, 0x56, 0x62, 0x99, 0xa5, 0x00, 0x5b, 
    0x22, 0xa0, 0xe6, 0x9c, 0x6b, 0xb2, 0x49, 0x80, 0x9b, 0x52, 0x15, 0x80, 0x00, 
    0x09, 0x11, 0xf0, 0x49, 0x27, 0x9d, 0x6c, 0x82, 0xb7, 0xa4, 0x9e, 0x67, 0xfa, 
    0xf9, 0xa7, 0x99, 0x24, 0xf0, 0x19, 0xe8, 0x51, 0x2f, 0xee, 0x99, 0xe8, 0xa3, 
    0x90, 0x46, 0x1a, 0x69, 0x04, 0xe2, 0x2d, 0x29, 0xa7, 0xa4, 0x98, 0x42, 0xda, 
    0x27, 0xa5, 0x0d, 0x95, 0x94, 0xe9, 0xa7, 0x7c, 0x4a, 0x48, 0x80, 0xa3, 0xa0, 
    0x62, 0xba, 0x53, 0x01, 0x7d, 0x96, 0xca, 0x69, 0x7a, 0x31, 0xa5, 0x0a, 0xea, 
    0x60, 0xb6, 0x1d, 0x0a, 0x90, 0xa8, 0x7d, 0x2f, 0xf6, 0x69, 0x83, 0x45, 0x01, 
    0x01, 0x00, 0x21, 0xf9, 0x04, 0x09, 0x07, 0x00, 0x01, 0x00, 0x2c, 0x1c, 0x00, 
    0x1a, 0x00, 0x5d, 0x00, 0x32, 0x00, 0x00, 0x08, 0xff, 0x00, 0x03, 0x08, 0x1c, 
    0x48, 0x90, 0xa0, 0x80, 0x83, 0x02, 0x0a, 0x2a, 0x5c, 0xc8, 0xb0, 0xa1, 0xc3, 
    0x86, 0x08, 0x23, 0x22, 0x7c, 0xe8, 0x30, 0x22, 0x81, 0x03, 0x3c, 0x22, 0x0c, 
    0x98, 0x48, 0xb1, 0xa3, 0x47, 0x86, 0x07, 0x07, 0x14, 0xb0, 0x21, 0x64, 0x88, 
    0x49, 0x93, 0x3c, 0x36, 0x7e, 0x14, 0x18, 0xb2, 0x00, 0x90, 0x93, 0x30, 0x4d, 
    0x12, 0x48, 0xb8, 0xb2, 0x66, 0x45, 0x01, 0x03, 0x6c, 0x9c, 0x2c, 0x32, 0x84, 
    0x27, 0xcf, 0x93, 0x04, 0x06, 0x74, 0x0c, 0xa9, 0xb3, 0x67, 0x91, 0xa3, 0x48, 
    0x8f, 0x9a, 0x04, 0xa2, 0xd2, 0xa6, 0x53, 0x96, 0x38, 0x8b, 0x1e, 0x55, 0x88, 
    0x14, 0xa8, 0x50, 0x88, 0x03, 0x22, 0x98, 0x2c, 0xd2, 0xd0, 0xa8, 0x49, 0x1b, 
    0x57, 0x9f, 0xae, 0xc4, 0xa9, 0xb5, 0x27, 0xc5, 0x9e, 0x28, 0xc3, 0x16, 0xc4, 
    0x59, 0x92, 0x6b, 0xc7, 0x93, 0x4c, 0xc5, 0x7e, 0x64, 0x6b, 0xf6, 0xe3, 0x49, 
    0x21, 0x6a, 0x59, 0x0e, 0xd8, 0xba, 0xf2, 0x6e, 0x5e, 0xb9, 0x20, 0xdb, 0xda, 
    0x44, 0x9b, 0xd2, 0xe0, 0xde, 0xba, 0x2b, 0x09, 0x2c, 0x05, 0xfc, 0x50, 0x00, 
    0x02, 0xc4, 0x35, 0x0f, 0x03, 0x31, 0xc8, 0xd7, 0xa9, 0xe2, 0x21, 0x05, 0x18, 
    0x83, 0x54, 0xec, 0xf6, 0xe9, 0xe5, 0xcc, 0x01, 0x1c, 0x43, 0xb6, 0x59, 0x72, 
    0xc8, 0x5f, 0xcd, 0x02, 0x2a, 0x3f, 0x3d, 0x3c, 0x84, 0xe5, 0x68, 0x9b, 0x92, 
    0x35, 0x2b, 0xdc, 0xdb, 0x59, 0xec, 0xe5, 0x8d, 0x8f, 0x6b, 0x7b, 0x1e, 0x22, 
    0x44, 0xb6, 0x41, 0x1e, 0x26, 0x19, 0x4b, 0x4e, 0xcd, 0x53, 0xb8, 0x49, 0xd0, 
    0xbe, 0x89, 0xcb, 0x2e, 0x7d, 0x58, 0x33, 0x6b, 0xdf, 0x02, 0x9b, 0x3b, 0x37, 
    0x29, 0x9d, 0x71, 0x69, 0xe8, 0x01, 0xaa, 0x03, 0x3e, 0xac, 0x5d, 0x6e, 0x77, 
    0xe3, 0xd0, 0x5f, 0x62, 0xff, 0x1f, 0x4f, 0xbe, 0xbc, 0xf9, 0xf3, 0xe8, 0xd3, 
    0xab, 0x5f, 0xcf, 0xbe, 0xbd, 0xfb, 0xf7, 0xf0, 0xe3, 0xcb, 0x9f, 0x4f, 0xbf, 
    0xbe, 0xfd, 0xfb, 0xf8, 0xf3, 0xeb, 0xdf, 0xcf, 0xbf, 0xbf, 0xff, 0xff, 0x00, 
    0x06, 0x28, 0xe0, 0x80, 0x04, 0x16, 0x68, 0xe0, 0x81, 0x08, 0x26, 0xa8, 0xa0, 
    0x7c, 0x12, 0x35, 0x28, 0x11, 0x83, 0x0e, 0x46, 0x38, 0x54, 0x84, 0x14, 0x46, 
    0xc4, 0x5e, 0x85, 0x18, 0xde, 0x84, 0xd0, 0x00, 0x1c, 0x76, 0xe8, 0xa1, 0x87, 
    0x0f, 0xa2, 0xd7, 0xe0, 0x87, 0x24, 0x76, 0x18, 0xa2, 0x41, 0x1b, 0x72, 0x48, 
    0xc0, 0x8a, 0x2c, 0xb6, 0xe8, 0xa2, 0x89, 0x34, 0x95, 0x17, 0x91, 0x8a, 0x2e, 
    0xd6, 0xd8, 0x22, 0x87, 0x1c, 0x0d, 0xb4, 0xe1, 0x8a, 0x05, 0xf4, 0xe8, 0xe3, 
    0x8f, 0x40, 0xf6, 0x18, 0xd4, 0x46, 0x31, 0x8e, 0x17, 0xd2, 0x00, 0x3c, 0x06, 
    0xa9, 0xa4, 0x90, 0x43, 0x1e, 0x84, 0x22, 0x92, 0x17, 0x21, 0x20, 0xe5, 0x94, 
    0x54, 0x56, 0x89, 0xc0, 0x01, 0x07, 0x14, 0x10, 0x54, 0x91, 0xd0, 0xed, 0xd8, 
    0xe3, 0x01, 0x56, 0x86, 0x29, 0x65, 0x96, 0x2b, 0x36, 0x05, 0x15, 0x92, 0x07, 
    0x44, 0xa0, 0xe6, 0x9a, 0x6c, 0xb6, 0xc9, 0x26, 0x02, 0x5a, 0x72, 0xd9, 0xa5, 
    0x00, 0x04, 0xf4, 0x88, 0x80, 0x9b, 0x78, 0xbe, 0x09, 0xe7, 0x4c, 0x28, 0xd6, 
    0x89, 0x00, 0x09, 0x11, 0x00, 0x9a, 0x67, 0x9e, 0x70, 0x9e, 0x87, 0x93, 0x9f, 
    0x6b, 0x0a, 0x3a, 0xa8, 0x9a, 0x24, 0x00, 0x5a, 0xe8, 0x5a, 0x48, 0xfe, 0xd9, 
    0xe8, 0xa4, 0x94, 0x56, 0x5a, 0x69, 0x04, 0xe9, 0x1d, 0x7a, 0xa7, 0xa5, 0x9c, 
    0x52, 0x1a, 0x28, 0xa6, 0x20, 0x0d, 0x70, 0x40, 0xa7, 0xa4, 0x02, 0x7a, 0x21, 
    0x01, 0x92, 0x96, 0xca, 0xe9, 0x50, 0x05, 0x04, 0xaa, 0x2a, 0xa8, 0xf0, 0x89, 
    0x10, 0xe4, 0x6a, 0xa9, 0x08, 0x78, 0x37, 0x2a, 0x09, 0xfd, 0x21, 0x19, 0xa8, 
    0x0d, 0x1e, 0x05, 0x04, 0x00, 0x21, 0xf9, 0x04, 0x09, 0x06, 0x00, 0x01, 0x00, 
    0x2c, 0x1c, 0x00, 0x1c, 0x00, 0x5d, 0x00, 0x30, 0x00, 0x00, 0x08, 0xff, 0x00, 
    0x03, 0x08, 0x1c, 0x48, 0xb0, 0xa0, 0xc1, 0x83, 0x08, 0x13, 0x2a, 0x5c, 0x88, 
    0x50, 0x80, 0xc3, 0x87, 0x0c, 0x19, 0x3e, 0x9c, 0xe8, 0x30, 0xa2, 0xc5, 0x8b, 
    0x09, 0x1f, 0x0e, 0x38, 0xc0, 0x43, 0xc8, 0x10, 0x1b, 0x03, 0x2a, 0x62, 0x14, 
    0xe8, 0x70, 0x40, 0x01, 0x1b, 0x1e, 0x87, 0xa8, 0xe4, 0x11, 0x52, 0xc0, 0xc8, 
    0x97, 0x0b, 0x4b, 0x1e, 0x50, 0x39, 0xa4, 0x48, 0x4d, 0x9a, 0x43, 0x08, 0xb8, 
    0xb4, 0x58, 0xd2, 0x06, 0x4d, 0x9b, 0x40, 0x71, 0xea, 0x84, 0x49, 0x74, 0x60, 
    0x4f, 0x95, 0x45, 0x92, 0x2a, 0x55, 0x4a, 0x93, 0xc0, 0x80, 0x98, 0x02, 0x06, 
    0xf8, 0xac, 0x59, 0xc4, 0x20, 0xd3, 0x21, 0x40, 0x9e, 0x16, 0x7d, 0x19, 0x35, 
    0x02, 0x52, 0x85, 0x37, 0x87, 0xb0, 0xcc, 0x38, 0xc0, 0x6b, 0x4d, 0x86, 0x42, 
    0xb7, 0x62, 0x8c, 0xea, 0xb1, 0x6a, 0xc4, 0xb4, 0x06, 0xd9, 0x9e, 0xb5, 0x48, 
    0x80, 0xe6, 0x01, 0xb5, 0x11, 0xa3, 0x7e, 0xbd, 0x58, 0x57, 0xe5, 0xdd, 0x82, 
    0x02, 0xda, 0xbe, 0xb4, 0x8b, 0x57, 0xa1, 0xde, 0xb9, 0x23, 0x69, 0x6a, 0x25, 
    0x39, 0xd3, 0xed, 0x60, 0x95, 0x8b, 0x0b, 0x03, 0xde, 0xfb, 0xb2, 0xaf, 0x10, 
    0xa3, 0x75, 0x1d, 0xbf, 0x1c, 0xa0, 0xf2, 0xb2, 0x64, 0xc0, 0x08, 0x10, 0xc3, 
    0xec, 0x5b, 0x80, 0x24, 0xe5, 0xd1, 0x90, 0x3f, 0x13, 0xe4, 0xac, 0x99, 0x68, 
    0x4a, 0x81, 0xac, 0xf1, 0x02, 0x19, 0x42, 0x42, 0x35, 0x49, 0xaf, 0xad, 0x61, 
    0x72, 0x1e, 0x72, 0x40, 0x00, 0x0f, 0xd1, 0x44, 0x77, 0xdb, 0x0e, 0x20, 0xe0, 
    0x66, 0xe1, 0x94, 0xc5, 0x6d, 0xe2, 0xdd, 0x5d, 0x5b, 0xb5, 0xf0, 0xc2, 0x66, 
    0x63, 0x2f, 0xa7, 0x69, 0xfb, 0xf9, 0xf4, 0x21, 0xd6, 0xd5, 0x52, 0x77, 0xae, 
    0x52, 0xb2, 0x70, 0x1b, 0xaa, 0x87, 0x0c, 0xff, 0x1f, 0x4f, 0xbe, 0xbc, 0xf9, 
    0xf3, 0xe8, 0xd3, 0xab, 0x5f, 0xcf, 0xbe, 0xbd, 0xfb, 0xf7, 0xf0, 0xe3, 0xcb, 
    0x9f, 0x4f, 0xbf, 0xbe, 0xfd, 0xfb, 0xf8, 0xf3, 0xeb, 0xdf, 0xcf, 0xbf, 0xbf, 
    0xff, 0xff, 0x00, 0x06, 0x28, 0xe0, 0x80, 0x04, 0x16, 0x68, 0x60, 0x80, 0x14, 
    0x25, 0x48, 0x51, 0x7c, 0x0a, 0x36, 0xb8, 0x13, 0x54, 0x0e, 0x46, 0xf8, 0x20, 
    0x7a, 0x12, 0x46, 0x68, 0xd8, 0x44, 0x03, 0x64, 0xa8, 0xe1, 0x86, 0x1b, 0x2e, 
    0x78, 0x5e, 0x82, 0x1c, 0x86, 0xa8, 0xa1, 0x87, 0x04, 0x61, 0x98, 0x21, 0x01, 
    0x28, 0xa6, 0xa8, 0xe2, 0x8a, 0x23, 0x4e, 0x38, 0x9c, 0x89, 0x2b, 0xc6, 0xc8, 
    0x62, 0x4b, 0x2e, 0x6a, 0x84, 0x62, 0x01, 0x38, 0xe6, 0xa8, 0xe3, 0x8e, 0x38, 
    0x3a, 0xd5, 0x52, 0x79, 0x25, 0x0d, 0x70, 0x23, 0x8f, 0x44, 0xf6, 0xe8, 0xa3, 
    0x48, 0x24, 0x45, 0x85, 0xe2, 0x01, 0x08, 0x34, 0xe9, 0xe4, 0x93, 0x50, 0x22, 
    0x70, 0xc0, 0x01, 0x05, 0x38, 0xe5, 0xe2, 0x67, 0x36, 0xe2, 0xc8, 0x64, 0x94, 
    0x5c, 0x4a, 0x59, 0xa5, 0x95, 0x25, 0x2a, 0x79, 0x40, 0x04, 0x64, 0x96, 0x69, 
    0xe6, 0x99, 0x66, 0x22, 0x50, 0xe5, 0x95, 0x58, 0x0a, 0x40, 0x00, 0x8e, 0x08, 
    0xa0, 0x29, 0x67, 0x9a, 0x6a, 0x0e, 0x65, 0x94, 0x9b, 0x05, 0x20, 0x40, 0x42, 
    0x04, 0x7b, 0xce, 0x39, 0xa7, 0x9a, 0xe6, 0x29, 0x99, 0x67, 0x99, 0x7d, 0xfa, 
    0x49, 0x26, 0x09, 0x7b, 0x02, 0x0a, 0x98, 0x90, 0x7a, 0x22, 0xea, 0xe8, 0xa3, 
    0x90, 0x42, 0x1a, 0x01, 0x85, 0x8c, 0xf2, 0x19, 0xe9, 0xa5, 0x8e, 0xf2, 0x39, 
    0x69, 0x43, 0x1b, 0x61, 0xea, 0xe9, 0x9e, 0xeb, 0xb9, 0xd9, 0xe8, 0xa7, 0x97, 
    0xe6, 0x55, 0x80, 0xa5, 0x9f, 0x6e, 0xfa, 0x9e, 0x49, 0xa8, 0x7a, 0x8a, 0xc0, 
    0x56, 0x9d, 0x36, 0x09, 0xa7, 0x9f, 0x90, 0x7c, 0x82, 0x17, 0x51, 0x40, 0x00, 
    0x00, 0x21, 0xf9, 0x04, 0x09, 0x07, 0x00, 0x01, 0x00, 0x2c, 0x1c, 0x00, 0x1e, 
    0x00, 0x5d, 0x00, 0x2e, 0x00, 0x00, 0x08, 0xff, 0x00, 0x03, 0x08, 0x1c, 0x48, 
    0xb0, 0xa0, 0xc1, 0x83, 0x08, 0x13, 0x2a, 0x5c, 0xa8, 0x50, 0x80, 0x00, 0x86, 
    0x10, 0x05, 0x3a, 0x9c, 0x38, 0x31, 0xa2, 0xc5, 0x8b, 0x06, 0x29, 0x0a, 0x20, 
    0x40, 0x60, 0xc0, 0x80, 0x8a, 0x18, 0x03, 0x4c, 0x1c, 0x70, 0x80, 0x87, 0x90, 
    0x21, 0x28, 0x79, 0x7c, 0x7c, 0x18, 0xb2, 0x25, 0x42, 0x87, 0x03, 0x0a, 0xd8, 
    0x40, 0x49, 0x93, 0xa6, 0x10, 0x02, 0x2c, 0x21, 0xc2, 0x3c, 0x40, 0xb3, 0xc8, 
    0x10, 0x9f, 0x3e, 0x51, 0xda, 0xf8, 0xe8, 0xb2, 0xa8, 0x48, 0x01, 0x03, 0x66, 
    0xa2, 0x2c, 0xc2, 0xb4, 0x69, 0x50, 0x94, 0x1d, 0x19, 0x22, 0x45, 0xb0, 0x94, 
    0x29, 0x41, 0xa7, 0x28, 0x49, 0x0c, 0x30, 0x1a, 0x12, 0x69, 0x84, 0xaa, 0x08, 
    0x09, 0xfc, 0x44, 0x09, 0x64, 0xeb, 0xcb, 0x8d, 0x4b, 0x17, 0x2e, 0x1d, 0xa2, 
    0x92, 0xab, 0x45, 0xa4, 0x27, 0x8b, 0x44, 0xac, 0x49, 0xe0, 0x25, 0x4f, 0xab, 
    0x10, 0xc5, 0x42, 0x75, 0x2b, 0x75, 0x40, 0x5a, 0x8b, 0x7a, 0x87, 0x1c, 0xc8, 
    0x58, 0xe0, 0x27, 0xc6, 0xc0, 0x05, 0xf8, 0x26, 0x44, 0xfa, 0xf7, 0xa2, 0xd8, 
    0x22, 0x65, 0x09, 0xa2, 0x95, 0x1b, 0xf2, 0x71, 0x5b, 0xc5, 0x19, 0x1b, 0x1f, 
    0x26, 0x2b, 0x19, 0x65, 0x51, 0xbd, 0x3c, 0x30, 0x17, 0x14, 0x40, 0x95, 0xb2, 
    0x4b, 0xbd, 0x89, 0x45, 0x7e, 0x35, 0xdd, 0xd2, 0xaf, 0x10, 0xb3, 0xa2, 0x45, 
    0x8e, 0xe5, 0x7a, 0x52, 0x88, 0x40, 0xbf, 0xac, 0x5b, 0xa7, 0x8c, 0x2d, 0xb2, 
    0xb4, 0x5b, 0xbf, 0x82, 0x05, 0xac, 0xfe, 0x3d, 0xc4, 0x76, 0x6c, 0x01, 0xb3, 
    0xdd, 0x9e, 0x1c, 0x82, 0xdc, 0x27, 0xf1, 0x21, 0xa9, 0x31, 0x03, 0x57, 0xfc, 
    0x75, 0xc8, 0xf4, 0xe7, 0x43, 0x62, 0x5f, 0x7f, 0xbe, 0x9d, 0xb6, 0x67, 0xd1, 
    0xdd, 0x8d, 0x4e, 0xff, 0xcf, 0xae, 0xd8, 0x2f, 0xef, 0xf3, 0xe8, 0xd3, 0xab, 
    0x5f, 0xcf, 0xbe, 0xbd, 0xfb, 0xf7, 0xf0, 0xe3, 0xcb, 0x9f, 0x4f, 0xbf, 0xbe, 
    0xfd, 0xfb, 0xf8, 0xf3, 0xeb, 0xdf, 0xcf, 0xbf, 0xbf, 0xff, 0xff, 0x00, 0x06, 
    0x28, 0xe0, 0x80, 0x04, 0x16, 0x68, 0xe0, 0x81, 0x08, 0x66, 0xa4, 0xd1, 0x82, 
    0x14, 0xd5, 0xc7, 0xe0, 0x83, 0x39, 0x35, 0x04, 0xe1, 0x84, 0x0e, 0xbd, 0x47, 
    0xe1, 0x84, 0x12, 0x8e, 0xe4, 0xd1, 0x86, 0x1c, 0x72, 0xa8, 0x11, 0x7b, 0x0b, 
    0x76, 0x28, 0xe2, 0x86, 0x1f, 0x8e, 0xa6, 0xe1, 0x00, 0x1c, 0xa5, 0xa8, 0xe2, 
    0x8a, 0x1d, 0x79, 0x54, 0x61, 0x7a, 0x14, 0x79, 0xc4, 0xe2, 0x8c, 0x29, 0xba, 
    0xf8, 0xe2, 0x40, 0x23, 0x71, 0x54, 0xc0, 0x8e, 0x3c, 0xf6, 0xe8, 0xe3, 0x8e, 
    0x2d, 0xde, 0xc8, 0x1b, 0x4c, 0x28, 0x12, 0xf0, 0xe3, 0x91, 0x3c, 0x72, 0x64, 
    0xa3, 0x64, 0x48, 0x71, 0x74, 0x00, 0x02, 0x50, 0x46, 0x29, 0xe5, 0x94, 0x08, 
    0x1c, 0x70, 0x40, 0x01, 0x1d, 0x45, 0x28, 0x5a, 0x8e, 0x3b, 0x3e, 0x49, 0xe5, 
    0x97, 0x55, 0x62, 0x99, 0x25, 0x93, 0x28, 0x1e, 0x10, 0xc1, 0x99, 0x68, 0xa6, 
    0xa9, 0x66, 0x9a, 0x08, 0x60, 0xa9, 0xe5, 0x96, 0x1b, 0xed, 0x88, 0xc0, 0x9a, 
    0x74, 0xb2, 0xd9, 0x26, 0x4e, 0x4c, 0x1a, 0x89, 0x00, 0x09, 0x11, 0xf0, 0x59, 
    0x67, 0x9d, 0x6d, 0xaa, 0xd7, 0x64, 0x01, 0x73, 0x9e, 0xe9, 0xe7, 0x9f, 0x86, 
    0xf2, 0x19, 0xe8, 0x68, 0x28, 0xee, 0x49, 0xc2, 0xa3, 0x90, 0x46, 0x2a, 0x69, 
    0xa4, 0x11, 0x80, 0xd8, 0x68, 0x9f, 0x93, 0x66, 0x0a, 0x69, 0x9f, 0x95, 0xbe, 
    0x44, 0x92, 0xa6, 0xa0, 0xf2, 0x69, 0x21, 0x01, 0x8e, 0x86, 0x9a, 0xa9, 0x4e, 
    0x05, 0x60, 0x1a, 0x6a, 0xa7, 0xf3, 0xc5, 0xa4, 0x2a, 0xa8, 0x08, 0x88, 0x0b, 
    0x77, 0xc0, 0xa3, 0x00, 0xa2, 0xd8, 0xa7, 0x0d, 0x11, 0x05, 0x04, 0x00, 0x21, 
    0xf9, 0x04, 0x09, 0x07, 0x00, 0x01, 0x00, 0x2c, 0x1c, 0x00, 0x20, 0x00, 0x5d, 
    0x00, 0x2c, 0x00, 0x00, 0x08, 0xff, 0x00, 0x03, 0x08, 0x1c, 0x48, 0xb0, 0xa0, 
    0xc1, 0x83, 0x08, 0x13, 0x2a, 0x5c, 0x88, 0x50, 0x80, 0xc3, 0x87, 0x0c, 0x19, 
    0x3e, 0x9c, 0xe8, 0x30, 0xa2, 0xc5, 0x8b, 0x09, 0x1f, 0x0e, 0x38, 0xc0, 0x43, 
    0xc8, 0x10, 0x1b, 0x03, 0x2a, 0x62, 0x0c, 0xa0, 0x91, 0xa3, 0xc7, 0x21, 0x28, 
    0x79, 0x10, 0x08, 0x39, 0xb2, 0xa5, 0x42, 0x8d, 0x11, 0x50, 0x0e, 0x29, 0x32, 
    0x53, 0xe6, 0x10, 0x02, 0x22, 0x25, 0x0e, 0x28, 0x60, 0x93, 0xa6, 0x4f, 0x9b, 
    0x38, 0x5d, 0x0a, 0x1d, 0x28, 0x60, 0xa7, 0xcc, 0x22, 0x48, 0x93, 0x26, 0x95, 
    0x09, 0x72, 0xa1, 0x43, 0x02, 0x28, 0x93, 0x1a, 0x9c, 0x49, 0x13, 0x25, 0x81, 
    0xa1, 0x2e, 0x8b, 0x02, 0xa1, 0xaa, 0xb0, 0xa6, 0xd5, 0x8c, 0x03, 0x48, 0x70, 
    0x5d, 0xe8, 0xb5, 0x00, 0x56, 0x8c, 0x45, 0xa3, 0x5a, 0x84, 0x8a, 0xd2, 0xac, 
    0xc1, 0xa2, 0x1e, 0x8b, 0x5c, 0x64, 0x3b, 0xe4, 0xc0, 0xd9, 0x88, 0x69, 0x67, 
    0x8e, 0x94, 0x69, 0xb7, 0xa0, 0x80, 0xb8, 0x2d, 0xf9, 0xde, 0x7d, 0x39, 0x60, 
    0xec, 0x5e, 0x94, 0x03, 0x08, 0x0a, 0x38, 0xa0, 0xd7, 0xa5, 0xe0, 0xc1, 0x07, 
    0x05, 0xa8, 0x75, 0x59, 0x78, 0x88, 0x10, 0xa2, 0x50, 0xe5, 0x0a, 0x2d, 0x5c, 
    0x04, 0x08, 0xe4, 0xb7, 0x31, 0x35, 0x0b, 0x65, 0xeb, 0x56, 0x72, 0xe3, 0xd1, 
    0x6d, 0x3f, 0x13, 0xe4, 0x7c, 0xf7, 0xa4, 0x40, 0xd6, 0x67, 0x3d, 0x5e, 0x56, 
    0x4d, 0x32, 0xf4, 0xdd, 0xca, 0x07, 0x04, 0xf0, 0x38, 0x3d, 0xb4, 0xf0, 0x6c, 
    0xd5, 0x92, 0x69, 0x0e, 0x3e, 0x19, 0x7c, 0xc8, 0xed, 0xd4, 0xaa, 0x2b, 0x43, 
    0xf6, 0x0d, 0xfb, 0x6c, 0x65, 0xe3, 0xc9, 0x51, 0x2e, 0xb7, 0xac, 0x7c, 0xb8, 
    0xf4, 0xe8, 0xd0, 0x8f, 0x1b, 0xb7, 0xa1, 0x3a, 0x3b, 0xed, 0xef, 0xe0, 0xc3, 
    0x8b, 0xff, 0x1f, 0x4f, 0xbe, 0xbc, 0xf9, 0xf3, 0xe8, 0xd3, 0xab, 0x5f, 0xcf, 
    0xbe, 0xbd, 0xfb, 0xf7, 0xf0, 0xe3, 0xcb, 0x9f, 0x4f, 0xbf, 0xbe, 0xfd, 0xfb, 
    0xf8, 0xf3, 0xeb, 0xdf, 0xcf, 0xbf, 0xff, 0x79, 0x8a, 0x00, 0x52, 0xe4, 0x5e, 
    0x80, 0x04, 0x0a, 0x80, 0x57, 0x81, 0x08, 0xe6, 0x54, 0x5e, 0x82, 0x08, 0xbe, 
    0x34, 0xd1, 0x00, 0x10, 0x46, 0x28, 0xa1, 0x84, 0x02, 0x92, 0x07, 0xe0, 0x84, 
    0x18, 0x46, 0x58, 0xa1, 0x62, 0x1a, 0x41, 0x48, 0xc0, 0x87, 0x20, 0x86, 0x28, 
    0xa2, 0x86, 0x06, 0x8a, 0xf7, 0xe0, 0x00, 0x22, 0xa6, 0x38, 0x62, 0x48, 0x0a, 
    0x92, 0xe4, 0x10, 0x8a, 0x04, 0x14, 0x20, 0xe3, 0x8c, 0x34, 0xd6, 0x28, 0xe3, 
    0x4a, 0x2c, 0x9a, 0x58, 0x14, 0x8c, 0x36, 0xf6, 0x38, 0xe3, 0x87, 0x10, 0x2a, 
    0xf8, 0xe2, 0x87, 0x07, 0x20, 0x60, 0xe4, 0x91, 0x48, 0x26, 0x89, 0xc0, 0x01, 
    0x07, 0x14, 0xb0, 0x52, 0x89, 0xdf, 0x69, 0x14, 0x63, 0x01, 0x45, 0x2a, 0x69, 
    0xe5, 0x92, 0x4e, 0x3e, 0xc9, 0x21, 0x8a, 0x07, 0x44, 0xe0, 0xe5, 0x97, 0x60, 
    0x86, 0x09, 0x26, 0x02, 0x4e, 0x42, 0x19, 0xa5, 0x00, 0x53, 0x22, 0x20, 0xe6, 
    0x9a, 0x63, 0x92, 0x19, 0x14, 0x51, 0x68, 0x16, 0x80, 0x00, 0x09, 0x11, 0xd0, 
    0xc9, 0x26, 0x9b, 0x64, 0x8e, 0x57, 0x54, 0x8c, 0x6a, 0x7a, 0x69, 0xe7, 0x9d, 
    0x7e, 0xd2, 0x99, 0xa7, 0x5f, 0x28, 0xce, 0x49, 0xc2, 0xa1, 0x88, 0x26, 0xaa, 
    0x68, 0xa2, 0x11, 0x2c, 0x58, 0x68, 0x9d, 0x8b, 0x46, 0x8a, 0x68, 0x9d, 0x8d, 
    0x36, 0xb4, 0x91, 0xa4, 0x98, 0xd2, 0x89, 0x1e, 0x9a, 0x86, 0x66, 0x1a, 0x29, 
    0x5e, 0x05, 0x40, 0x9a, 0x69, 0xa5, 0xec, 0xed, 0x24, 0x2a, 0xa6, 0x08, 0x60, 
    0x75, 0x29, 0x09, 0xf9, 0xa1, 0x58, 0x27, 0x77, 0x11, 0x05, 0x01, 0x04, 0x00, 
    0x21, 0xf9, 0x04, 0x09, 0x06, 0x00, 0x01, 0x00, 0x2c, 0x1c, 0x00, 0x22, 0x00, 
    0x5d, 0x00, 0x2a, 0x00, 0x00, 0x08, 0xff, 0x00, 0x03, 0x08, 0x1c, 0x48, 0x90, 
    0xa0, 0x80, 0x83, 0x02, 0x0a, 0x2a, 0x5c, 0xc8, 0xb0, 0xa1, 0xc3, 0x86, 0x08, 
    0x23, 0x22, 0x7c, 0xe8, 0x30, 0x22, 0x81, 0x03, 0x3c, 0x22, 0x0c, 0x98, 0x48, 
    0xb1, 0xa3, 0xc7, 0x85, 0x08, 0x07, 0x60, 0x14, 0x32, 0xa4, 0x64, 0x49, 0x1e, 
    0x1b, 0x13, 0x7e, 0x3c, 0x38, 0xa0, 0x00, 0x10, 0x93, 0x30, 0x4b, 0x12, 0x50, 
    0xf9, 0xb1, 0xe6, 0x43, 0x01, 0x2d, 0x61, 0x16, 0x19, 0xb2, 0x73, 0xa7, 0x49, 
    0x1b, 0x03, 0x3a, 0xb2, 0xb4, 0x51, 0xb2, 0x88, 0xd1, 0xa3, 0x47, 0x4d, 0x12, 
    0x08, 0x6a, 0xb3, 0xa9, 0x41, 0x01, 0x04, 0x8a, 0x1a, 0x55, 0xc8, 0xd3, 0xa8, 
    0x4c, 0xa6, 0x0c, 0x71, 0x46, 0x28, 0xda, 0xb0, 0xea, 0x49, 0xac, 0x4e, 0x6b, 
    0xe2, 0x24, 0x51, 0x95, 0x62, 0xd1, 0x21, 0x24, 0xc0, 0x1a, 0x1c, 0x40, 0xb2, 
    0x88, 0x47, 0x93, 0x42, 0xd4, 0x86, 0xbd, 0xc9, 0x96, 0x67, 0x4d, 0x93, 0x40, 
    0xe4, 0xe2, 0xe4, 0xfa, 0x31, 0xea, 0x90, 0xbc, 0x73, 0x3d, 0x0a, 0x68, 0xdb, 
    0xd4, 0x2f, 0xe0, 0x81, 0x7b, 0xed, 0xda, 0x34, 0x1c, 0x98, 0xa2, 0x80, 0x03, 
    0x8a, 0x9b, 0xc2, 0x35, 0xc8, 0xb7, 0x70, 0xc9, 0x02, 0x8d, 0x21, 0x46, 0x75, 
    0x3b, 0xd7, 0xef, 0x01, 0x81, 0x02, 0x10, 0x44, 0x76, 0x4a, 0x32, 0x6e, 0x66, 
    0x90, 0x95, 0x9d, 0x0e, 0x30, 0x09, 0x7a, 0xb4, 0xea, 0x92, 0x40, 0x4e, 0x2b, 
    0x5c, 0xcd, 0x39, 0xb0, 0xdf, 0x8d, 0xa2, 0x6b, 0x77, 0x1e, 0x22, 0x44, 0xb6, 
    0x41, 0x1e, 0xae, 0x5f, 0xff, 0x15, 0xc0, 0x73, 0x48, 0xe6, 0xd5, 0x43, 0x30, 
    0xfb, 0x0e, 0x40, 0x5c, 0x77, 0x60, 0x92, 0x43, 0x90, 0x9f, 0x46, 0x6e, 0x7c, 
    0xb9, 0xf4, 0xe9, 0x25, 0xaf, 0x67, 0x86, 0xbe, 0x3c, 0x80, 0xf6, 0xc6, 0xc8, 
    0xbf, 0x07, 0xff, 0x16, 0x7f, 0xbc, 0xba, 0xec, 0xd5, 0xdd, 0xd3, 0xab, 0x5f, 
    0xcf, 0xbe, 0xbd, 0xfb, 0xf7, 0xf0, 0xe3, 0xcb, 0x9f, 0x4f, 0xbf, 0xbe, 0xfd, 
    0xfb, 0xf8, 0xf3, 0xeb, 0xdf, 0xcf, 0xbf, 0xbf, 0xff, 0xff, 0x00, 0x06, 0x28, 
    0xe0, 0x80, 0x04, 0x16, 0x58, 0x90, 0x44, 0x08, 0x4a, 0x84, 0x5f, 0x82, 0x0c, 
    0xd2, 0x54, 0x51, 0x83, 0x10, 0x1e, 0x24, 0x5f, 0x84, 0x10, 0x3e, 0x18, 0xd2, 
    0x00, 0x18, 0x66, 0xa8, 0x61, 0x86, 0x0a, 0xba, 0x87, 0xe0, 0x86, 0x20, 0x72, 
    0x18, 0x91, 0x42, 0x11, 0x65, 0x48, 0xc0, 0x89, 0x28, 0xa6, 0xa8, 0xa2, 0x88, 
    0xed, 0x95, 0x38, 0x80, 0x8a, 0x30, 0xae, 0x98, 0x92, 0x83, 0xcc, 0xb1, 0x74, 
    0x62, 0x01, 0x38, 0xe6, 0xa8, 0xe3, 0x8e, 0x38, 0x2e, 0x95, 0x12, 0x7b, 0x2c, 
    0xbd, 0x48, 0x00, 0x8f, 0x44, 0xe6, 0x78, 0x22, 0x86, 0x12, 0x22, 0x86, 0xd3, 
    0x89, 0x07, 0x20, 0xe0, 0xe4, 0x93, 0x50, 0x46, 0x89, 0xc0, 0x01, 0x07, 0x14, 
    0xb0, 0x14, 0x8d, 0xbe, 0x85, 0x34, 0x64, 0x01, 0x4d, 0x4a, 0xe9, 0xe5, 0x94, 
    0x56, 0x5e, 0xf9, 0xd4, 0x8b, 0x07, 0x44, 0x60, 0xe6, 0x99, 0x68, 0xa6, 0x89, 
    0x26, 0x02, 0x56, 0x62, 0x99, 0x25, 0x54, 0x38, 0x22, 0xa0, 0xe6, 0x9c, 0x6b, 
    0xb2, 0x39, 0xd3, 0x53, 0x43, 0x22, 0x40, 0x42, 0x04, 0x7b, 0xd2, 0x49, 0x27, 
    0x9b, 0x2d, 0xbe, 0x58, 0x80, 0x9c, 0x66, 0xf6, 0xe9, 0x67, 0xa1, 0x7b, 0x02, 
    0x7a, 0xe0, 0x8b, 0x7a, 0x92, 0xe0, 0xe8, 0xa3, 0x90, 0x46, 0x0a, 0x69, 0x04, 
    0xef, 0x2d, 0x29, 0xa7, 0xa4, 0x98, 0x4e, 0xba, 0x27, 0x44, 0x22, 0x65, 0xea, 
    0xe9, 0xa6, 0xf1, 0x41, 0xd5, 0xe8, 0xa7, 0x98, 0x0a, 0x55, 0x00, 0x9f, 0xa4, 
    0x52, 0x7a, 0x5f, 0x4b, 0xa8, 0x7e, 0x8a, 0xc0, 0x78, 0x07, 0x38, 0x09, 0x3a, 
    0xe0, 0x8b, 0x7c, 0xda, 0xe0, 0x51, 0x40, 0x00, 0x00, 0x21, 0xf9, 0x04, 0x09, 
    0x07, 0x00, 0x01, 0x00, 0x2c, 0x1c, 0x00, 0x23, 0x00, 0x5d, 0x00, 0x29, 0x00, 
    0x00, 0x08, 0xff, 0x00, 0x03, 0x08, 0x1c, 0x48, 0xb0, 0xa0, 0xc1, 0x83, 0x08, 
    0x13, 0x2a, 0x5c, 0x78, 0x50, 0x80, 0xc3, 0x87, 0x0e, 0x19, 0x2a, 0x84, 0x48, 
    0x31, 0xa2, 0xc4, 0x8b, 0x18, 0x0d, 0x3e, 0x1c, 0x70, 0x80, 0x87, 0x90, 0x21, 
    0x20, 0x79, 0x0c, 0xb0, 0x88, 0xd1, 0xe1, 0x80, 0x02, 0x36, 0x3e, 0x82, 0x5c, 
    0x29, 0x92, 0x64, 0xc6, 0x97, 0x08, 0x4d, 0x1e, 0x58, 0x59, 0x64, 0x48, 0xcd, 
    0x9a, 0x2b, 0x09, 0x08, 0x90, 0x68, 0xd2, 0x06, 0x4d, 0x9b, 0x40, 0x71, 0x0e, 
    0xb1, 0x31, 0x00, 0xa6, 0xd1, 0x82, 0x02, 0x06, 0x20, 0x00, 0x59, 0xa4, 0x29, 
    0xc1, 0xa6, 0x4d, 0x41, 0x02, 0x29, 0x3a, 0x71, 0x40, 0x04, 0xa6, 0x45, 0x0e, 
    0x12, 0xb0, 0x89, 0x93, 0x00, 0xd5, 0xa3, 0x2f, 0x93, 0x7e, 0x74, 0x9a, 0x70, 
    0x6b, 0xd7, 0xaf, 0x48, 0x07, 0x8c, 0xcd, 0xba, 0x70, 0x00, 0x4b, 0xb4, 0x60, 
    0x19, 0x26, 0x65, 0x7a, 0x71, 0xab, 0x54, 0xb8, 0x01, 0xe6, 0xda, 0xcc, 0xb8, 
    0x52, 0x08, 0xde, 0xb8, 0x0d, 0xdd, 0x0e, 0x81, 0xd9, 0x37, 0x2d, 0xdd, 0x97, 
    0x76, 0x81, 0x00, 0x5e, 0x38, 0x97, 0x2d, 0xe1, 0x9a, 0x07, 0x08, 0x0a, 0x00, 
    0xb2, 0xd7, 0xe8, 0x4a, 0x04, 0x8b, 0x13, 0x0a, 0x00, 0x19, 0x77, 0x25, 0x55, 
    0x01, 0x05, 0x2a, 0x1f, 0x5d, 0x99, 0xb9, 0xe1, 0x55, 0xc7, 0x46, 0x05, 0x2b, 
    0xce, 0xcb, 0x35, 0xae, 0xe0, 0xc8, 0xa5, 0x09, 0xba, 0x45, 0x7d, 0x74, 0xab, 
    0xdf, 0x00, 0xb3, 0x17, 0x93, 0x8e, 0x2d, 0x50, 0xc0, 0xe9, 0xc5, 0x82, 0x79, 
    0x4c, 0xe6, 0x0c, 0x58, 0x30, 0xef, 0xde, 0xa2, 0x01, 0xab, 0xdc, 0x4c, 0xfb, 
    0x68, 0xf0, 0xe3, 0xc6, 0x33, 0x0b, 0x8e, 0xae, 0x9b, 0x78, 0x6c, 0xea, 0xc5, 
    0x41, 0x62, 0x77, 0x6d, 0xbd, 0xf4, 0xf6, 0xb8, 0x94, 0x8f, 0x8b, 0xfb, 0x1f, 
    0x4f, 0xbe, 0xbc, 0xf9, 0xf3, 0xe8, 0xd3, 0xab, 0x5f, 0xcf, 0xbe, 0xbd, 0xfb, 
    0xf7, 0xf0, 0xe3, 0xcb, 0x9f, 0x4f, 0xbf, 0xbe, 0xfd, 0xfb, 0xf8, 0xf3, 0xeb, 
    0xdf, 0xcf, 0x3f, 0x76, 0xc5, 0xff, 0x0f, 0xc5, 0x07, 0x20, 0x80, 0x3c, 0x0d, 
    0x68, 0xa0, 0x4b, 0xe7, 0x1d, 0x68, 0xe0, 0x44, 0x10, 0x0d, 0xe0, 0xe0, 0x83, 
    0x10, 0x42, 0x48, 0x11, 0x7a, 0x15, 0x45, 0x68, 0xe1, 0x83, 0x13, 0x22, 0xb5, 
    0x91, 0x83, 0x04, 0x74, 0xe8, 0xe1, 0x87, 0x20, 0x62, 0xb8, 0x53, 0x79, 0x0d, 
    0x0e, 0x00, 0xe2, 0x89, 0x21, 0x8e, 0x84, 0xe0, 0x46, 0x1d, 0x16, 0xe0, 0xe2, 
    0x8b, 0x30, 0xc6, 0xe8, 0xa2, 0x57, 0x2a, 0x92, 0x98, 0x94, 0x89, 0x04, 0xc8, 
    0xa8, 0xe3, 0x8b, 0x1d, 0x3a, 0xe8, 0x92, 0x49, 0x1d, 0x1e, 0x80, 0xc0, 0x90, 
    0x44, 0x16, 0x69, 0x24, 0x02, 0x07, 0x1c, 0x50, 0x80, 0x57, 0x23, 0x8a, 0xc7, 
    0xa2, 0x8b, 0x42, 0x1e, 0x29, 0x25, 0x92, 0x4b, 0x32, 0x29, 0x59, 0x52, 0x04, 
    0x1c, 0x10, 0xc1, 0x96, 0x5c, 0x76, 0xe9, 0x65, 0x97, 0x08, 0x2c, 0xd9, 0xa4, 
    0x93, 0x02, 0xe4, 0x58, 0x00, 0x02, 0x5f, 0xa6, 0x09, 0x66, 0x98, 0x3a, 0x5d, 
    0x99, 0x23, 0x02, 0x24, 0x44, 0x10, 0xa7, 0x9a, 0x6a, 0x86, 0x69, 0x1e, 0x96, 
    0x67, 0x72, 0x39, 0x27, 0x9d, 0x5b, 0x92, 0x10, 0xa7, 0x9d, 0x69, 0x11, 0x00, 
    0xa7, 0x9f, 0x84, 0x16, 0x6a, 0xa8, 0xa1, 0x11, 0x50, 0x68, 0x22, 0x9a, 0x87, 
    0x36, 0x5a, 0xa8, 0x9c, 0x89, 0xc6, 0xc4, 0x91, 0xa3, 0x94, 0xc6, 0xb9, 0x5e, 
    0x99, 0x83, 0x56, 0xda, 0x28, 0x4f, 0x05, 0xc8, 0xa9, 0x69, 0xa4, 0xef, 0x9d, 
    0xe4, 0x69, 0xa5, 0x98, 0x81, 0x35, 0x29, 0x09, 0xfc, 0x99, 0x28, 0xa7, 0x0d, 
    0x17, 0x05, 0x04, 0x00, 0x21, 0xf9, 0x04, 0x09, 0x07, 0x00, 0x01, 0x00, 0x2c, 
    0x1c, 0x00, 0x24, 0x00, 0x5d, 0x00, 0x28, 0x00, 0x00, 0x08, 0xff, 0x00, 0x03, 
    0x08, 0x1c, 0x48, 0xb0, 0xa0, 0xc1, 0x83, 0x08, 0x13, 0x2a, 0x5c, 0x78, 0x50, 
    0x80, 0xc3, 0x87, 0x0e, 0x19, 0x2e, 0x84, 0x48, 0x51, 0x80, 0xc4, 0x8b, 0x18, 
    0x1b, 0x3a, 0x1c, 0x70, 0x80, 0x87, 0x90, 0x21, 0x20, 0x79, 0x0c, 0x88, 0x98, 
    0xf1, 0x21, 0x47, 0x8f, 0x20, 0x53, 0x8a, 0x24, 0x99, 0xb1, 0x65, 0xc2, 0x8d, 
    0x07, 0x52, 0x16, 0x19, 0x32, 0x73, 0x26, 0x48, 0x1b, 0x23, 0x25, 0xc2, 0x94, 
    0x49, 0xb3, 0xa7, 0xcd, 0x21, 0x38, 0x5d, 0x0a, 0x2d, 0x28, 0x60, 0x00, 0x02, 
    0x90, 0x45, 0x92, 0x16, 0x11, 0xa8, 0x34, 0x29, 0x48, 0x12, 0x03, 0x26, 0x1a, 
    0x45, 0xba, 0xd4, 0x20, 0x01, 0x9a, 0x36, 0x09, 0x44, 0x1d, 0xea, 0xb2, 0xe8, 
    0xc7, 0xa4, 0x0a, 0x07, 0xf4, 0x1c, 0x42, 0xe0, 0xe5, 0x80, 0xaf, 0x55, 0x15, 
    0x22, 0x1d, 0x02, 0x95, 0x6b, 0x49, 0xb1, 0x34, 0x2f, 0xc2, 0x1d, 0x52, 0x60, 
    0x2b, 0xc1, 0xa2, 0x48, 0x33, 0xa6, 0x04, 0xe2, 0xf6, 0x22, 0xde, 0x21, 0x2e, 
    0x55, 0x1a, 0x14, 0x90, 0xb7, 0xe5, 0x55, 0xba, 0x7d, 0xa5, 0xc6, 0x15, 0x9a, 
    0x12, 0xc1, 0xdd, 0xa3, 0x69, 0x5b, 0xa6, 0x2c, 0x90, 0xf8, 0x65, 0x61, 0xc6, 
    0x20, 0xb7, 0x0a, 0xb8, 0x1a, 0x39, 0x30, 0xc8, 0xca, 0x0d, 0x23, 0x2c, 0x1e, 
    0x7a, 0x58, 0x88, 0x40, 0xc2, 0xa3, 0x85, 0xc2, 0x3d, 0x00, 0xba, 0xa0, 0xd8, 
    0xce, 0x42, 0x0f, 0x47, 0x7d, 0x9d, 0xf8, 0x23, 0xe0, 0xd6, 0xa7, 0x45, 0xc3, 
    0x76, 0x09, 0x97, 0x87, 0x00, 0x1e, 0xa9, 0x87, 0xc2, 0xc5, 0x7d, 0xba, 0x67, 
    0x65, 0xdb, 0x84, 0x77, 0xf3, 0x0e, 0x49, 0x7c, 0x78, 0x65, 0xb8, 0xce, 0x13, 
    0xa7, 0x6c, 0xfe, 0xf9, 0xf9, 0x10, 0x21, 0xd1, 0xfb, 0x66, 0xb7, 0x7e, 0xbb, 
    0xb2, 0x8d, 0xee, 0xc4, 0xc3, 0x8b, 0xfc, 0x1f, 0x4f, 0xbe, 0xbc, 0xf9, 0xf3, 
    0xe8, 0xd3, 0xab, 0x5f, 0xcf, 0xbe, 0xbd, 0xfb, 0xf7, 0xf0, 0xe3, 0xcb, 0x9f, 
    0x4f, 0xbf, 0xbe, 0xfd, 0xfb, 0xf8, 0xf3, 0xb7, 0xaf, 0xc8, 0xff, 0x21, 0xfc, 
    0xfe, 0xfd, 0xe9, 0x04, 0xe0, 0x80, 0x2c, 0x9d, 0x47, 0xe0, 0x80, 0x0a, 0x51, 
    0x34, 0xc0, 0x82, 0x0c, 0x36, 0xd8, 0x20, 0x45, 0x06, 0x2a, 0xe8, 0xe0, 0x84, 
    0x0b, 0x42, 0x48, 0x94, 0x49, 0x0b, 0x12, 0xa0, 0xe1, 0x86, 0x1c, 0x76, 0xc8, 
    0x60, 0x81, 0xe1, 0x41, 0x94, 0x61, 0x87, 0x24, 0x72, 0x58, 0x21, 0x88, 0x26, 
    0x69, 0x58, 0xc0, 0x8a, 0x2c, 0xb6, 0xe8, 0xe2, 0x8a, 0x5a, 0x8d, 0x64, 0xd1, 
    0x78, 0x1b, 0x0d, 0xa0, 0xe2, 0x8b, 0x38, 0xc2, 0x18, 0x63, 0x81, 0x1b, 0x69, 
    0x78, 0x00, 0x02, 0x40, 0x06, 0x29, 0xe4, 0x90, 0x08, 0x1c, 0x70, 0x40, 0x01, 
    0x5a, 0xcd, 0x18, 0x62, 0x8f, 0x2b, 0xfe, 0x48, 0xe4, 0x93, 0x45, 0x22, 0x99, 
    0xe4, 0x5d, 0x45, 0x11, 0x70, 0x40, 0x04, 0x58, 0x66, 0xa9, 0xe5, 0x96, 0x5a, 
    0x22, 0x80, 0xa4, 0x92, 0x4b, 0x12, 0xb0, 0x22, 0x02, 0x5c, 0x96, 0xd9, 0xa5, 
    0x97, 0x04, 0x80, 0xe9, 0x90, 0x98, 0x08, 0x90, 0x10, 0x81, 0x9b, 0x66, 0x9a, 
    0xe9, 0x65, 0x79, 0x55, 0x16, 0x40, 0x26, 0x96, 0x70, 0xc6, 0x89, 0xa7, 0x9b, 
    0x73, 0x12, 0x65, 0x63, 0x9b, 0x24, 0x04, 0x2a, 0xe8, 0xa0, 0x84, 0x0e, 0x1a, 
    0x81, 0x81, 0x7f, 0xbe, 0x59, 0xe8, 0xa2, 0x82, 0xbe, 0x79, 0x28, 0x42, 0x45, 
    0x1d, 0xc0, 0xe8, 0xa4, 0x6e, 0xaa, 0xb7, 0x19, 0xa0, 0x94, 0x2e, 0xaa, 0x53, 
    0x01, 0x8a, 0x52, 0xfa, 0xa8, 0x7b, 0x03, 0x70, 0x9a, 0x29, 0x09, 0x8e, 0x71, 
    0xc5, 0x51, 0xa0, 0xfa, 0x05, 0x60, 0xe3, 0x9b, 0x36, 0x5c, 0x14, 0x10, 0x00, 
    0x21, 0xf9, 0x04, 0x09, 0x06, 0x00, 0x01, 0x00, 0x2c, 0x1c, 0x00, 0x25, 0x00, 
    0x5d, 0x00, 0x27, 0x00, 0x00, 0x08, 0xff, 0x00, 0x03, 0x08, 0x1c, 0x48, 0xb0, 
    0xa0, 0xc1, 0x83, 0x08, 0x13, 0x2a, 0x5c, 0x78, 0x50, 0x80, 0xc3, 0x87, 0x0e, 
    0x19, 0x2a, 0x84, 0x48, 0xf1, 0xa1, 0xc4, 0x8b, 0x18, 0x0d, 0x3e, 0x1c, 0x70, 
    0x80, 0x87, 0x90, 0x21, 0x20, 0x79, 0x0c, 0x88, 0x98, 0xd1, 0xe1, 0x80, 0x02, 
    0x36, 0x3e, 0x82, 0x5c, 0x39, 0xe4, 0xc0, 0xc8, 0x8c, 0x30, 0x17, 0x9a, 0x3c, 
    0xb0, 0xb2, 0xc8, 0x10, 0x9b, 0x36, 0x57, 0x12, 0x10, 0x20, 0xd1, 0xa4, 0x8d, 
    0x9a, 0x37, 0x83, 0xe6, 0x1c, 0x42, 0x62, 0x40, 0xcc, 0xa3, 0x05, 0x05, 0x0c, 
    0x40, 0x00, 0xb2, 0x88, 0xd3, 0x82, 0x37, 0x87, 0x12, 0x30, 0x9a, 0x50, 0x69, 
    0x84, 0xa6, 0x45, 0x10, 0x06, 0x05, 0x39, 0x15, 0x69, 0x4c, 0x87, 0x04, 0x9a, 
    0x32, 0x6c, 0x4a, 0x94, 0xaa, 0xc6, 0x01, 0x1f, 0xb3, 0x32, 0x0c, 0x0b, 0x12, 
    0x88, 0x59, 0xaf, 0x0c, 0x95, 0x92, 0x88, 0x8a, 0x71, 0xa5, 0xdb, 0xb3, 0x62, 
    0xeb, 0x82, 0x14, 0xf2, 0x16, 0x6e, 0xd5, 0x9f, 0x6a, 0x33, 0xb2, 0x05, 0x92, 
    0x74, 0x40, 0x5e, 0xc1, 0x6d, 0xfd, 0xca, 0x2c, 0x70, 0x13, 0xe9, 0x4a, 0x04, 
    0x04, 0x05, 0x1c, 0x86, 0xc9, 0xb6, 0x80, 0x62, 0x84, 0x02, 0xc2, 0x06, 0x3e, 
    0xba, 0xf2, 0x80, 0x40, 0x01, 0x4c, 0x37, 0xc7, 0x54, 0x79, 0xb9, 0xe1, 0xe4, 
    0x98, 0x86, 0x8b, 0x10, 0x0e, 0x20, 0xd9, 0x26, 0x5c, 0xc3, 0x2d, 0x4b, 0x17, 
    0x4c, 0xad, 0x38, 0x2c, 0xdf, 0x00, 0xb4, 0xfd, 0x92, 0x96, 0xfd, 0x99, 0x47, 
    0x63, 0xbf, 0xb0, 0x79, 0x08, 0x00, 0x02, 0x52, 0x31, 0x6c, 0xcf, 0xbc, 0x5b, 
    0x97, 0x26, 0x3e, 0x44, 0xb9, 0xf1, 0x95, 0xbc, 0x71, 0x17, 0xbf, 0x0c, 0x1b, 
    0x76, 0x69, 0xe8, 0xbc, 0xad, 0x53, 0x07, 0xa9, 0xfd, 0xf9, 0x90, 0xe8, 0x86, 
    0xb3, 0x7f, 0xfb, 0x8f, 0x4e, 0xbe, 0xbc, 0xf9, 0xf3, 0xe8, 0xd3, 0xab, 0x5f, 
    0xcf, 0xbe, 0xbd, 0xfb, 0xf7, 0xf0, 0xe3, 0xcb, 0x9f, 0x4f, 0xbf, 0xbe, 0xfd, 
    0xfb, 0xf8, 0xf3, 0xeb, 0xdf, 0x9f, 0xb4, 0xa2, 0x7f, 0x92, 0xf1, 0xfd, 0xf7, 
    0x5f, 0x4f, 0x02, 0x16, 0x08, 0xa0, 0x7a, 0x06, 0x16, 0x38, 0x11, 0x44, 0x03, 
    0x34, 0xe8, 0xe0, 0x83, 0x0f, 0x52, 0x84, 0x20, 0x45, 0x10, 0x56, 0xe8, 0xa0, 
    0x84, 0xfd, 0x99, 0xd4, 0x20, 0x01, 0x1c, 0x76, 0xe8, 0xe1, 0x87, 0x17, 0xf2, 
    0x74, 0x1e, 0x83, 0x03, 0x7c, 0x68, 0x22, 0x88, 0x23, 0x1d, 0xc8, 0x9a, 0x49, 
    0x1c, 0x16, 0xe0, 0xe2, 0x8b, 0x30, 0xc6, 0xe8, 0xe2, 0x54, 0x29, 0x8e, 0xa8, 
    0x54, 0x89, 0x04, 0xc8, 0xa8, 0xe3, 0x8b, 0x1c, 0x36, 0x78, 0x20, 0x8b, 0x04, 
    0x1c, 0x80, 0xc0, 0x90, 0x44, 0x16, 0x69, 0x24, 0x02, 0x07, 0x1c, 0x50, 0xc0, 
    0x54, 0x22, 0x92, 0xb7, 0x51, 0x8e, 0x05, 0x08, 0x79, 0xe4, 0x94, 0x48, 0x2e, 
    0xc9, 0x64, 0x64, 0x4a, 0x05, 0x19, 0xc1, 0x96, 0x5c, 0x76, 0xe9, 0x65, 0x97, 
    0x08, 0x2c, 0xd9, 0xa4, 0x93, 0x99, 0xb9, 0x88, 0xc0, 0x97, 0x68, 0x82, 0x19, 
    0xe6, 0x4e, 0x58, 0xe6, 0x88, 0x00, 0x09, 0x11, 0xc0, 0x99, 0x66, 0x9a, 0x61, 
    0xa2, 0x97, 0x65, 0x01, 0x67, 0x6e, 0x29, 0xe7, 0x9c, 0x7a, 0xc2, 0x59, 0x67, 
    0x61, 0x04, 0xbc, 0x49, 0xc2, 0xa0, 0x84, 0x16, 0x6a, 0x68, 0xa1, 0x11, 0x20, 
    0x58, 0xe2, 0x99, 0x87, 0x36, 0x8a, 0x28, 0x9c, 0x55, 0x71, 0xe4, 0xe8, 0xa4, 
    0x90, 0xb2, 0x97, 0x99, 0xa0, 0x94, 0x36, 0xda, 0x53, 0x01, 0x71, 0x66, 0x9a, 
    0xa8, 0x7c, 0x27, 0x75, 0x4a, 0x29, 0x64, 0x5e, 0x49, 0x4a, 0x02, 0x7f, 0x02, 
    0x95, 0x18, 0xa7, 0x0d, 0x17, 0x05, 0x04, 0x00, 0x21, 0xf9, 0x04, 0x09, 0x07, 
    0x00, 0x01, 0x00, 0x2c, 0x1c, 0x00, 0x26, 0x00, 0x5d, 0x00, 0x26, 0x00, 0x00, 
    0x08, 0xff, 0x00, 0x03, 0x08, 0x1c, 0x48, 0x50, 0xa0, 0x80, 0x83, 0x08, 0x05, 
    0x14, 0x5c, 0xc8, 0xb0, 0xa1, 0xc3, 0x87, 0x0c, 0x13, 0x4a, 0x44, 0x08, 0xb1, 
    0x21, 0xc2, 0x01, 0x07, 0x78, 0x08, 0x19, 0x32, 0x84, 0xc7, 0x80, 0x83, 0x15, 
    0x43, 0x8a, 0xb4, 0x28, 0x60, 0x40, 0x01, 0x1b, 0x1b, 0x39, 0xaa, 0x1c, 0x72, 
    0xe0, 0xe3, 0xc8, 0x83, 0x18, 0x55, 0x16, 0x19, 0x32, 0x73, 0x25, 0x01, 0x85, 
    0x23, 0x73, 0x42, 0x84, 0x69, 0x43, 0x26, 0xcd, 0x9f, 0x35, 0x39, 0xde, 0xac, 
    0x58, 0x12, 0x01, 0xc7, 0x22, 0x48, 0x8b, 0x08, 0x4c, 0x1a, 0x94, 0xc0, 0x00, 
    0x9d, 0x50, 0x0b, 0x96, 0x8c, 0x70, 0x54, 0x29, 0x43, 0x9a, 0x35, 0x81, 0x3c, 
    0x75, 0x58, 0x72, 0x23, 0xd2, 0x87, 0x3f, 0x3b, 0x6e, 0x8d, 0xaa, 0xb3, 0x2b, 
    0xd6, 0x8a, 0x04, 0xc2, 0x12, 0xb0, 0x38, 0xe0, 0xa8, 0xc8, 0xb4, 0x42, 0xc9, 
    0xe6, 0x2c, 0xe9, 0x76, 0x24, 0xdc, 0x21, 0x05, 0x16, 0xd2, 0x1d, 0xa2, 0xf3, 
    0x6e, 0x5e, 0xb9, 0x44, 0xdb, 0xd2, 0x84, 0x9a, 0xb6, 0x88, 0x47, 0x82, 0x74, 
    0xad, 0xf6, 0xa5, 0x79, 0x18, 0xf0, 0x43, 0x01, 0x75, 0x09, 0x73, 0xe4, 0x81, 
    0x38, 0xf2, 0xe2, 0x8e, 0x8e, 0xb9, 0x1a, 0x55, 0x1c, 0x55, 0xf0, 0x5f, 0x01, 
    0x54, 0x39, 0x43, 0x4d, 0x39, 0x36, 0x73, 0xe5, 0x99, 0x8e, 0x53, 0x0a, 0x6c, 
    0x2b, 0x1a, 0xaa, 0x60, 0x21, 0xa6, 0xa5, 0x6e, 0xce, 0x2c, 0xf8, 0x00, 0xe8, 
    0xc1, 0x8e, 0xd3, 0xc2, 0x8e, 0x3d, 0x10, 0x32, 0xea, 0xcc, 0x29, 0x7d, 0xf3, 
    0x75, 0xec, 0x99, 0xf7, 0x6a, 0x8e, 0xb1, 0xa9, 0x0e, 0x11, 0x6c, 0x5a, 0xf0, 
    0x70, 0xde, 0xcc, 0x9b, 0x73, 0x8c, 0x0e, 0x1c, 0xb9, 0x71, 0xea, 0xc4, 0x91, 
    0x5b, 0xa7, 0xfd, 0xdc, 0x38, 0x10, 0xe3, 0xe0, 0xc3, 0x8b, 0xf7, 0x1f, 0x4f, 
    0xbe, 0xbc, 0xf9, 0xf3, 0xe8, 0xd3, 0xab, 0x5f, 0xcf, 0xbe, 0xbd, 0xfb, 0xf7, 
    0xf0, 0xe3, 0xcb, 0x9f, 0x4f, 0xbf, 0xbe, 0x7d, 0xb2, 0x13, 0xf3, 0x53, 0x7c, 
    0xaf, 0x5f, 0x7f, 0xc8, 0xfe, 0x00, 0xee, 0x87, 0x5e, 0x80, 0x00, 0x3e, 0x96, 
    0xd0, 0x00, 0x08, 0x26, 0xa8, 0xa0, 0x82, 0x12, 0x9d, 0x37, 0xd1, 0x82, 0x10, 
    0x26, 0xd8, 0xa0, 0x54, 0x17, 0x21, 0x48, 0xc0, 0x85, 0x18, 0x66, 0xa8, 0xa1, 
    0x84, 0x38, 0x8d, 0x77, 0xe0, 0x00, 0x1a, 0x86, 0xb8, 0xe1, 0x47, 0x20, 0x21, 
    0x06, 0xd3, 0x85, 0x05, 0xa4, 0xa8, 0xe2, 0x8a, 0x2c, 0xa6, 0xe8, 0x14, 0x89, 
    0xe4, 0xc1, 0x04, 0x22, 0x01, 0x2d, 0xd6, 0xa8, 0xe2, 0x85, 0x08, 0x96, 0x68, 
    0x50, 0x49, 0x17, 0x1e, 0x80, 0xc0, 0x8f, 0x40, 0x06, 0x29, 0x24, 0x02, 0x07, 
    0x1c, 0x50, 0x80, 0x53, 0x1d, 0x82, 0x77, 0x11, 0x8d, 0x05, 0xf8, 0x38, 0xe4, 
    0x93, 0x44, 0x1e, 0x89, 0xa4, 0x89, 0x20, 0x1e, 0x10, 0xc1, 0x95, 0x58, 0x66, 
    0xa9, 0x65, 0x96, 0x08, 0x1c, 0x99, 0xa4, 0x92, 0x02, 0x30, 0x89, 0xc0, 0x96, 
    0x64, 0x72, 0xd9, 0xe5, 0x50, 0xbd, 0x85, 0x59, 0x00, 0x02, 0x24, 0x44, 0xd0, 
    0x66, 0x99, 0x65, 0x76, 0x59, 0x1e, 0x8f, 0x6b, 0x62, 0xf9, 0x26, 0x9c, 0x57, 
    0x92, 0xd0, 0xa6, 0x9c, 0x52, 0x81, 0xc8, 0xa6, 0x9e, 0x80, 0x06, 0x2a, 0xa8, 
    0xa0, 0x11, 0x38, 0xe8, 0xa7, 0x9b, 0x83, 0x26, 0x0a, 0xa8, 0x9b, 0x85, 0xb2, 
    0x75, 0x80, 0xa2, 0x90, 0xb6, 0xa9, 0x5e, 0x98, 0x7f, 0x46, 0x9a, 0xe8, 0x7f, 
    0x05, 0x20, 0x1a, 0x69, 0xa3, 0xee, 0x99, 0xa4, 0x29, 0xa4, 0x08, 0x00, 0x86, 
    0x91, 0x9e, 0xf7, 0x11, 0x04, 0xa2, 0x9b, 0x36, 0x88, 0x14, 0x10, 0x00, 0x21, 
    0xf9, 0x04, 0x09, 0x07, 0x00, 0x01, 0x00, 0x2c, 0x1c, 0x00, 0x26, 0x00, 0x5d, 
    0x00, 0x26, 0x00, 0x00, 0x08, 0xff, 0x00, 0x03, 0x08, 0x1c, 0x48, 0xb0, 0xa0, 
    0xc1, 0x83, 0x08, 0x13, 0x2a, 0x5c, 0x78, 0x50, 0x80, 0xc3, 0x87, 0x0e, 0x19, 
    0x2a, 0x84, 0x48, 0x31, 0xa2, 0xc4, 0x8b, 0x18, 0x0d, 0x3e, 0x1c, 0x70, 0x80, 
    0x87, 0x90, 0x21, 0x20, 0x79, 0x0c, 0xb0, 0x88, 0xd1, 0xe1, 0x80, 0x02, 0x36, 
    0x3e, 0x82, 0x5c, 0x29, 0x92, 0x64, 0xc6, 0x97, 0x08, 0x4d, 0x1e, 0x58, 0x59, 
    0x64, 0x48, 0xcd, 0x9a, 0x2b, 0x09, 0x08, 0x90, 0x68, 0xd2, 0x06, 0x4d, 0x9b, 
    0x40, 0x71, 0x0e, 0xb1, 0x31, 0x00, 0xa6, 0xd1, 0x82, 0x02, 0x06, 0x20, 0x00, 
    0x59, 0xa4, 0x29, 0xc1, 0xa6, 0x4d, 0x41, 0x02, 0x29, 0x3a, 0x71, 0x40, 0x04, 
    0xa6, 0x45, 0x10, 0x02, 0x05, 0x49, 0x80, 0xea, 0xd1, 0x97, 0x49, 0x3f, 0x3a, 
    0x4d, 0x48, 0x60, 0x6b, 0xd7, 0x98, 0x03, 0xc4, 0x66, 0x5d, 0x58, 0x56, 0xaa, 
    0xd7, 0xaf, 0x3c, 0x07, 0x30, 0xbd, 0xd8, 0x76, 0xc8, 0x54, 0x8d, 0x72, 0x6d, 
    0x66, 0x5c, 0x29, 0xe4, 0x2d, 0xdc, 0x84, 0x49, 0x41, 0xc2, 0xe4, 0x8b, 0x34, 
    0xef, 0xda, 0x8c, 0x6d, 0x81, 0xfc, 0x5d, 0x18, 0xf8, 0xf0, 0x4b, 0xa0, 0x07, 
    0x08, 0x0a, 0x00, 0xa2, 0xd7, 0x68, 0xdb, 0x02, 0x8b, 0x01, 0x0b, 0xfe, 0xba, 
    0x12, 0x73, 0x00, 0x01, 0x05, 0x2a, 0x1f, 0x55, 0x99, 0xb9, 0xe1, 0x55, 0xc7, 
    0x30, 0xf3, 0x0e, 0x11, 0x28, 0xc0, 0x26, 0xea, 0x97, 0x79, 0x23, 0x97, 0x26, 
    0x28, 0xf7, 0x35, 0xcc, 0xb6, 0x45, 0x6b, 0x2f, 0x26, 0x3d, 0x9b, 0xf5, 0xe9, 
    0xc5, 0x79, 0x81, 0x4c, 0xde, 0x0c, 0x37, 0x6f, 0x6f, 0xd6, 0xa2, 0xff, 0xaa, 
    0x6c, 0x6d, 0x3b, 0x35, 0x48, 0x1b, 0xc7, 0x8d, 0x67, 0xce, 0x2b, 0x7d, 0x37, 
    0xf1, 0xd2, 0xd5, 0xff, 0x52, 0xbf, 0x5e, 0x9c, 0x3b, 0x70, 0xef, 0x5f, 0x29, 
    0x1f, 0xf7, 0x1f, 0x4f, 0xbe, 0xbc, 0xf9, 0xf3, 0xe8, 0xd3, 0xab, 0x5f, 0xcf, 
    0xbe, 0xbd, 0xfb, 0xf7, 0xf0, 0xe3, 0xcb, 0x9f, 0x4f, 0xbf, 0xbe, 0xfd, 0xfb, 
    0xf8, 0x61, 0x56, 0xdc, 0xff, 0x50, 0x3e, 0x7f, 0xfe, 0x3c, 0xfd, 0x27, 0xa0, 
    0x4b, 0xe8, 0x0d, 0x28, 0xe0, 0x44, 0x10, 0x0d, 0xa0, 0xe0, 0x82, 0x0c, 0x32, 
    0x48, 0x51, 0x7a, 0x15, 0x35, 0x28, 0xe1, 0x82, 0x0f, 0x22, 0xb5, 0x91, 0x82, 
    0x04, 0x64, 0xa8, 0xe1, 0x86, 0x1c, 0x52, 0xb8, 0x93, 0x79, 0x09, 0x0e, 0xc0, 
    0xe1, 0x88, 0x1d, 0x8e, 0x44, 0xe0, 0x46, 0x19, 0x16, 0xa0, 0xe2, 0x8a, 0x2c, 
    0xb6, 0xa8, 0x62, 0x57, 0x26, 0x82, 0x98, 0x94, 0x88, 0x04, 0xb8, 0x68, 0xe3, 
    0x8a, 0x19, 0x2a, 0xe8, 0x92, 0x49, 0x19, 0x1e, 0x80, 0xc0, 0x8f, 0x40, 0x06, 
    0x29, 0x24, 0x02, 0x07, 0x1c, 0x50, 0x40, 0x57, 0x1f, 0x8e, 0x87, 0xa2, 0x8a, 
    0x3e, 0x0e, 0xe9, 0x24, 0x91, 0x47, 0x22, 0x29, 0x59, 0x52, 0x04, 0x1c, 0x10, 
    0xc1, 0x95, 0x58, 0x66, 0xa9, 0x65, 0x96, 0x08, 0x1c, 0x99, 0xa4, 0x92, 0x02, 
    0xd4, 0x58, 0x00, 0x02, 0x5b, 0x96, 0xc9, 0x65, 0x97, 0x3a, 0x4d, 0x59, 0x23, 
    0x02, 0x24, 0x44, 0xd0, 0xa6, 0x99, 0x66, 0x76, 0x79, 0x1e, 0x95, 0x63, 0x62, 
    0xf9, 0x26, 0x9c, 0x57, 0x92, 0xd0, 0xa6, 0x9c, 0x85, 0x11, 0xc0, 0xa6, 0x9e, 
    0x80, 0x06, 0x2a, 0xa8, 0xa0, 0x11, 0x40, 0x28, 0x22, 0x99, 0x83, 0x26, 0x1a, 
    0xa8, 0x9b, 0x85, 0xa2, 0x75, 0x80, 0xa2, 0x90, 0xb6, 0xc9, 0x5e, 0x98, 0x7f, 
    0x46, 0x9a, 0x28, 0x4f, 0x05, 0xb8, 0x69, 0x69, 0xa3, 0xf0, 0x9d, 0xa4, 0x69, 
    0xa4, 0x08, 0x14, 0xf7, 0x28, 0x09, 0xf9, 0xd1, 0x46, 0x80, 0x9b, 0xd0, 0x49, 
    0x14, 0x10, 0x00, 0x21, 0xf9, 0x04, 0x09, 0x06, 0x00, 0x01, 0x00, 0x2c, 0x1c, 
    0x00, 0x26, 0x00, 0x5d, 0x00, 0x26, 0x00, 0x00, 0x08, 0xff, 0x00, 0x03, 0x08, 
    0x1c, 0x48, 0xb0, 0xa0, 0xc1, 0x83, 0x08, 0x13, 0x2a, 0x5c, 0x98, 0x50, 0x80, 
    0x43, 0x01, 0x0c, 0x23, 0x06, 0x78, 0x48, 0x11, 0xa2, 0xc4, 0x8b, 0x18, 0x0b, 
    0x52, 0x24, 0x70, 0x80, 0x47, 0x04, 0x02, 0x03, 0x1c, 0x66, 0x14, 0xf8, 0x70, 
    0x40, 0x47, 0x21, 0x43, 0x52, 0xf2, 0x08, 0x69, 0x71, 0xa4, 0xcb, 0x83, 0x0e, 
    0x07, 0x14, 0x00, 0x92, 0xb2, 0xa6, 0x4d, 0x02, 0x2d, 0x19, 0xc6, 0x3c, 0x50, 
    0xb3, 0xc8, 0x10, 0x9f, 0x3e, 0x53, 0xda, 0x08, 0xf9, 0xb2, 0xe8, 0x44, 0x01, 
    0x03, 0x6c, 0xa4, 0x2c, 0xc2, 0xb4, 0x69, 0xd3, 0x9a, 0x20, 0x75, 0x0e, 0x40, 
    0xb0, 0x94, 0x29, 0x41, 0xa7, 0x29, 0x49, 0x0c, 0x30, 0x3a, 0x12, 0x69, 0x84, 
    0xaa, 0x09, 0x97, 0x0e, 0xd1, 0xda, 0x50, 0x00, 0x81, 0xa5, 0x0b, 0x07, 0xfc, 
    0x4c, 0x49, 0x80, 0xeb, 0x45, 0xa4, 0x28, 0x8b, 0x48, 0xbc, 0x09, 0x73, 0x00, 
    0x89, 0x9f, 0x72, 0x23, 0xaa, 0x4d, 0x59, 0xc0, 0xad, 0x54, 0xb4, 0x17, 0xcf, 
    0xf2, 0x35, 0x28, 0x40, 0x69, 0xde, 0xc0, 0x6b, 0xdb, 0xfa, 0x45, 0x88, 0x14, 
    0x30, 0xc6, 0xb3, 0x45, 0x56, 0x12, 0x14, 0x50, 0xe0, 0xe7, 0xcb, 0x94, 0x42, 
    0xb6, 0x2e, 0x26, 0xec, 0x38, 0xa3, 0x60, 0x1e, 0x03, 0xcd, 0x5a, 0x7e, 0xb9, 
    0x17, 0xc8, 0x66, 0x8d, 0x54, 0x0f, 0xbb, 0xdc, 0xdb, 0x77, 0x62, 0xe7, 0x91, 
    0x67, 0x33, 0x9f, 0x1e, 0xa8, 0x56, 0xf5, 0x4b, 0x94, 0x43, 0x04, 0xd6, 0xe6, 
    0xba, 0x17, 0xf4, 0x6c, 0x01, 0x5f, 0x6d, 0xaf, 0x4e, 0x79, 0x40, 0x00, 0x8f, 
    0xd1, 0x46, 0xd5, 0x0a, 0x99, 0xed, 0xda, 0xa7, 0x5f, 0xdc, 0x02, 0xd6, 0xba, 
    0x65, 0x3d, 0x7b, 0xef, 0xe2, 0xaf, 0x43, 0x76, 0x4f, 0xaf, 0x59, 0x3d, 0xe5, 
    0xe2, 0xbd, 0xd6, 0x9f, 0x7b, 0xff, 0x3f, 0x1d, 0x7e, 0x7b, 0x6e, 0x1b, 0x9b, 
    0xd5, 0x32, 0x5f, 0xcf, 0xbe, 0xbd, 0xfb, 0xf7, 0xf0, 0xe3, 0xcb, 0x9f, 0x4f, 
    0xbf, 0xbe, 0xfd, 0xfb, 0xf8, 0xf3, 0xeb, 0xdf, 0xcf, 0xbf, 0xbf, 0xff, 0xff, 
    0x18, 0x55, 0x24, 0x60, 0x45, 0xf9, 0x0d, 0x68, 0x60, 0x4e, 0x65, 0x1d, 0xa8, 
    0x20, 0x82, 0xee, 0x2d, 0xa8, 0xa0, 0x42, 0x15, 0x0d, 0x20, 0xe1, 0x84, 0x14, 
    0x52, 0x48, 0xe0, 0x7b, 0x02, 0x56, 0xa8, 0xe1, 0x84, 0x17, 0x4e, 0x56, 0x92, 
    0x84, 0x04, 0x84, 0x28, 0xe2, 0x88, 0x24, 0x72, 0xc8, 0xe0, 0x69, 0x14, 0x81, 
    0x48, 0xe2, 0x8a, 0x23, 0x4a, 0xf8, 0x90, 0x46, 0x31, 0x85, 0x58, 0xc0, 0x8c, 
    0x34, 0xd6, 0x68, 0xe3, 0x8c, 0x20, 0xb1, 0xd4, 0x5e, 0x4c, 0x03, 0xc8, 0x78, 
    0xe3, 0x8f, 0x38, 0xe6, 0x28, 0x52, 0x68, 0x48, 0x85, 0x78, 0x00, 0x02, 0x48, 
    0x26, 0xa9, 0xe4, 0x92, 0x08, 0x1c, 0x70, 0x40, 0x01, 0x20, 0x9d, 0xe8, 0x57, 
    0x49, 0x04, 0xcc, 0x78, 0x24, 0x93, 0x58, 0x36, 0x09, 0x65, 0x94, 0x1e, 0xf6, 
    0x78, 0x40, 0x04, 0x60, 0x86, 0x29, 0xe6, 0x98, 0x62, 0x22, 0x00, 0xa5, 0x94, 
    0x53, 0x9a, 0x35, 0x23, 0x02, 0x64, 0xb6, 0x59, 0xa6, 0x99, 0x38, 0x79, 0x58, 
    0x25, 0x02, 0x24, 0x44, 0x50, 0xa7, 0x9b, 0x6e, 0x9a, 0xd9, 0x60, 0x8f, 0x05, 
    0xb0, 0x09, 0xe6, 0x9d, 0x78, 0xfe, 0x59, 0xa7, 0x9e, 0x1a, 0xf5, 0x48, 0x27, 
    0x09, 0x88, 0x26, 0xaa, 0xe8, 0xa2, 0x8a, 0x46, 0x00, 0x5f, 0x91, 0x6c, 0x32, 
    0x2a, 0x69, 0xa3, 0x75, 0x36, 0x64, 0xd2, 0xa4, 0x98, 0x56, 0x2a, 0x9f, 0x59, 
    0x87, 0x66, 0x2a, 0x69, 0x44, 0x94, 0xd9, 0xe9, 0xa9, 0xa3, 0xf8, 0xc9, 0x24, 
    0x6a, 0xa6, 0x08, 0x24, 0x77, 0x00, 0xa2, 0x00, 0x12, 0xd4, 0xa3, 0x9d, 0xe8, 
    0x45, 0x02, 0x14, 0x10, 0x00, 0x21, 0xf9, 0x04, 0x09, 0x07, 0x00, 0x01, 0x00, 
    0x2c, 0x1c, 0x00, 0x27, 0x00, 0x5d, 0x00, 0x25, 0x00, 0x00, 0x08, 0xff, 0x00, 
    0x03, 0x08, 0x1c, 0x48, 0x70, 0xa0, 0x80, 0x83, 0x08, 0x0b, 0x2a, 0x5c, 0xc8, 
    0xb0, 0xa1, 0x43, 0x86, 0x08, 0x23, 0x26, 0x7c, 0x08, 0x11, 0x21, 0x81, 0x03, 
    0x3c, 0x84, 0x0c, 0xb1, 0x31, 0xe0, 0x20, 0xc5, 0x8f, 0x20, 0x2b, 0x0a, 0x18, 
    0x80, 0x51, 0xe3, 0x90, 0x93, 0x43, 0x78, 0x10, 0xe8, 0x18, 0xf2, 0xe0, 0x80, 
    0x02, 0x40, 0x50, 0x16, 0x19, 0x32, 0x13, 0x25, 0x01, 0x01, 0x21, 0x73, 0x52, 
    0x74, 0x79, 0x40, 0x26, 0xcd, 0x9f, 0x35, 0x37, 0xb2, 0x7c, 0x38, 0x12, 0xc1, 
    0xc9, 0x22, 0x48, 0x93, 0x2a, 0xb5, 0x39, 0x40, 0xa7, 0xd3, 0x82, 0x45, 0x8f, 
    0x16, 0x61, 0xf8, 0xf3, 0x24, 0x47, 0x87, 0x23, 0x35, 0x22, 0x75, 0x58, 0x95, 
    0x47, 0xd3, 0xa7, 0x4e, 0xb3, 0xd2, 0x9c, 0xfa, 0x90, 0x40, 0x55, 0x02, 0x10, 
    0x07, 0x1c, 0x05, 0x89, 0x52, 0xc8, 0x57, 0xb0, 0x20, 0x47, 0xae, 0x0d, 0x79, 
    0xd4, 0xab, 0x42, 0xb9, 0x43, 0x74, 0x9a, 0x3d, 0x89, 0x16, 0xee, 0x4e, 0xb5, 
    0x34, 0x9d, 0xee, 0xb5, 0x6b, 0x50, 0x2d, 0x59, 0xbd, 0x28, 0xdf, 0xfa, 0x85, 
    0x38, 0xd7, 0x29, 0x60, 0x20, 0x04, 0x05, 0x34, 0x46, 0x3c, 0x44, 0xc8, 0xe2, 
    0x86, 0x02, 0x8c, 0x1e, 0x7e, 0xba, 0xb7, 0x80, 0x40, 0x01, 0x11, 0x02, 0xc3, 
    0x4d, 0x7c, 0x79, 0xa1, 0xe4, 0xad, 0x7e, 0x35, 0x5a, 0x0e, 0x70, 0x7a, 0x31, 
    0xe0, 0xd5, 0xa5, 0x0d, 0x6a, 0xbe, 0x0c, 0xf8, 0x40, 0x66, 0xd1, 0x7e, 0xf7, 
    0xc6, 0x8e, 0xfc, 0x93, 0x36, 0xca, 0xd3, 0x79, 0x5d, 0x9f, 0xf4, 0xbc, 0x3b, 
    0x00, 0xe0, 0xd8, 0x89, 0x4f, 0x96, 0x06, 0x1c, 0x7c, 0xb7, 0xe1, 0xd8, 0x80, 
    0x8f, 0x97, 0x46, 0x59, 0xdc, 0xb8, 0xf2, 0xe5, 0x27, 0xa5, 0xfb, 0xae, 0x2e, 
    0xd0, 0x46, 0x71, 0xc5, 0xdc, 0xc3, 0x8b, 0xf7, 0x1f, 0x4f, 0xbe, 0xbc, 0xf9, 
    0xf3, 0xe8, 0xd3, 0xab, 0x5f, 0xcf, 0xbe, 0xbd, 0xfb, 0xf7, 0xf0, 0xe3, 0xcb, 
    0x9f, 0x4f, 0xff, 0xb3, 0xc4, 0xfb, 0x11, 0xdf, 0xe3, 0xdf, 0x8f, 0x73, 0x27, 
    0xff, 0xff, 0x1e, 0xa1, 0x07, 0xe0, 0x7f, 0x58, 0x45, 0x34, 0xc0, 0x81, 0x08, 
    0x26, 0x98, 0xa0, 0x44, 0xe6, 0xdd, 0xa7, 0xe0, 0x83, 0x08, 0x32, 0x08, 0x15, 
    0x42, 0x08, 0x12, 0x60, 0xe1, 0x85, 0x18, 0x66, 0x18, 0x61, 0x7f, 0xe2, 0x19, 
    0x38, 0x40, 0x86, 0x20, 0x6a, 0xd8, 0x51, 0x80, 0x06, 0xb9, 0x64, 0x61, 0x01, 
    0x28, 0xa6, 0xa8, 0xe2, 0x8a, 0x28, 0xae, 0x34, 0xe2, 0x78, 0x2e, 0x7d, 0x48, 
    0x00, 0x8b, 0x34, 0xa6, 0x68, 0xe1, 0x81, 0x24, 0xb2, 0x36, 0x92, 0x85, 0x07, 
    0x20, 0xe0, 0xe3, 0x8f, 0x40, 0x06, 0x89, 0xc0, 0x01, 0x07, 0x14, 0xb0, 0x12, 
    0x87, 0xd5, 0x51, 0x38, 0x63, 0x01, 0x3d, 0x0a, 0xe9, 0xe4, 0x90, 0x46, 0x1e, 
    0x19, 0xd9, 0x8e, 0x07, 0x44, 0x60, 0xe5, 0x95, 0x58, 0x66, 0x89, 0x25, 0x02, 
    0x46, 0x22, 0x99, 0xa4, 0x00, 0x4b, 0x22, 0xa0, 0xe5, 0x98, 0x5b, 0x72, 0x79, 
    0xd3, 0x94, 0x33, 0x22, 0x40, 0x42, 0x04, 0x6b, 0x92, 0x49, 0x26, 0x97, 0xe4, 
    0xed, 0x58, 0x80, 0x98, 0x56, 0xb6, 0xe9, 0x66, 0x9d, 0x6b, 0xc2, 0x09, 0xd5, 
    0x87, 0x6a, 0x92, 0xe0, 0xe7, 0x9f, 0x80, 0x06, 0x0a, 0x68, 0x04, 0x0d, 0xf2, 
    0xc9, 0xa6, 0xa0, 0x88, 0xfe, 0xc9, 0x26, 0xa1, 0x69, 0x1d, 0x90, 0xe8, 0xa3, 
    0x6b, 0xa6, 0x07, 0x66, 0x9f, 0x90, 0x22, 0xfa, 0x91, 0x00, 0x05, 0x1c, 0x0a, 
    0x29, 0xa3, 0xed, 0xbd, 0xa4, 0xe9, 0xa3, 0x08, 0xf8, 0x45, 0x92, 0x9f, 0xf5, 
    0x15, 0xf4, 0x21, 0x9b, 0xde, 0x7d, 0x14, 0x10, 0x00, 0x21, 0xf9, 0x04, 0x09, 
    0x07, 0x00, 0x01, 0x00, 0x2c, 0x1c, 0x00, 0x27, 0x00, 0x5d, 0x00, 0x25, 0x00, 
    0x00, 0x08, 0xff, 0x00, 0x03, 0x08, 0x1c, 0x48, 0x90, 0xa0, 0x80, 0x83, 0x02, 
    0x0a, 0x2a, 0x5c, 0xc8, 0xb0, 0xa1, 0xc3, 0x86, 0x08, 0x23, 0x22, 0x7c, 0xe8, 
    0x30, 0x22, 0x81, 0x03, 0x3c, 0x22, 0x10, 0x18, 0x70, 0x90, 0xa2, 0xc7, 0x8f, 
    0x0c, 0x11, 0x0e, 0xc0, 0x28, 0x64, 0x88, 0x49, 0x93, 0x3c, 0x38, 0x26, 0xfc, 
    0x28, 0xf2, 0x00, 0x90, 0x93, 0x30, 0x4d, 0x12, 0x58, 0x09, 0xb2, 0xe6, 0x43, 
    0x01, 0x03, 0x0a, 0xc0, 0x2c, 0x32, 0x84, 0x27, 0xcf, 0x93, 0x36, 0x06, 0x78, 
    0xc4, 0xa9, 0xd3, 0x64, 0x91, 0xa3, 0x48, 0x91, 0x9e, 0xdc, 0x68, 0xb3, 0x69, 
    0xc1, 0x83, 0x04, 0x8c, 0x1e, 0x55, 0xd8, 0xf3, 0xa8, 0x4c, 0xa1, 0x10, 0x07, 
    0xbc, 0x9c, 0xca, 0x30, 0xea, 0xcf, 0x94, 0x4e, 0x9d, 0xe2, 0x24, 0x51, 0x95, 
    0x62, 0x54, 0x94, 0x58, 0x15, 0xe2, 0x34, 0xfa, 0xf1, 0xa4, 0x90, 0xb4, 0x61, 
    0x87, 0x0e, 0x28, 0x59, 0xa4, 0xa6, 0x5b, 0xb8, 0x02, 0xd7, 0xf6, 0xac, 0x79, 
    0x16, 0x08, 0xde, 0xb8, 0x10, 0xe9, 0x36, 0xed, 0x0b, 0x77, 0x2d, 0x57, 0xbe, 
    0x26, 0x81, 0x00, 0xa6, 0x28, 0xe0, 0xc0, 0x5e, 0xa7, 0x7d, 0x0d, 0xb2, 0x85, 
    0x6c, 0xb2, 0xc0, 0x62, 0x88, 0x5e, 0x01, 0x9f, 0xb5, 0x1c, 0x40, 0x40, 0x84, 
    0xc7, 0x61, 0x4b, 0xbe, 0xbd, 0xbc, 0x50, 0xc0, 0xe4, 0xb0, 0x03, 0x4e, 0xe6, 
    0x05, 0x8d, 0x3a, 0x31, 0x69, 0x85, 0xa9, 0xeb, 0x2e, 0x3e, 0x7b, 0x40, 0x00, 
    0x02, 0xd6, 0x61, 0xa3, 0x0a, 0x79, 0x6d, 0x90, 0x87, 0xc9, 0xcb, 0xa9, 0x4d, 
    0x9a, 0xe6, 0x09, 0xbc, 0x32, 0xef, 0xd5, 0xb2, 0x2f, 0x9f, 0x0c, 0x4e, 0x3a, 
    0xf8, 0x90, 0xe3, 0x01, 0x98, 0x37, 0x37, 0x29, 0xfd, 0x72, 0xc9, 0xe7, 0xc7, 
    0xab, 0x2f, 0x0e, 0xae, 0x1d, 0x70, 0x77, 0xd2, 0xd8, 0x5f, 0xa7, 0xf7, 0x86, 
    0x4e, 0xbe, 0xbc, 0xf9, 0xf3, 0xe8, 0xd3, 0xab, 0x5f, 0xcf, 0xbe, 0xbd, 0xfb, 
    0xf7, 0xf0, 0xe3, 0xcb, 0x9f, 0x4f, 0xbf, 0xbe, 0xfd, 0xfb, 0xaf, 0x25, 0xea, 
    0x97, 0x38, 0x7f, 0xbf, 0x7f, 0x9a, 0x15, 0xfd, 0x27, 0x60, 0x47, 0xec, 0x0d, 
    0x28, 0x60, 0x80, 0x22, 0x0d, 0xa0, 0xe0, 0x82, 0x0c, 0x2e, 0xc8, 0x5f, 0x7a, 
    0xfa, 0x35, 0x28, 0xa1, 0x83, 0x11, 0xa9, 0x95, 0xe0, 0x00, 0x04, 0x64, 0xa8, 
    0xe1, 0x86, 0x1c, 0x52, 0x88, 0x5e, 0x44, 0x0a, 0x72, 0x28, 0x62, 0x87, 0x2a, 
    0x01, 0xd8, 0xd9, 0x41, 0x18, 0x12, 0x50, 0xc0, 0x8a, 0x2c, 0xb6, 0xe8, 0xe2, 
    0x8a, 0x1b, 0xa9, 0x74, 0x1e, 0x8a, 0x29, 0xbe, 0x68, 0x23, 0x8b, 0x19, 0x2a, 
    0x48, 0x60, 0x5e, 0x38, 0x65, 0x78, 0x00, 0x02, 0x40, 0x06, 0x29, 0xe4, 0x90, 
    0x08, 0x1c, 0x70, 0x40, 0x01, 0x1b, 0x99, 0xc8, 0x9b, 0x48, 0x2a, 0x16, 0xf0, 
    0x23, 0x91, 0x50, 0x16, 0x89, 0x64, 0x92, 0x06, 0xf5, 0x78, 0x40, 0x04, 0x58, 
    0x66, 0xa9, 0xe5, 0x96, 0x5a, 0x22, 0x80, 0xa4, 0x92, 0x4b, 0x0a, 0xd0, 0x24, 
    0x02, 0x5c, 0x96, 0xd9, 0xa5, 0x97, 0x33, 0x55, 0xa9, 0x22, 0x02, 0x24, 0x44, 
    0xd0, 0xa6, 0x99, 0x66, 0x7a, 0xf9, 0x21, 0x86, 0x05, 0x90, 0x89, 0xe5, 0x9b, 
    0x70, 0xde, 0xd9, 0xa6, 0x9c, 0x4f, 0x61, 0xc8, 0x26, 0x09, 0x80, 0x06, 0x2a, 
    0xe8, 0xa0, 0x82, 0x46, 0xa0, 0x5e, 0x8f, 0x64, 0x12, 0xaa, 0x68, 0xa1, 0x6d, 
    0x66, 0x75, 0xc0, 0xa2, 0x90, 0x36, 0x5a, 0x20, 0x01, 0x7f, 0x46, 0xaa, 0xe8, 
    0x50, 0x05, 0xb8, 0x69, 0xa9, 0xa1, 0xf2, 0xe5, 0xa4, 0x69, 0xa4, 0x08, 0x78, 
    0xf7, 0x28, 0x09, 0xf8, 0xc1, 0x46, 0x80, 0x9b, 0x36, 0x7c, 0x14, 0x10, 0x00, 
    0x21, 0xf9, 0x04, 0x09, 0x06, 0x00, 0x01, 0x00, 0x2c, 0x1c, 0x00, 0x27, 0x00, 
    0x5d, 0x00, 0x25, 0x00, 0x00, 0x08, 0xff, 0x00, 0x03, 0x08, 0x1c, 0x48, 0x90, 
    0xa0, 0x80, 0x83, 0x05, 0x13, 0x2a, 0x5c, 0xc8, 0xb0, 0x61, 0xc3, 0x83, 0x10, 
    0x23, 0x0a, 0x70, 0xf8, 0x10, 0x22, 0x81, 0x03, 0x05, 0x06, 0x0c, 0x80, 0x48, 
    0xb1, 0xa3, 0x47, 0x86, 0x07, 0x07, 0x14, 0xb0, 0x21, 0x64, 0x88, 0x49, 0x93, 
    0x3c, 0x36, 0x7e, 0x14, 0x18, 0xb2, 0x00, 0x90, 0x93, 0x30, 0x87, 0x44, 0x50, 
    0xb9, 0xb2, 0x66, 0xc5, 0x01, 0x36, 0x4e, 0x16, 0x19, 0xb2, 0x73, 0xe7, 0x49, 
    0x02, 0x03, 0x3a, 0x86, 0xcc, 0xc9, 0xb3, 0x88, 0xd1, 0xa3, 0x3e, 0x4d, 0x02, 
    0xb5, 0xc9, 0x74, 0xe0, 0x50, 0x93, 0x46, 0x13, 0x16, 0xfd, 0x19, 0x14, 0xe4, 
    0x80, 0x08, 0x50, 0x19, 0x12, 0xe0, 0x89, 0xb2, 0x6a, 0xd3, 0x95, 0x02, 0xae, 
    0x66, 0x75, 0xb8, 0xb5, 0xeb, 0xc2, 0xb0, 0x25, 0x8b, 0x78, 0x3c, 0x29, 0xc4, 
    0xeb, 0x57, 0x8a, 0x68, 0x79, 0xae, 0x64, 0xeb, 0x96, 0xe5, 0x80, 0xb1, 0x6b, 
    0x77, 0xa6, 0x7c, 0x2b, 0x34, 0xad, 0xcd, 0xb2, 0x40, 0xdc, 0x86, 0xc5, 0xfb, 
    0xf1, 0xee, 0x10, 0x20, 0x7c, 0x1d, 0x0a, 0x38, 0x20, 0x97, 0x29, 0x60, 0x83, 
    0x84, 0x57, 0x96, 0x2d, 0x90, 0xf8, 0xec, 0x56, 0xb5, 0x5f, 0x4f, 0x1e, 0x60, 
    0x89, 0xa0, 0x71, 0xd3, 0x92, 0x6d, 0x2b, 0x27, 0x14, 0x10, 0xb9, 0xe6, 0xdd, 
    0x22, 0x88, 0x03, 0x90, 0xc6, 0xfc, 0xd5, 0x70, 0x6a, 0xd1, 0x03, 0x4f, 0x27, 
    0x36, 0x5c, 0x40, 0x40, 0x67, 0xd6, 0x99, 0x4d, 0xc2, 0x76, 0xca, 0x43, 0x37, 
    0x5f, 0xc3, 0x43, 0x56, 0x0f, 0x99, 0x6d, 0x72, 0xf3, 0xee, 0xd5, 0xa2, 0x4f, 
    0x1a, 0xae, 0x0c, 0x7c, 0x77, 0x80, 0xe5, 0xcc, 0x4d, 0x42, 0x4f, 0x7c, 0xd2, 
    0xf9, 0xf4, 0xdf, 0xd2, 0x7d, 0x13, 0x1f, 0xbe, 0xfb, 0x6e, 0x77, 0xee, 0xce, 
    0xc3, 0x8b, 0xf5, 0x1f, 0x4f, 0xbe, 0xbc, 0xf9, 0xf3, 0xe8, 0xd3, 0xab, 0x5f, 
    0xcf, 0xbe, 0xbd, 0xfb, 0xf7, 0xf0, 0xe3, 0xcb, 0x9f, 0x4f, 0x3f, 0xb1, 0xc4, 
    0xfb, 0x12, 0xe1, 0xe3, 0xdf, 0x3f, 0x11, 0x2e, 0xff, 0xff, 0x08, 0xa5, 0x07, 
    0xe0, 0x7f, 0x15, 0x41, 0xa4, 0xd1, 0x81, 0x08, 0x26, 0x98, 0x9f, 0x79, 0xf7, 
    0x25, 0xe8, 0xe0, 0x81, 0x0b, 0x1a, 0x64, 0xa0, 0x46, 0x04, 0x54, 0x68, 0xe1, 
    0x85, 0x18, 0x42, 0xd8, 0xdf, 0x78, 0x11, 0x51, 0x88, 0xe1, 0x87, 0x17, 0x6a, 
    0xc4, 0x91, 0x84, 0x61, 0x55, 0x58, 0xc0, 0x89, 0x28, 0xa6, 0xa8, 0xe2, 0x89, 
    0x40, 0x6d, 0xb4, 0x61, 0x78, 0x21, 0x0d, 0x60, 0xe2, 0x8a, 0x34, 0xb2, 0xd8, 
    0x62, 0x80, 0x2c, 0x95, 0x78, 0x11, 0x02, 0x3c, 0xf6, 0xe8, 0xe3, 0x8f, 0x08, 
    0x1c, 0x80, 0x11, 0x50, 0x2f, 0x1e, 0x17, 0x12, 0x01, 0x27, 0x1e, 0x00, 0xe4, 
    0x92, 0x3c, 0x0e, 0x49, 0xa4, 0x84, 0x32, 0x1e, 0x10, 0xc1, 0x94, 0x54, 0x56, 
    0x69, 0x65, 0x95, 0x08, 0x14, 0x40, 0x40, 0x91, 0x46, 0x22, 0x59, 0x00, 0x02, 
    0x57, 0x86, 0x89, 0x65, 0x96, 0x5b, 0x4a, 0x88, 0x24, 0x02, 0x24, 0x44, 0x90, 
    0xa6, 0x98, 0x62, 0x66, 0x59, 0x5e, 0x89, 0x5f, 0x52, 0xb9, 0x26, 0x9b, 0x53, 
    0x92, 0x90, 0xa6, 0x9b, 0x05, 0x95, 0x88, 0xa6, 0x9d, 0x7c, 0xf6, 0xe9, 0xa7, 
    0x9f, 0x11, 0x9c, 0xa7, 0xa7, 0x9a, 0x7f, 0x16, 0xca, 0xa7, 0x9a, 0x81, 0x9e, 
    0x35, 0xc0, 0x01, 0x86, 0x36, 0x9a, 0xa6, 0x7a, 0x02, 0x10, 0xb0, 0xa7, 0xa3, 
    0x85, 0x0a, 0x55, 0x00, 0xa1, 0x8e, 0x26, 0xea, 0x9e, 0x48, 0x98, 0x36, 0x8a, 
    0xc0, 0x5b, 0x8b, 0xda, 0x59, 0x5f, 0x42, 0x32, 0xaa, 0x69, 0x83, 0x47, 0x01, 
    0x01, 0x00, 0x21, 0xf9, 0x04, 0x09, 0x06, 0x00, 0x01, 0x00, 0x2c, 0x1c, 0x00, 
    0x27, 0x00, 0x5d, 0x00, 0x25, 0x00, 0x00, 0x08, 0xff, 0x00, 0x03, 0x08, 0x1c, 
    0x48, 0xb0, 0xa0, 0x00, 0x01, 0x05, 0x13, 0x2a, 0x5c, 0xc8, 0xb0, 0x61, 0xc3, 
    0x83, 0x10, 0x23, 0x22, 0x74, 0xc8, 0x50, 0x22, 0x01, 0x02, 0x03, 0x06, 0x40, 
    0xa4, 0xc8, 0xb1, 0x63, 0x45, 0x01, 0x03, 0x0a, 0xd8, 0x10, 0x32, 0xa4, 0x64, 
    0x49, 0x1e, 0x1a, 0x3d, 0x0a, 0x3c, 0x18, 0xd2, 0x86, 0xc9, 0x97, 0x43, 0x10, 
    0xa4, 0x54, 0x49, 0xf3, 0x21, 0x48, 0x97, 0x25, 0x8b, 0x0c, 0xd1, 0xa9, 0xd3, 
    0x24, 0x46, 0x8e, 0x2c, 0x71, 0xee, 0x2c, 0x42, 0xb4, 0xa8, 0x49, 0x1b, 0x33, 
    0x6b, 0x2a, 0x0d, 0x10, 0x34, 0x67, 0x91, 0x84, 0x43, 0x7d, 0x0e, 0x78, 0x38, 
    0x20, 0x42, 0x4e, 0x86, 0x04, 0x76, 0x96, 0x24, 0x31, 0x75, 0x29, 0x4d, 0x90, 
    0x56, 0x77, 0x52, 0xd4, 0x3a, 0x04, 0xe5, 0x42, 0x90, 0x24, 0x9f, 0x52, 0xcc, 
    0xaa, 0xd3, 0xac, 0xd7, 0x8e, 0x68, 0xc5, 0x7a, 0x34, 0x29, 0xa4, 0x2b, 0x41, 
    0x90, 0x57, 0xe7, 0x96, 0xac, 0xfb, 0x16, 0x68, 0xda, 0x9a, 0x59, 0x87, 0x00, 
    0x31, 0x38, 0x20, 0xaf, 0xca, 0xc0, 0x83, 0xfb, 0x3e, 0x3c, 0x20, 0x17, 0x70, 
    0xc9, 0x02, 0x77, 0x0d, 0xd3, 0x0c, 0x0c, 0x59, 0xb1, 0x42, 0x01, 0x6c, 0xdf, 
    0x92, 0x1c, 0x52, 0x59, 0x00, 0x82, 0xc6, 0x4a, 0x37, 0xdb, 0xb5, 0x3c, 0x50, 
    0x80, 0xe4, 0x9a, 0x85, 0x4b, 0xae, 0x04, 0xad, 0x34, 0x75, 0x62, 0xd2, 0x03, 
    0x0b, 0xab, 0x7d, 0x1b, 0x18, 0x81, 0x67, 0xd6, 0x4a, 0x4d, 0xc2, 0x2e, 0xcd, 
    0x43, 0x75, 0xdf, 0xd4, 0x43, 0x4c, 0xeb, 0x54, 0x9c, 0xfa, 0xc0, 0x6e, 0xa6, 
    0xb8, 0x97, 0x9a, 0x4c, 0x6d, 0x19, 0xf8, 0x71, 0xe6, 0xcd, 0x4b, 0x42, 0x57, 
    0xac, 0x7b, 0xf7, 0xf4, 0xdf, 0xd2, 0x7d, 0x13, 0xd7, 0x4e, 0xba, 0xf0, 0x6e, 
    0x20, 0x43, 0x8e, 0x8b, 0xf5, 0x1f, 0x4f, 0xbe, 0xbc, 0xf9, 0xf3, 0xe8, 0xd3, 
    0xab, 0x5f, 0xcf, 0xbe, 0xbd, 0xfb, 0xf7, 0xf0, 0xe3, 0xcb, 0x9f, 0x4f, 0xbf, 
    0x3e, 0x69, 0x89, 0xf8, 0x25, 0xc6, 0xcf, 0xcf, 0x7f, 0xa2, 0xc3, 0xfe, 0x00, 
    0x6e, 0xa4, 0x5e, 0x80, 0x00, 0xda, 0x04, 0x51, 0x46, 0x08, 0x26, 0xa8, 0xa0, 
    0x7e, 0xe7, 0xe1, 0xa7, 0xe0, 0x83, 0x08, 0x32, 0x78, 0xd7, 0x81, 0x19, 0x5d, 
    0x64, 0xe1, 0x85, 0x18, 0x62, 0x94, 0xd1, 0x41, 0xe6, 0x45, 0x54, 0x61, 0x86, 
    0x20, 0x5e, 0xb4, 0x21, 0x87, 0x13, 0x82, 0x74, 0x51, 0x01, 0x28, 0xa6, 0xa8, 
    0xe2, 0x8a, 0x28, 0x6a, 0x48, 0xe2, 0x78, 0x2c, 0x0d, 0x70, 0x22, 0x8b, 0x34, 
    0xb6, 0xe8, 0xa2, 0x7f, 0x4c, 0x99, 0x48, 0xc0, 0x01, 0x08, 0xf4, 0xe8, 0xe3, 
    0x8f, 0x40, 0x22, 0x70, 0xc0, 0x01, 0x05, 0x60, 0x84, 0xe3, 0x6e, 0x07, 0x12, 
    0x80, 0x22, 0x8f, 0x41, 0x36, 0x29, 0x64, 0x91, 0x46, 0x4e, 0x28, 0xe3, 0x01, 
    0x11, 0x54, 0x69, 0xe5, 0x95, 0x58, 0x5e, 0x89, 0x40, 0x91, 0x47, 0x22, 0x89, 
    0x19, 0x8a, 0x08, 0x64, 0x29, 0xa6, 0x96, 0x5b, 0x12, 0x80, 0xe3, 0x41, 0x4a, 
    0x22, 0x40, 0x42, 0x04, 0x6b, 0x8e, 0x39, 0xe6, 0x96, 0x1d, 0xca, 0x58, 0x40, 
    0x98, 0x55, 0xb6, 0xe9, 0x66, 0x9d, 0x6b, 0xc2, 0x49, 0x18, 0x01, 0x6a, 0x92, 
    0xe0, 0xe7, 0x9f, 0x80, 0x06, 0x0a, 0x68, 0x04, 0xe8, 0x99, 0x18, 0xa6, 0xa0, 
    0x88, 0x0e, 0xba, 0x66, 0x45, 0x03, 0x1c, 0x90, 0xe8, 0xa3, 0x8b, 0x0e, 0xc8, 
    0x27, 0xa4, 0x8f, 0x02, 0x55, 0x00, 0x9b, 0x94, 0x12, 0x0a, 0x5f, 0x48, 0x98, 
    0x42, 0x8a, 0xc0, 0x5b, 0x8d, 0xfa, 0x69, 0x5f, 0x42, 0x32, 0xb2, 0x69, 0x43, 
    0x47, 0x01, 0x01, 0x00, 0x3b
};

const lv_image_dsc_t gif5 = {
  .header.cf = LV_COLOR_FORMAT_RAW,
  .header.w = 0,
  .header.h = 0,
  .data_size = sizeof(gif5_map),
  .data = gif5_map,
};
