#ifdef __has_include
    #if __has_include("lvgl.h")
        #ifndef LV_LVGL_H_INCLUDE_SIMPLE
            #define LV_LVGL_H_INCLUDE_SIMPLE
        #endif
    #endif
#endif

#if defined(LV_LVGL_H_INCLUDE_SIMPLE)
    #include "lvgl.h"
#else
    #include "lvgl/lvgl.h"
#endif


#ifndef LV_ATTRIBUTE_MEM_ALIGN
#define LV_ATTRIBUTE_MEM_ALIGN
#endif

#ifndef LV_ATTRIBUTE_IMG_GIF8
#define LV_ATTRIBUTE_IMG_GIF8
#endif

const LV_ATTRIBUTE_MEM_ALIGN LV_ATTRIBUTE_LARGE_CONST LV_ATTRIBUTE_IMG_GIF8 uint8_t gif8_map[] = {
    0x47, 0x49, 0x46, 0x38, 0x39, 0x61, 0x96, 0x00, 0x70, 0x00, 0xf7, 0x02, 0x00, 
    0x00, 0x00, 0x00, 0x00, 0x00, 0x00, 0x00, 0xff, 0x00, 0x80, 0x80, 0x80, 0xaa, 
    0xaa, 0xaa, 0xbf, 0xbf, 0xbf, 0xcc, 0xcc, 0xcc, 0xd4, 0xd4, 0xd4, 0xdb, 0xdb, 
    0xdb, 0xdf, 0xdf, 0xdf, 0xe3, 0xe3, 0xe3, 0xe6, 0xe6, 0xe6, 0xe8, 0xe8, 0xe8, 
    0xea, 0xea, 0xea, 0xeb, 0xeb, 0xeb, 0xed, 0xed, 0xed, 0xee, 0xee, 0xee, 0xef, 
    0xef, 0xef, 0xf0, 0xf0, 0xf0, 0xf1, 0xf1, 0xf1, 0xf2, 0xf2, 0xf2, 0xf2, 0xf2, 
    0xf2, 0xf3, 0xf3, 0xf3, 0xf3, 0xf3, 0xf3, 0xf4, 0xf4, 0xf4, 0xf4, 0xf4, 0xf4, 
    0xf5, 0xf5, 0xf5, 0xf5, 0xf5, 0xf5, 0xf6, 0xf6, 0xf6, 0xf6, 0xf6, 0xf6, 0xf6, 
    0xf6, 0xf6, 0xf6, 0xf6, 0xf6, 0xf7, 0xf7, 0xf7, 0xf7, 0xf7, 0xf7, 0xf7, 0xf7, 
    0xf7, 0xf8, 0xf8, 0xf8, 0xf8, 0xf8, 0xf8, 0xf8, 0xf8, 0xf8, 0xf8, 0xf8, 0xf8, 
    0xf8, 0xf8, 0xf8, 0xf8, 0xf8, 0xf8, 0xf9, 0xf9, 0xf9, 0xf9, 0xf9, 0xf9, 0xf9, 
    0xf9, 0xf9, 0xf9, 0xf9, 0xf9, 0xf9, 0xf9, 0xf9, 0xf9, 0xf9, 0xf9, 0xf9, 0xf9, 
    0xf9, 0xfa, 0xfa, 0xfa, 0xfa, 0xfa, 0xfa, 0xfa, 0xfa, 0xfa, 0xfa, 0xfa, 0xfa, 
    0xfa, 0xfa, 0xfa, 0xfa, 0xfa, 0xfa, 0xfa, 0xfa, 0xfa, 0xfa, 0xfa, 0xfa, 0xfa, 
    0xfa, 0xfa, 0xfa, 0xfa, 0xfa, 0xfa, 0xfa, 0xfa, 0xfb, 0xfb, 0xfb, 0xfb, 0xfb, 
    0xfb, 0xfb, 0xfb, 0xfb, 0xfb, 0xfb, 0xfb, 0xfb, 0xfb, 0xfb, 0xfb, 0xfb, 0xfb, 
    0xfb, 0xfb, 0xfb, 0xfb, 0xfb, 0xfb, 0xfb, 0xfb, 0xfb, 0xfb, 0xfb, 0xfb, 0xfb, 
    0xfb, 0xfb, 0xfb, 0xfb, 0xfb, 0xfb, 0xfb, 0xfb, 0xfb, 0xfb, 0xfb, 0xfb, 0xfb, 
    0xfb, 0xfb, 0xfb, 0xfb, 0xfb, 0xfb, 0xfb, 0xfb, 0xfb, 0xfb, 0xfb, 0xfb, 0xfb, 
    0xfc, 0xfc, 0xfc, 0xfc, 0xfc, 0xfc, 0xfc, 0xfc, 0xfc, 0xfc, 0xfc, 0xfc, 0xfc, 
    0xfc, 0xfc, 0xfc, 0xfc, 0xfc, 0xfc, 0xfc, 0xfc, 0xfc, 0xfc, 0xfc, 0xfc, 0xfc, 
    0xfc, 0xfc, 0xfc, 0xfc, 0xfc, 0xfc, 0xfc, 0xfc, 0xfc, 0xfc, 0xfc, 0xfc, 0xfc, 
    0xfc, 0xfc, 0xfc, 0xfc, 0xfc, 0xfc, 0xfc, 0xfc, 0xfc, 0xfc, 0xfc, 0xfc, 0xfc, 
    0xfc, 0xfc, 0xfc, 0xfc, 0xfc, 0xfc, 0xfc, 0xfc, 0xfc, 0xfc, 0xfc, 0xfc, 0xfc, 
    0xfc, 0xfc, 0xfc, 0xfc, 0xfc, 0xfc, 0xfc, 0xfc, 0xfc, 0xfc, 0xfc, 0xfc, 0xfc, 
    0xfc, 0xfc, 0xfc, 0xfc, 0xfc, 0xfc, 0xfc, 0xfc, 0xfc, 0xfc, 0xfc, 0xfc, 0xfc, 
    0xfc, 0xfc, 0xfc, 0xfc, 0xfc, 0xfc, 0xfc, 0xfc, 0xfc, 0xfc, 0xfc, 0xfc, 0xfc, 
    0xfc, 0xfc, 0xfc, 0xfc, 0xfc, 0xfc, 0xfc, 0xfc, 0xfc, 0xfc, 0xfd, 0xfd, 0xfd, 
    0xfd, 0xfd, 0xfd, 0xfd, 0xfd, 0xfd, 0xfd, 0xfd, 0xfd, 0xfd, 0xfd, 0xfd, 0xfd, 
    0xfd, 0xfd, 0xfd, 0xfd, 0xfd, 0xfd, 0xfd, 0xfd, 0xfd, 0xfd, 0xfd, 0xfd, 0xfd, 
    0xfd, 0xfd, 0xfd, 0xfd, 0xfd, 0xfd, 0xfd, 0xfd, 0xfd, 0xfd, 0xfd, 0xfd, 0xfd, 
    0xfd, 0xfd, 0xfd, 0xfd, 0xfd, 0xfd, 0xfd, 0xfd, 0xfd, 0xfd, 0xfd, 0xfd, 0xfd, 
    0xfd, 0xfd, 0xfd, 0xfd, 0xfd, 0xfd, 0xfd, 0xfd, 0xfd, 0xfd, 0xfd, 0xfd, 0xfd, 
    0xfd, 0xfd, 0xfd, 0xfd, 0xfd, 0xfd, 0xfd, 0xfd, 0xfd, 0xfd, 0xfd, 0xfd, 0xfd, 
    0xfd, 0xfd, 0xfd, 0xfd, 0xfd, 0xfd, 0xfd, 0xfd, 0xfd, 0xfd, 0xfd, 0xfd, 0xfd, 
    0xfd, 0xfd, 0xfd, 0xfd, 0xfd, 0xfd, 0xfd, 0xfd, 0xfd, 0xfd, 0xfd, 0xfd, 0xfd, 
    0xfd, 0xfd, 0xfd, 0xfd, 0xfd, 0xfd, 0xfd, 0xfd, 0xfd, 0xfd, 0xfd, 0xfd, 0xfd, 
    0xfe, 0xfe, 0xfe, 0xfe, 0xfe, 0xfe, 0xfe, 0xfe, 0xfe, 0xfe, 0xfe, 0xfe, 0xfe, 
    0xfe, 0xfe, 0xfe, 0xfe, 0xfe, 0xfe, 0xfe, 0xfe, 0xfe, 0xfe, 0xfe, 0xfe, 0xfe, 
    0xfe, 0xfe, 0xfe, 0xfe, 0xfe, 0xfe, 0xfe, 0xfe, 0xfe, 0xfe, 0xfe, 0xfe, 0xfe, 
    0xfe, 0xfe, 0xfe, 0xfe, 0xfe, 0xfe, 0xfe, 0xfe, 0xfe, 0xfe, 0xfe, 0xfe, 0xfe, 
    0xfe, 0xfe, 0xfe, 0xfe, 0xfe, 0xfe, 0xfe, 0xfe, 0xfe, 0xfe, 0xfe, 0xfe, 0xfe, 
    0xfe, 0xfe, 0xfe, 0xfe, 0xfe, 0xfe, 0xfe, 0xfe, 0xfe, 0xfe, 0xfe, 0xfe, 0xfe, 
    0xfe, 0xfe, 0xfe, 0xfe, 0xfe, 0xfe, 0xfe, 0xfe, 0xfe, 0xfe, 0xfe, 0xfe, 0xfe, 
    0xfe, 0xfe, 0xfe, 0xfe, 0xfe, 0xfe, 0xfe, 0xfe, 0xff, 0xff, 0xff, 0xff, 0xff, 
    0xff, 0xff, 0xff, 0xff, 0xff, 0xff, 0xff, 0xff, 0xff, 0xff, 0xff, 0xff, 0xff, 
    0xff, 0xff, 0xff, 0xff, 0xff, 0xff, 0xff, 0xff, 0xff, 0xff, 0xff, 0xff, 0xff, 
    0xff, 0xff, 0xff, 0xff, 0xff, 0xff, 0xff, 0xff, 0xff, 0xff, 0xff, 0xff, 0xff, 
    0xff, 0xff, 0xff, 0xff, 0xff, 0xff, 0xff, 0xff, 0xff, 0xff, 0xff, 0xff, 0xff, 
    0xff, 0xff, 0xff, 0xff, 0xff, 0xff, 0xff, 0xff, 0xff, 0xff, 0xff, 0xff, 0xff, 
    0xff, 0xff, 0xff, 0xff, 0xff, 0xff, 0xff, 0xff, 0xff, 0xff, 0xff, 0xff, 0xff, 
    0xff, 0xff, 0xff, 0xff, 0xff, 0xff, 0xff, 0xff, 0xff, 0xff, 0xff, 0xff, 0xff, 
    0xff, 0xff, 0xff, 0xff, 0xff, 0xff, 0xff, 0xff, 0xff, 0xff, 0xff, 0xff, 0xff, 
    0xff, 0xff, 0xff, 0xff, 0xff, 0xff, 0xff, 0xff, 0xff, 0xff, 0xff, 0xff, 0xff, 
    0xff, 0xff, 0xff, 0xff, 0xff, 0xff, 0xff, 0xff, 0xff, 0xff, 0xff, 0xff, 0xff, 
    0xff, 0xff, 0xff, 0xff, 0xff, 0xff, 0xff, 0xff, 0xff, 0xff, 0xff, 0xff, 0xff, 
    0xff, 0xff, 0xff, 0xff, 0xff, 0xff, 0xff, 0xff, 0xff, 0xff, 0xff, 0xff, 0xff, 
    0xff, 0xff, 0xff, 0xff, 0xff, 0xff, 0xff, 0xff, 0xff, 0xff, 0xff, 0xff, 0xff, 
    0xff, 0xff, 0xff, 0xff, 0xff, 0xff, 0xff, 0xff, 0xff, 0xff, 0xff, 0xff, 0xff, 
    0xff, 0xff, 0xff, 0xff, 0xff, 0xff, 0xff, 0xff, 0xff, 0xff, 0xff, 0xff, 0xff, 
    0xff, 0x21, 0xff, 0x0b, 0x4e, 0x45, 0x54, 0x53, 0x43, 0x41, 0x50, 0x45, 0x32, 
    0x2e, 0x30, 0x03, 0x01, 0x00, 0x00, 0x00, 0x21, 0xf9, 0x04, 0x05, 0x07, 0x00, 
    0x02, 0x00, 0x2c, 0x00, 0x00, 0x00, 0x00, 0x96, 0x00, 0x70, 0x00, 0x87, 0x00, 
    0x00, 0x00, 0x00, 0x00, 0x00, 0x00, 0xff, 0x00, 0x80, 0x80, 0x80, 0xaa, 0xaa, 
    0xaa, 0xbf, 0xbf, 0xbf, 0xcc, 0xcc, 0xcc, 0xd4, 0xd4, 0xd4, 0xdb, 0xdb, 0xdb, 
    0xdf, 0xdf, 0xdf, 0xe3, 0xe3, 0xe3, 0xe6, 0xe6, 0xe6, 0xe8, 0xe8, 0xe8, 0xea, 
    0xea, 0xea, 0xeb, 0xeb, 0xeb, 0xed, 0xed, 0xed, 0xee, 0xee, 0xee, 0xef, 0xef, 
    0xef, 0xf0, 0xf0, 0xf0, 0xf1, 0xf1, 0xf1, 0xf2, 0xf2, 0xf2, 0xf2, 0xf2, 0xf2, 
    0xf3, 0xf3, 0xf3, 0xf3, 0xf3, 0xf3, 0xf4, 0xf4, 0xf4, 0xf4, 0xf4, 0xf4, 0xf5, 
    0xf5, 0xf5, 0xf5, 0xf5, 0xf5, 0xf6, 0xf6, 0xf6, 0xf6, 0xf6, 0xf6, 0xf6, 0xf6, 
    0xf6, 0xf6, 0xf6, 0xf6, 0xf7, 0xf7, 0xf7, 0xf7, 0xf7, 0xf7, 0xf7, 0xf7, 0xf7, 
    0xf8, 0xf8, 0xf8, 0xf8, 0xf8, 0xf8, 0xf8, 0xf8, 0xf8, 0xf8, 0xf8, 0xf8, 0xf8, 
    0xf8, 0xf8, 0xf8, 0xf8, 0xf8, 0xf9, 0xf9, 0xf9, 0xf9, 0xf9, 0xf9, 0xf9, 0xf9, 
    0xf9, 0xf9, 0xf9, 0xf9, 0xf9, 0xf9, 0xf9, 0xf9, 0xf9, 0xf9, 0xf9, 0xf9, 0xf9, 
    0xfa, 0xfa, 0xfa, 0xfa, 0xfa, 0xfa, 0xfa, 0xfa, 0xfa, 0xfa, 0xfa, 0xfa, 0xfa, 
    0xfa, 0xfa, 0xfa, 0xfa, 0xfa, 0xfa, 0xfa, 0xfa, 0xfa, 0xfa, 0xfa, 0xfa, 0xfa, 
    0xfa, 0xfa, 0xfa, 0xfa, 0xfa, 0xfa, 0xfa, 0xfb, 0xfb, 0xfb, 0xfb, 0xfb, 0xfb, 
    0xfb, 0xfb, 0xfb, 0xfb, 0xfb, 0xfb, 0xfb, 0xfb, 0xfb, 0xfb, 0xfb, 0xfb, 0xfb, 
    0xfb, 0xfb, 0xfb, 0xfb, 0xfb, 0xfb, 0xfb, 0xfb, 0xfb, 0xfb, 0xfb, 0xfb, 0xfb, 
    0xfb, 0xfb, 0xfb, 0xfb, 0xfb, 0xfb, 0xfb, 0xfb, 0xfb, 0xfb, 0xfb, 0xfb, 0xfb, 
    0xfb, 0xfb, 0xfb, 0xfb, 0xfb, 0xfb, 0xfb, 0xfb, 0xfb, 0xfb, 0xfb, 0xfb, 0xfc, 
    0xfc, 0xfc, 0xfc, 0xfc, 0xfc, 0xfc, 0xfc, 0xfc, 0xfc, 0xfc, 0xfc, 0xfc, 0xfc, 
    0xfc, 0xfc, 0xfc, 0xfc, 0xfc, 0xfc, 0xfc, 0xfc, 0xfc, 0xfc, 0xfc, 0xfc, 0xfc, 
    0xfc, 0xfc, 0xfc, 0xfc, 0xfc, 0xfc, 0xfc, 0xfc, 0xfc, 0xfc, 0xfc, 0xfc, 0xfc, 
    0xfc, 0xfc, 0xfc, 0xfc, 0xfc, 0xfc, 0xfc, 0xfc, 0xfc, 0xfc, 0xfc, 0xfc, 0xfc, 
    0xfc, 0xfc, 0xfc, 0xfc, 0xfc, 0xfc, 0xfc, 0xfc, 0xfc, 0xfc, 0xfc, 0xfc, 0xfc, 
    0xfc, 0xfc, 0xfc, 0xfc, 0xfc, 0xfc, 0xfc, 0xfc, 0xfc, 0xfc, 0xfc, 0xfc, 0xfc, 
    0xfc, 0xfc, 0xfc, 0xfc, 0xfc, 0xfc, 0xfc, 0xfc, 0xfc, 0xfc, 0xfc, 0xfc, 0xfc, 
    0xfc, 0xfc, 0xfc, 0xfc, 0xfc, 0xfc, 0xfc, 0xfc, 0xfc, 0xfc, 0xfc, 0xfc, 0xfc, 
    0xfc, 0xfc, 0xfc, 0xfc, 0xfc, 0xfc, 0xfc, 0xfc, 0xfc, 0xfd, 0xfd, 0xfd, 0xfd, 
    0xfd, 0xfd, 0xfd, 0xfd, 0xfd, 0xfd, 0xfd, 0xfd, 0xfd, 0xfd, 0xfd, 0xfd, 0xfd, 
    0xfd, 0xfd, 0xfd, 0xfd, 0xfd, 0xfd, 0xfd, 0xfd, 0xfd, 0xfd, 0xfd, 0xfd, 0xfd, 
    0xfd, 0xfd, 0xfd, 0xfd, 0xfd, 0xfd, 0xfd, 0xfd, 0xfd, 0xfd, 0xfd, 0xfd, 0xfd, 
    0xfd, 0xfd, 0xfd, 0xfd, 0xfd, 0xfd, 0xfd, 0xfd, 0xfd, 0xfd, 0xfd, 0xfd, 0xfd, 
    0xfd, 0xfd, 0xfd, 0xfd, 0xfd, 0xfd, 0xfd, 0xfd, 0xfd, 0xfd, 0xfd, 0xfd, 0xfd, 
    0xfd, 0xfd, 0xfd, 0xfd, 0xfd, 0xfd, 0xfd, 0xfd, 0xfd, 0xfd, 0xfd, 0xfd, 0xfd, 
    0xfd, 0xfd, 0xfd, 0xfd, 0xfd, 0xfd, 0xfd, 0xfd, 0xfd, 0xfd, 0xfd, 0xfd, 0xfd, 
    0xfd, 0xfd, 0xfd, 0xfd, 0xfd, 0xfd, 0xfd, 0xfd, 0xfd, 0xfd, 0xfd, 0xfd, 0xfd, 
    0xfd, 0xfd, 0xfd, 0xfd, 0xfd, 0xfd, 0xfd, 0xfd, 0xfd, 0xfd, 0xfd, 0xfd, 0xfe, 
    0xfe, 0xfe, 0xfe, 0xfe, 0xfe, 0xfe, 0xfe, 0xfe, 0xfe, 0xfe, 0xfe, 0xfe, 0xfe, 
    0xfe, 0xfe, 0xfe, 0xfe, 0xfe, 0xfe, 0xfe, 0xfe, 0xfe, 0xfe, 0xfe, 0xfe, 0xfe, 
    0xfe, 0xfe, 0xfe, 0xfe, 0xfe, 0xfe, 0xfe, 0xfe, 0xfe, 0xfe, 0xfe, 0xfe, 0xfe, 
    0xfe, 0xfe, 0xfe, 0xfe, 0xfe, 0xfe, 0xfe, 0xfe, 0xfe, 0xfe, 0xfe, 0xfe, 0xfe, 
    0xfe, 0xfe, 0xfe, 0xfe, 0xfe, 0xfe, 0xfe, 0xfe, 0xfe, 0xfe, 0xfe, 0xfe, 0xfe, 
    0xfe, 0xfe, 0xfe, 0xfe, 0xfe, 0xfe, 0xfe, 0xfe, 0xfe, 0xfe, 0xfe, 0xfe, 0xfe, 
    0xfe, 0xfe, 0xfe, 0xfe, 0xfe, 0xfe, 0xfe, 0xfe, 0xfe, 0xfe, 0xfe, 0xfe, 0xfe, 
    0xfe, 0xfe, 0xfe, 0xfe, 0xfe, 0xfe, 0xfe, 0xff, 0xff, 0xff, 0xff, 0xff, 0xff, 
    0xff, 0xff, 0xff, 0xff, 0xff, 0xff, 0xff, 0xff, 0xff, 0xff, 0xff, 0xff, 0xff, 
    0xff, 0xff, 0xff, 0xff, 0xff, 0xff, 0xff, 0xff, 0xff, 0xff, 0xff, 0xff, 0xff, 
    0xff, 0xff, 0xff, 0xff, 0xff, 0xff, 0xff, 0xff, 0xff, 0xff, 0xff, 0xff, 0xff, 
    0xff, 0xff, 0xff, 0xff, 0xff, 0xff, 0xff, 0xff, 0xff, 0xff, 0xff, 0xff, 0xff, 
    0xff, 0xff, 0xff, 0xff, 0xff, 0xff, 0xff, 0xff, 0xff, 0xff, 0xff, 0xff, 0xff, 
    0xff, 0xff, 0xff, 0xff, 0xff, 0xff, 0xff, 0xff, 0xff, 0xff, 0xff, 0xff, 0xff, 
    0xff, 0xff, 0xff, 0xff, 0xff, 0xff, 0xff, 0xff, 0xff, 0xff, 0xff, 0xff, 0xff, 
    0xff, 0xff, 0xff, 0xff, 0xff, 0xff, 0xff, 0xff, 0xff, 0xff, 0xff, 0xff, 0xff, 
    0xff, 0xff, 0xff, 0xff, 0xff, 0xff, 0xff, 0xff, 0xff, 0xff, 0xff, 0xff, 0xff, 
    0xff, 0xff, 0xff, 0xff, 0xff, 0xff, 0xff, 0xff, 0xff, 0xff, 0xff, 0xff, 0xff, 
    0xff, 0xff, 0xff, 0xff, 0xff, 0xff, 0xff, 0xff, 0xff, 0xff, 0xff, 0xff, 0xff, 
    0xff, 0xff, 0xff, 0xff, 0xff, 0xff, 0xff, 0xff, 0xff, 0xff, 0xff, 0xff, 0xff, 
    0xff, 0xff, 0xff, 0xff, 0xff, 0xff, 0xff, 0xff, 0xff, 0xff, 0xff, 0xff, 0xff, 
    0xff, 0xff, 0xff, 0xff, 0xff, 0xff, 0xff, 0xff, 0xff, 0xff, 0xff, 0xff, 0xff, 
    0xff, 0xff, 0xff, 0xff, 0xff, 0xff, 0xff, 0xff, 0xff, 0xff, 0xff, 0xff, 0xff, 
    0x08, 0xff, 0x00, 0x05, 0x08, 0x1c, 0x48, 0xb0, 0xa0, 0xc1, 0x83, 0x08, 0x13, 
    0x2a, 0x5c, 0xc8, 0xb0, 0xa1, 0xc3, 0x87, 0x10, 0x23, 0x4a, 0x9c, 0x48, 0xb1, 
    0xa2, 0xc5, 0x8b, 0x18, 0x33, 0x6a, 0xdc, 0xc8, 0xb1, 0xa3, 0xc7, 0x8f, 0x20, 
    0x43, 0x8a, 0x1c, 0x49, 0xb2, 0xa4, 0xc9, 0x93, 0x28, 0x53, 0xaa, 0x5c, 0xc9, 
    0xb2, 0xa5, 0xcb, 0x97, 0x30, 0x63, 0xca, 0x9c, 0x49, 0xb3, 0xa6, 0xcd, 0x9b, 
    0x38, 0x73, 0xea, 0xdc, 0xc9, 0xb3, 0xa7, 0xcf, 0x9f, 0x40, 0x83, 0x0a, 0x1d, 
    0x4a, 0xb4, 0xa8, 0xd1, 0xa3, 0x48, 0x93, 0x2a, 0x5d, 0xca, 0xb4, 0xa9, 0xd3, 
    0xa7, 0x50, 0xa3, 0x4a, 0x9d, 0x4a, 0xb5, 0xaa, 0xd5, 0xab, 0x18, 0x09, 0x14, 
    0xd8, 0xba, 0x35, 0xaa, 0x56, 0xae, 0x60, 0x0b, 0xc4, 0xfc, 0x6a, 0xe0, 0x00, 
    0x02, 0x04, 0x09, 0x12, 0x20, 0x30, 0xc0, 0x55, 0xe9, 0x57, 0xb3, 0x68, 0xd3, 
    0xca, 0x5d, 0x2b, 0x96, 0xa5, 0x56, 0xb8, 0x0a, 0x18, 0x38, 0x78, 0x10, 0x21, 
    0x82, 0x03, 0x06, 0x0b, 0x14, 0x1c, 0x60, 0x7b, 0x94, 0x80, 0x01, 0x04, 0x79, 
    0xf7, 0x46, 0x90, 0xc0, 0x58, 0x82, 0x5f, 0x06, 0x09, 0x0e, 0xd4, 0x45, 0x69, 
    0x18, 0xc1, 0x82, 0x06, 0x10, 0x26, 0x58, 0xd0, 0xc0, 0x01, 0x04, 0x08, 0x0e, 
    0x18, 0x28, 0x48, 0x68, 0xb0, 0x60, 0x2d, 0xd1, 0xbb, 0x0a, 0x1c, 0x44, 0xb0, 
    0x70, 0xd0, 0x01, 0x05, 0x0a, 0x10, 0x20, 0x1f, 0xa0, 0x7c, 0x40, 0xc1, 0x83, 
    0x09, 0x18, 0x14, 0x2a, 0x80, 0x00, 0xa1, 0x41, 0x02, 0x03, 0x42, 0x0d, 0x27, 
    0x68, 0x20, 0x41, 0x03, 0x43, 0xdb, 0x0e, 0x04, 0x03, 0x27, 0x49, 0xe0, 0xc0, 
    0x82, 0x08, 0xc6, 0x1b, 0x1a, 0xb8, 0x2c, 0x18, 0x68, 0xf3, 0xdd, 0xb9, 0x1f, 
    0x26, 0x00, 0x8c, 0x80, 0xf9, 0x01, 0x06, 0x13, 0x24, 0x6e, 0xff, 0xaf, 0xee, 
    0xd3, 0x40, 0x02, 0x08, 0xd1, 0x21, 0x0e, 0x27, 0x0f, 0xb2, 0x39, 0x78, 0x8a, 
    0x08, 0x18, 0x98, 0xe6, 0x59, 0x00, 0x41, 0x83, 0xec, 0xe2, 0x19, 0xb0, 0xf7, 
    0x68, 0x40, 0x01, 0xf4, 0x8a, 0x88, 0xcd, 0x97, 0x93, 0x7b, 0x14, 0x58, 0x14, 
    0x5f, 0x77, 0x1f, 0xd5, 0x77, 0x9f, 0x45, 0xfd, 0x95, 0xb6, 0x53, 0x01, 0x09, 
    0x44, 0x10, 0x5e, 0x45, 0xfd, 0xed, 0xb7, 0x51, 0x7f, 0x12, 0x60, 0x74, 0xe0, 
    0x4e, 0xd3, 0x15, 0x78, 0xd1, 0x86, 0x1d, 0x29, 0x18, 0x01, 0x46, 0x15, 0xce, 
    0x86, 0x53, 0x7d, 0x0f, 0x64, 0x78, 0x51, 0x85, 0x1e, 0x15, 0xe0, 0x9f, 0x02, 
    0x19, 0x81, 0x78, 0x93, 0x8b, 0x2a, 0xae, 0xa8, 0xc0, 0x02, 0x26, 0x5e, 0xe8, 
    0x9f, 0x46, 0xfd, 0x21, 0x78, 0x53, 0x7f, 0x0f, 0x64, 0xd4, 0x9f, 0x03, 0x09, 
    0x74, 0x34, 0x24, 0x8f, 0x0a, 0xf8, 0x68, 0x53, 0x7f, 0x45, 0x0a, 0xe9, 0x20, 
    0x47, 0x4c, 0x6e, 0x84, 0x16, 0x56, 0x54, 0x56, 0x69, 0xe5, 0x95, 0x58, 0x66, 
    0xa9, 0xe5, 0x96, 0x5c, 0x76, 0xe9, 0xe5, 0x97, 0x60, 0x86, 0x29, 0xe6, 0x98, 
    0x64, 0x96, 0x69, 0xe6, 0x99, 0x68, 0xa6, 0xa9, 0xe6, 0x9a, 0x6c, 0xb6, 0xe9, 
    0xe6, 0x9b, 0x70, 0xb6, 0x17, 0x56, 0x9c, 0x59, 0x15, 0x00, 0x57, 0x5a, 0x74, 
    0xd1, 0x49, 0x51, 0x65, 0x97, 0xf1, 0xf5, 0x58, 0x64, 0x7a, 0x46, 0x74, 0xdd, 
    0x6d, 0xac, 0x09, 0x60, 0x01, 0x06, 0x16, 0x40, 0x60, 0x61, 0xa0, 0x09, 0x35, 
    0xf7, 0x1c, 0x7e, 0x03, 0x25, 0xf0, 0xc0, 0x03, 0x8b, 0x32, 0x6a, 0x90, 0x79, 
    0x11, 0x70, 0x80, 0x90, 0xa4, 0x0f, 0x28, 0x69, 0xe9, 0x41, 0x06, 0x30, 0x50, 
    0x28, 0x42, 0xa1, 0xe2, 0xf8, 0x29, 0x42, 0x28, 0xa6, 0x07, 0x6a, 0x6a, 0x9e, 
    0x9e, 0x2a, 0x90, 0x8b, 0x14, 0xc0, 0xff, 0x98, 0x10, 0x90, 0x4d, 0xba, 0x4a, 
    0x50, 0xa8, 0x13, 0xc8, 0x4a, 0xea, 0x6e, 0xb5, 0xda, 0x2a, 0x00, 0x8a, 0x14, 
    0xfc, 0x36, 0x2b, 0x03, 0x11, 0xf4, 0xea, 0x6a, 0x73, 0x0d, 0x6c, 0x06, 0x81, 
    0x80, 0x04, 0xa1, 0x38, 0xa1, 0xaf, 0xee, 0x59, 0x00, 0xc2, 0x08, 0x18, 0x50, 
    0x9a, 0xe3, 0x40, 0x18, 0xd6, 0x68, 0x2b, 0x86, 0x9a, 0x0a, 0x00, 0x82, 0x06, 
    0x11, 0x08, 0x28, 0xdc, 0x03, 0xaa, 0xba, 0x5a, 0x9f, 0x03, 0xaa, 0xee, 0x46, 
    0xe4, 0x60, 0x87, 0xed, 0xa6, 0x41, 0xb9, 0x9f, 0x12, 0x68, 0x10, 0xa7, 0x80, 
    0x31, 0xf0, 0x00, 0x05, 0xdd, 0x42, 0xfb, 0xdd, 0x04, 0xf9, 0x62, 0x0b, 0x9e, 
    0x05, 0x9b, 0x81, 0x90, 0x82, 0xaf, 0x02, 0x39, 0x3a, 0x01, 0x08, 0x06, 0xa5, 
    0x3a, 0xc2, 0xc0, 0x04, 0x63, 0x1b, 0x61, 0xbf, 0x05, 0x7f, 0x67, 0xc1, 0x08, 
    0x3b, 0x34, 0x3c, 0x90, 0x82, 0x90, 0x46, 0x0c, 0xde, 0x08, 0x16, 0x0f, 0x44, 
    0x20, 0xc4, 0x06, 0x23, 0xdc, 0xb1, 0x00, 0x21, 0x17, 0x64, 0x30, 0xc4, 0x0d, 
    0x63, 0x0a, 0xb2, 0x73, 0x07, 0x8f, 0xfc, 0xaa, 0x7d, 0x19, 0x9f, 0xec, 0xf2, 
    0xaf, 0xce, 0x51, 0xa0, 0xaa, 0xcc, 0x2e, 0x5f, 0x27, 0x41, 0xbe, 0x5a, 0xc5, 
    0xc7, 0xef, 0xcc, 0x02, 0x98, 0x87, 0x9e, 0xc7, 0xe6, 0x35, 0x80, 0x2f, 0xd0, 
    0x18, 0x7b, 0x5c, 0x1b, 0x04, 0x19, 0x77, 0xfc, 0x71, 0xc4, 0x0b, 0xec, 0x0c, 
    0xf4, 0xab, 0x0f, 0x2f, 0xf0, 0xab, 0xcf, 0x28, 0xbb, 0x8c, 0x00, 0xd3, 0xc9, 
    0x2d, 0xf0, 0xc0, 0xc4, 0x53, 0x17, 0x94, 0x80, 0x04, 0xaf, 0x61, 0x00, 0x02, 
    0x0c, 0x61, 0x1b, 0x74, 0x00, 0xba, 0x29, 0x54, 0x9c, 0xf6, 0x41, 0x0a, 0xc0, 
    0xfb, 0xf6, 0xdc, 0x74, 0xd7, 0x6d, 0xf7, 0xdd, 0x78, 0xe7, 0xad, 0xf7, 0xde, 
    0x7c, 0xf7, 0x0a, 0xed, 0xf7, 0xdf, 0x80, 0x07, 0x2e, 0x78, 0x9b, 0x01, 0x01, 
    0x00, 0x21, 0xf9, 0x04, 0x09, 0x06, 0x00, 0x02, 0x00, 0x2c, 0x1c, 0x00, 0x19, 
    0x00, 0x5d, 0x00, 0x47, 0x00, 0x00, 0x08, 0xff, 0x00, 0x05, 0x08, 0x1c, 0x48, 
    0xb0, 0xa0, 0xc1, 0x83, 0x08, 0x13, 0x2a, 0x5c, 0x88, 0x90, 0x40, 0x81, 0x87, 
    0x0f, 0x19, 0x32, 0x74, 0x08, 0xb1, 0x62, 0x01, 0x89, 0x18, 0x33, 0x1e, 0xa4, 
    0x68, 0xe0, 0x00, 0x02, 0x04, 0x09, 0x12, 0x20, 0x30, 0x00, 0x51, 0xa3, 0x00, 
    0x8a, 0x1e, 0x41, 0x86, 0x5c, 0x39, 0xf2, 0xa2, 0xc9, 0x97, 0x09, 0x1d, 0xa6, 
    0x54, 0xc0, 0xc0, 0xc1, 0x83, 0x08, 0x11, 0x1c, 0x30, 0x58, 0xa0, 0xe0, 0x00, 
    0x49, 0x8c, 0x04, 0x0c, 0x20, 0xa0, 0x69, 0x33, 0x82, 0x84, 0xa3, 0x12, 0x72, 
    0x32, 0x48, 0x70, 0xc0, 0x25, 0xcc, 0xa7, 0x27, 0x85, 0x2e, 0x68, 0x00, 0x61, 
    0x82, 0x05, 0x0d, 0x1c, 0x40, 0x80, 0xe0, 0x80, 0x81, 0x82, 0x84, 0x06, 0x0b, 
    0x46, 0x2e, 0x94, 0xa9, 0xc0, 0x41, 0x04, 0x0b, 0x07, 0x1d, 0x50, 0xa0, 0x00, 
    0x61, 0xe9, 0x01, 0xa8, 0x30, 0x09, 0x1c, 0x50, 0xf0, 0x60, 0x02, 0x06, 0x85, 
    0x0a, 0x20, 0x40, 0x68, 0x90, 0xc0, 0x40, 0x4c, 0x03, 0x09, 0x1a, 0x48, 0xd0, 
    0xc0, 0x90, 0xae, 0x83, 0x9e, 0x7e, 0xe1, 0x02, 0x3d, 0xb0, 0x20, 0x02, 0x61, 
    0x89, 0x06, 0xa6, 0xf6, 0xdc, 0x38, 0x17, 0xc2, 0xdd, 0x8c, 0x09, 0x76, 0x22, 
    0x50, 0x2c, 0x51, 0x2e, 0x83, 0x09, 0x2f, 0x33, 0x4f, 0x2e, 0x08, 0x18, 0xc2, 
    0x63, 0x8d, 0x81, 0x47, 0x73, 0x6e, 0x78, 0xe0, 0xf3, 0x53, 0x04, 0x0c, 0xc4, 
    0x0e, 0x2c, 0x80, 0xa0, 0xc1, 0xe5, 0xd0, 0x0c, 0x54, 0xaf, 0x26, 0xad, 0xc0, 
    0x31, 0xd4, 0xa1, 0xb2, 0x3d, 0x53, 0x80, 0x0b, 0x7b, 0xf3, 0xee, 0x82, 0xb4, 
    0x6d, 0xc3, 0x35, 0xa0, 0x20, 0xac, 0xc0, 0x02, 0x09, 0x22, 0x80, 0x86, 0xca, 
    0x5c, 0xf7, 0x71, 0xe6, 0x12, 0x38, 0x17, 0x17, 0x18, 0x79, 0xb8, 0xe2, 0xed, 
    0xc7, 0x9f, 0xd7, 0xff, 0x8e, 0xc0, 0xb9, 0x7a, 0x53, 0x04, 0x0f, 0xb2, 0x2b, 
    0xae, 0x1e, 0xfe, 0x79, 0x6f, 0x05, 0xab, 0x8b, 0x17, 0x50, 0xa0, 0x7e, 0x7d, 
    0xf3, 0xb7, 0xe1, 0x99, 0x93, 0x5f, 0xcd, 0x7c, 0x24, 0x5d, 0xfe, 0x65, 0x25, 
    0xd0, 0x1e, 0x73, 0x0e, 0xec, 0xd6, 0x1f, 0x73, 0x02, 0xf2, 0xe7, 0x5c, 0x7e, 
    0x0a, 0x24, 0x18, 0x9f, 0x83, 0xed, 0x45, 0x28, 0xe1, 0x84, 0x14, 0x56, 0x68, 
    0xe1, 0x85, 0x18, 0x66, 0xa8, 0xe1, 0x86, 0x1c, 0x76, 0xe8, 0xe1, 0x87, 0x20, 
    0x86, 0x28, 0xe2, 0x88, 0x24, 0x96, 0x68, 0xe2, 0x89, 0x28, 0xa6, 0xa8, 0xe2, 
    0x8a, 0x2c, 0xb6, 0xe8, 0xe2, 0x8b, 0x30, 0xc6, 0x28, 0xe3, 0x8c, 0x34, 0xd6, 
    0xd8, 0x90, 0x45, 0x36, 0xbe, 0x24, 0xd3, 0x47, 0x21, 0xb5, 0x94, 0x23, 0x50, 
    0x80, 0x4d, 0x75, 0x93, 0x52, 0x7d, 0xfd, 0x38, 0xd6, 0x5c, 0x0f, 0x50, 0x80, 
    0x01, 0x07, 0x4c, 0x72, 0x60, 0x01, 0x04, 0xd6, 0x19, 0x39, 0x90, 0x5c, 0x8d, 
    0xdd, 0x36, 0x10, 0x7a, 0x0f, 0x44, 0x29, 0x25, 0x60, 0xbe, 0x1d, 0x94, 0x80, 
    0x5e, 0xc6, 0x49, 0x39, 0xdb, 0x01, 0xca, 0x25, 0x94, 0x40, 0x96, 0x62, 0x12, 
    0x34, 0x9f, 0x04, 0x1c, 0x28, 0x14, 0x19, 0x03, 0xf8, 0xa5, 0xc9, 0x1c, 0x05, 
    0xf0, 0x25, 0x44, 0x60, 0x98, 0x62, 0x46, 0x26, 0x01, 0x84, 0x06, 0x31, 0x07, 
    0x01, 0x9f, 0x46, 0x1a, 0xc0, 0xc0, 0x9e, 0x6e, 0x36, 0x06, 0x68, 0x8e, 0xb4, 
    0x25, 0x09, 0x27, 0x42, 0xb4, 0x39, 0x30, 0x9d, 0x9c, 0x0a, 0x4c, 0xa0, 0xc1, 
    0x04, 0x0b, 0xc4, 0x49, 0x10, 0x76, 0xfb, 0x89, 0xd9, 0x28, 0x06, 0x23, 0x70, 
    0x20, 0x01, 0x62, 0x53, 0x02, 0xf6, 0x80, 0x95, 0x5b, 0xd2, 0x07, 0x82, 0x00, 
    0x16, 0x60, 0x30, 0x81, 0x03, 0x4c, 0x19, 0x20, 0x54, 0x5e, 0x1a, 0xa0, 0xab, 
    0x95, 0x66, 0x72, 0x56, 0xd2, 0xf5, 0xc0, 0x4e, 0x0c, 0x24, 0xd9, 0x66, 0x9a, 
    0xdc, 0xd1, 0xb7, 0xeb, 0x95, 0x8e, 0xa6, 0x0a, 0x42, 0x0a, 0xbc, 0x8a, 0x57, 
    0xe6, 0xa5, 0x0c, 0x70, 0x4a, 0x6c, 0xb1, 0x27, 0xb5, 0xe6, 0x9d, 0x9a, 0xe8, 
    0x71, 0x00, 0x03, 0xb3, 0xee, 0x75, 0x79, 0x69, 0xa4, 0x23, 0x50, 0x2b, 0x40, 
    0x01, 0x07, 0x38, 0x40, 0xea, 0xb6, 0xdd, 0x9e, 0xc6, 0xec, 0x7c, 0x92, 0x16, 
    0x24, 0x9c, 0xb6, 0xdb, 0x22, 0xe0, 0x80, 0xb8, 0xcd, 0x7e, 0xf6, 0x2b, 0xb3, 
    0xd8, 0x89, 0x4b, 0xe5, 0x04, 0xa7, 0x6a, 0x4b, 0x2b, 0x41, 0xf3, 0xbe, 0x0b, 
    0x2f, 0x7d, 0xcf, 0xe6, 0x8b, 0x6e, 0xba, 0xc7, 0x0a, 0xc0, 0xa5, 0xbe, 0xc5, 
    0x9e, 0x3b, 0x5b, 0x6d, 0xdf, 0x16, 0xab, 0x5f, 0xbf, 0xce, 0xd6, 0x6b, 0x6f, 
    0x6d, 0xb2, 0x36, 0xbb, 0xc0, 0x04, 0x04, 0x17, 0x4b, 0xee, 0x63, 0xb4, 0xb9, 
    0xfb, 0x6f, 0xba, 0xeb, 0xa2, 0x95, 0x31, 0xc5, 0x1b, 0x6f, 0xeb, 0x6b, 0xa5, 
    0x81, 0x51, 0xe0, 0xf0, 0xc6, 0x07, 0x58, 0x96, 0x94, 0xa4, 0xcb, 0x86, 0x3c, 
    0x90, 0xb7, 0xc3, 0xee, 0xe0, 0xb2, 0x41, 0x0b, 0x60, 0x00, 0x83, 0x13, 0x29, 
    0x06, 0x04, 0x00, 0x21, 0xf9, 0x04, 0x09, 0x07, 0x00, 0x02, 0x00, 0x2c, 0x1c, 
    0x00, 0x19, 0x00, 0x5d, 0x00, 0x48, 0x00, 0x00, 0x08, 0xff, 0x00, 0x05, 0x08, 
    0x1c, 0x48, 0xb0, 0xa0, 0xc1, 0x83, 0x08, 0x13, 0x2a, 0x5c, 0x88, 0x90, 0x40, 
    0x81, 0x87, 0x0f, 0x19, 0x32, 0x74, 0x08, 0xb1, 0x62, 0x01, 0x89, 0x18, 0x33, 
    0x1e, 0xa4, 0x68, 0xe0, 0x00, 0x02, 0x04, 0x09, 0x12, 0x20, 0x30, 0x00, 0x51, 
    0xa3, 0x00, 0x8a, 0x1e, 0x41, 0x86, 0x5c, 0x39, 0xf2, 0xa2, 0xc9, 0x97, 0x09, 
    0x1d, 0xa6, 0x54, 0xc0, 0xc0, 0xc1, 0x83, 0x08, 0x11, 0x1c, 0x30, 0x58, 0xa0, 
    0xe0, 0x00, 0x49, 0x8c, 0x04, 0x0c, 0x20, 0xa0, 0x69, 0x33, 0x82, 0x84, 0xa3, 
    0x12, 0x72, 0x32, 0x48, 0x70, 0xc0, 0x25, 0xcc, 0xa7, 0x27, 0x85, 0x2e, 0x68, 
    0x00, 0x61, 0x82, 0x05, 0x0d, 0x1c, 0x40, 0x80, 0xe0, 0x80, 0x81, 0x82, 0x84, 
    0x06, 0x0b, 0x46, 0x2e, 0x94, 0xa9, 0xc0, 0x41, 0x04, 0x0b, 0x07, 0x1d, 0x50, 
    0xa0, 0x00, 0x61, 0xe9, 0x01, 0xa8, 0x30, 0x09, 0x1c, 0x50, 0xf0, 0x60, 0x02, 
    0x06, 0x85, 0x0a, 0x20, 0x40, 0x68, 0x90, 0xc0, 0x40, 0x4c, 0x03, 0x09, 0x1a, 
    0x48, 0xd0, 0xc0, 0x90, 0xae, 0x83, 0x9e, 0x7e, 0xe1, 0x02, 0x3d, 0xb0, 0x20, 
    0x02, 0x61, 0x89, 0x06, 0xa6, 0xf6, 0xdc, 0x38, 0x17, 0xc2, 0xdd, 0x8c, 0x09, 
    0x76, 0x22, 0x50, 0x2c, 0x51, 0x2e, 0x83, 0x09, 0x2f, 0x33, 0x4f, 0x2e, 0x08, 
    0x18, 0xc2, 0x63, 0x8d, 0x81, 0x47, 0x73, 0x6e, 0x78, 0xe0, 0xf3, 0x53, 0x04, 
    0x0c, 0xc4, 0x0e, 0x2c, 0x80, 0xa0, 0xc1, 0xe5, 0xd0, 0x0c, 0x54, 0xaf, 0x26, 
    0xad, 0xc0, 0x31, 0xd4, 0xa1, 0xb2, 0x3d, 0x53, 0x80, 0x0b, 0x7b, 0xf3, 0xee, 
    0x82, 0xb4, 0x6d, 0xc3, 0x35, 0xa0, 0x20, 0xac, 0xc0, 0x02, 0x09, 0x22, 0x80, 
    0x86, 0xca, 0x5c, 0xf7, 0x71, 0xe6, 0x12, 0x38, 0x17, 0x17, 0x18, 0x79, 0xb8, 
    0xe2, 0xed, 0xc7, 0x9f, 0xd7, 0xff, 0x8e, 0xc0, 0xb9, 0x7a, 0x53, 0x04, 0x0f, 
    0xb2, 0x2b, 0xae, 0x1e, 0xfe, 0x79, 0x6f, 0x05, 0xab, 0x8b, 0x17, 0x50, 0xa0, 
    0x7e, 0x7d, 0xf3, 0xb7, 0xe1, 0x99, 0x93, 0x5f, 0xcd, 0x7c, 0x24, 0x5d, 0xfe, 
    0x65, 0x25, 0xd0, 0x1e, 0x73, 0x0e, 0xec, 0xd6, 0x1f, 0x73, 0x02, 0xf2, 0xe7, 
    0x5c, 0x7e, 0x0a, 0x24, 0x18, 0x9f, 0x83, 0xed, 0x45, 0x28, 0xe1, 0x84, 0x14, 
    0x56, 0x68, 0xe1, 0x85, 0x18, 0x66, 0xa8, 0xe1, 0x86, 0x1c, 0x76, 0xe8, 0xe1, 
    0x87, 0x20, 0x86, 0x28, 0xe2, 0x88, 0x24, 0x96, 0x68, 0xe2, 0x89, 0x28, 0xa6, 
    0xa8, 0xe2, 0x8a, 0x2c, 0xb6, 0xe8, 0xe2, 0x8b, 0x30, 0xc6, 0x28, 0xe3, 0x8c, 
    0x22, 0x3a, 0x44, 0xa3, 0x62, 0x28, 0xf9, 0xf4, 0xd3, 0x8d, 0x1a, 0xc9, 0x34, 
    0xd4, 0x02, 0x3b, 0x29, 0x20, 0x1b, 0x8f, 0x13, 0x49, 0xe5, 0x80, 0x04, 0x6b, 
    0x79, 0xf5, 0x40, 0x4f, 0x4e, 0x11, 0x49, 0x19, 0x5d, 0xde, 0x0d, 0x44, 0xd7, 
    0x03, 0xb1, 0x39, 0x99, 0x50, 0x69, 0xb7, 0x15, 0x94, 0xc0, 0x61, 0xf8, 0x59, 
    0x49, 0xda, 0x02, 0x68, 0x21, 0x14, 0x99, 0x03, 0xc6, 0x79, 0x39, 0x1b, 0x7a, 
    0xa7, 0x1d, 0x84, 0x80, 0x03, 0x0b, 0x98, 0x49, 0xd0, 0x7c, 0x13, 0x44, 0xa9, 
    0xa6, 0x03, 0x0d, 0x74, 0x69, 0xa6, 0x01, 0x0c, 0x58, 0x00, 0xdf, 0x95, 0x0b, 
    0x3c, 0x00, 0xa1, 0x97, 0x91, 0x49, 0xb0, 0xa7, 0x98, 0x0b, 0x40, 0xf0, 0xa7, 
    0x95, 0x91, 0x45, 0xc0, 0x80, 0x42, 0x78, 0xee, 0xe7, 0xa6, 0x00, 0x78, 0x4e, 
    0xf0, 0xc0, 0x90, 0x6f, 0xa2, 0x07, 0xc1, 0xa3, 0xdc, 0x35, 0x60, 0x01, 0x05, 
    0x0e, 0x30, 0xd5, 0x64, 0x01, 0xad, 0xc9, 0x69, 0x26, 0x74, 0x11, 0x64, 0x85, 
    0x41, 0x5b, 0x9e, 0x16, 0x20, 0xd4, 0x67, 0xd3, 0x3d, 0xda, 0xdd, 0x08, 0x02, 
    0x6c, 0xc0, 0x75, 0x6a, 0x90, 0x7d, 0x5a, 0x00, 0x02, 0xa6, 0x02, 0xd0, 0xe6, 
    0x00, 0x07, 0x04, 0x3d, 0x60, 0xc1, 0xa6, 0x16, 0x60, 0xc0, 0x01, 0xac, 0xb8, 
    0xc2, 0x49, 0xec, 0x40, 0x06, 0x38, 0xa0, 0xc1, 0x08, 0x29, 0xe0, 0x2a, 0x9e, 
    0xb2, 0x06, 0x1d, 0xb0, 0x2b, 0x0c, 0xce, 0x72, 0x47, 0x9f, 0xa8, 0xa4, 0x8e, 
    0x90, 0x26, 0xa6, 0x91, 0x85, 0x49, 0x10, 0x73, 0x16, 0x1c, 0x5b, 0x2c, 0x7a, 
    0xde, 0x3e, 0xcb, 0x6b, 0xb5, 0x90, 0x2a, 0x30, 0x41, 0xab, 0x27, 0xb5, 0x66, 
    0xc1, 0xb9, 0xce, 0x82, 0xea, 0x40, 0x96, 0xe9, 0x46, 0x70, 0x2b, 0xba, 0xf3, 
    0x49, 0xc0, 0x6e, 0x72, 0xdb, 0xe2, 0xda, 0x2d, 0x41, 0xc2, 0xc1, 0x1b, 0x2f, 
    0x7a, 0xf5, 0x41, 0x1a, 0x9d, 0xc0, 0xce, 0x62, 0x57, 0x9f, 0xbc, 0xf4, 0x8e, 
    0xab, 0x1c, 0xb2, 0xf4, 0xf5, 0xcb, 0x2d, 0x7d, 0xad, 0x26, 0x57, 0x6e, 0xb5, 
    0x78, 0x46, 0x29, 0x1c, 0xba, 0x67, 0xa6, 0x87, 0x6c, 0x74, 0x0d, 0xfb, 0x4b, 
    0xdf, 0x7e, 0xc9, 0x85, 0x8c, 0xa9, 0xae, 0x61, 0xd2, 0xc6, 0x80, 0xa8, 0x18, 
    0x53, 0xbc, 0x40, 0x02, 0x0b, 0x38, 0xf0, 0x2b, 0xc7, 0x04, 0x21, 0x10, 0x41, 
    0x57, 0x14, 0xd8, 0xda, 0x2c, 0xcd, 0x04, 0x25, 0x30, 0x01, 0x07, 0x29, 0xc0, 
    0xb0, 0x03, 0xcf, 0x07, 0x2d, 0xa0, 0x01, 0x0c, 0x4e, 0x9c, 0x18, 0x10, 0x00, 
    0x21, 0xf9, 0x04, 0x09, 0x07, 0x00, 0x02, 0x00, 0x2c, 0x1c, 0x00, 0x19, 0x00, 
    0x5d, 0x00, 0x49, 0x00, 0x00, 0x08, 0xff, 0x00, 0x05, 0x08, 0x1c, 0x48, 0xb0, 
    0xa0, 0xc1, 0x83, 0x08, 0x13, 0x2a, 0x5c, 0x88, 0x90, 0x40, 0x81, 0x87, 0x0f, 
    0x19, 0x32, 0x74, 0x08, 0xb1, 0x62, 0x01, 0x89, 0x18, 0x33, 0x1e, 0xa4, 0x68, 
    0xe0, 0x00, 0x02, 0x04, 0x09, 0x12, 0x20, 0x30, 0x00, 0x51, 0xa3, 0x00, 0x8a, 
    0x1e, 0x41, 0x86, 0x5c, 0x39, 0xf2, 0xa2, 0xc9, 0x97, 0x09, 0x1d, 0xa6, 0x54, 
    0xc0, 0xc0, 0xc1, 0x83, 0x08, 0x11, 0x1c, 0x30, 0x58, 0xa0, 0xe0, 0x00, 0x49, 
    0x8c, 0x04, 0x0c, 0x20, 0xa0, 0x69, 0x33, 0x82, 0x84, 0xa3, 0x12, 0x72, 0x32, 
    0x48, 0x70, 0xc0, 0x25, 0xcc, 0xa7, 0x27, 0x85, 0x2e, 0x68, 0x00, 0x61, 0x82, 
    0x05, 0x0d, 0x1c, 0x40, 0x80, 0xe0, 0x80, 0x81, 0x82, 0x84, 0x06, 0x0b, 0x46, 
    0x2e, 0x94, 0xa9, 0xc0, 0x41, 0x04, 0x0b, 0x07, 0x1d, 0x50, 0xa0, 0x00, 0x61, 
    0xe9, 0x01, 0xa8, 0x30, 0x09, 0x1c, 0x50, 0xf0, 0x60, 0x02, 0x06, 0x85, 0x0a, 
    0x20, 0x40, 0x68, 0x90, 0xc0, 0x40, 0x4c, 0x03, 0x09, 0x1a, 0x48, 0xd0, 0xc0, 
    0x90, 0xae, 0x83, 0x9e, 0x7e, 0xe1, 0x02, 0x3d, 0xb0, 0x20, 0x02, 0x61, 0x89, 
    0x06, 0xa6, 0xf6, 0xdc, 0x38, 0x17, 0xc2, 0xdd, 0x8c, 0x09, 0x76, 0x22, 0x50, 
    0x2c, 0x51, 0x2e, 0x83, 0x09, 0x2f, 0x33, 0x4f, 0x2e, 0x08, 0x18, 0xc2, 0x63, 
    0x8d, 0x81, 0x47, 0x73, 0x6e, 0x78, 0xe0, 0xf3, 0x53, 0x04, 0x0c, 0xc4, 0x0e, 
    0x2c, 0x80, 0xa0, 0xc1, 0xe5, 0xd0, 0x0c, 0x54, 0xaf, 0x26, 0xad, 0xc0, 0x31, 
    0xd4, 0xa1, 0xb2, 0x3d, 0x53, 0x80, 0x0b, 0x7b, 0xf3, 0xee, 0x82, 0xb4, 0x6d, 
    0xc3, 0x35, 0xa0, 0x20, 0xac, 0xc0, 0x02, 0x09, 0x22, 0x80, 0x86, 0xca, 0x5c, 
    0xf7, 0x71, 0xe6, 0x12, 0x38, 0x17, 0x17, 0x18, 0x79, 0xb8, 0xe2, 0xed, 0xc7, 
    0x9f, 0xd7, 0xff, 0x8e, 0xc0, 0xb9, 0x7a, 0x53, 0x04, 0x0f, 0xb2, 0x2b, 0xae, 
    0x1e, 0xfe, 0x79, 0x6f, 0x05, 0xab, 0x8b, 0x17, 0x50, 0xa0, 0x7e, 0x7d, 0xf3, 
    0xb7, 0xe1, 0x99, 0x93, 0x5f, 0xcd, 0x7c, 0x24, 0x5d, 0xfe, 0x65, 0x25, 0xd0, 
    0x1e, 0x73, 0x0e, 0xec, 0xd6, 0x1f, 0x73, 0x02, 0xf2, 0xe7, 0x5c, 0x7e, 0x0a, 
    0x24, 0x18, 0x9f, 0x83, 0xed, 0x45, 0x28, 0xe1, 0x84, 0x14, 0x56, 0x68, 0xe1, 
    0x85, 0x18, 0x66, 0xa8, 0xe1, 0x86, 0x1c, 0x76, 0xe8, 0xe1, 0x87, 0x20, 0x86, 
    0x28, 0xe2, 0x88, 0x24, 0x96, 0x68, 0xe2, 0x89, 0x28, 0xa6, 0xa8, 0xe2, 0x8a, 
    0x2c, 0xb6, 0xe8, 0xe2, 0x8b, 0x30, 0xc6, 0x28, 0xe3, 0x8c, 0x1f, 0x52, 0x54, 
    0x12, 0x8d, 0x71, 0x15, 0x90, 0x52, 0x48, 0x2d, 0xe1, 0xa8, 0x51, 0x50, 0x09, 
    0x4c, 0x75, 0x93, 0x52, 0x4c, 0xf9, 0xd8, 0xd9, 0x5c, 0x0e, 0xd8, 0x85, 0x15, 
    0x07, 0x1a, 0x58, 0x00, 0x81, 0x75, 0x46, 0x16, 0x24, 0x57, 0x63, 0xa7, 0x0d, 
    0xd4, 0xdb, 0x93, 0xf8, 0x45, 0x69, 0x10, 0x73, 0x10, 0x70, 0x80, 0x50, 0x5e, 
    0x10, 0x18, 0xa7, 0x25, 0x41, 0x3a, 0x3a, 0x70, 0xdb, 0x41, 0x09, 0x3c, 0xc0, 
    0xc0, 0x98, 0xc8, 0xd1, 0xe7, 0x65, 0x42, 0x06, 0x30, 0x10, 0x1b, 0x9b, 0x03, 
    0x45, 0x66, 0x01, 0x5a, 0x70, 0x2e, 0xf0, 0x80, 0x98, 0x6c, 0xda, 0x09, 0x1f, 
    0x9c, 0x79, 0x41, 0x38, 0x66, 0x64, 0x13, 0xfc, 0x89, 0x50, 0x9c, 0x11, 0x08, 
    0x3a, 0x26, 0x7a, 0x0b, 0x24, 0x44, 0x5b, 0x5d, 0x74, 0x12, 0x74, 0x80, 0x03, 
    0x0d, 0xc8, 0xc6, 0xdb, 0x51, 0x91, 0x3e, 0x97, 0x00, 0x04, 0x5f, 0xf5, 0xf5, 
    0x53, 0x54, 0x9b, 0x56, 0x49, 0x67, 0x77, 0x4d, 0xb6, 0xa5, 0x00, 0x02, 0x07, 
    0x78, 0x44, 0xe5, 0x9b, 0x99, 0x1a, 0xa0, 0x1c, 0x93, 0x18, 0x4c, 0xc9, 0xf0, 
    0x40, 0x03, 0x54, 0x51, 0x00, 0x42, 0xa6, 0xb3, 0x21, 0x10, 0x01, 0xab, 0x02, 
    0x3c, 0x60, 0x01, 0x06, 0x59, 0xa5, 0x80, 0xeb, 0x6c, 0x0a, 0xac, 0x45, 0xda, 
    0x03, 0x20, 0xc0, 0x30, 0x6c, 0x9d, 0x0c, 0x9c, 0xc9, 0x5d, 0x03, 0x1c, 0x28, 
    0xbb, 0xac, 0x00, 0x07, 0x08, 0x86, 0x1c, 0x02, 0x10, 0xdc, 0x3a, 0x2d, 0x74, 
    0x7a, 0xf1, 0x66, 0xeb, 0xb4, 0x02, 0x30, 0x37, 0xc1, 0x9a, 0xb9, 0x3a, 0x20, 
    0x2a, 0xae, 0x71, 0x4e, 0x47, 0xec, 0x04, 0xe7, 0x46, 0x4a, 0x1b, 0xa7, 0x64, 
    0x22, 0x60, 0x2e, 0xb8, 0xe1, 0x2a, 0x50, 0x28, 0x41, 0xd8, 0xa9, 0xbb, 0x6c, 
    0xba, 0x64, 0x4e, 0xea, 0x2c, 0xae, 0xb4, 0x19, 0x85, 0x2f, 0x7d, 0xfa, 0x0e, 
    0x2b, 0x6e, 0x7d, 0x65, 0xfe, 0x8b, 0x6e, 0xb3, 0x86, 0xce, 0x37, 0x81, 0x77, 
    0xe0, 0x4e, 0x0a, 0x31, 0x6d, 0x66, 0xd2, 0x2b, 0x40, 0xc0, 0xfb, 0x5d, 0x6c, 
    0x6f, 0xc1, 0x06, 0x2f, 0x30, 0x81, 0x7a, 0x14, 0x2b, 0xbc, 0x30, 0x9e, 0xf5, 
    0x4e, 0xc0, 0x31, 0xc0, 0xd8, 0xaa, 0x27, 0xd4, 0x03, 0x22, 0xb7, 0x6a, 0xaf, 
    0x7a, 0xf2, 0x62, 0x40, 0x32, 0xb8, 0x71, 0x5a, 0x30, 0x41, 0x03, 0x0c, 0x38, 
    0x36, 0x82, 0xc5, 0xdc, 0x31, 0x70, 0x95, 0x06, 0x1a, 0x8c, 0x00, 0x43, 0xcb, 
    0xc3, 0x36, 0xa0, 0x41, 0x0a, 0x3b, 0x38, 0xe1, 0x04, 0xcf, 0x06, 0x29, 0xa0, 
    0xc1, 0x0e, 0x26, 0x06, 0x04, 0x00, 0x21, 0xf9, 0x04, 0x09, 0x06, 0x00, 0x02, 
    0x00, 0x2c, 0x1c, 0x00, 0x19, 0x00, 0x5d, 0x00, 0x49, 0x00, 0x00, 0x08, 0xff, 
    0x00, 0x05, 0x08, 0x1c, 0x48, 0xb0, 0xa0, 0xc1, 0x83, 0x08, 0x13, 0x2a, 0x5c, 
    0x88, 0x90, 0x40, 0x81, 0x87, 0x0f, 0x19, 0x32, 0x74, 0x08, 0xb1, 0x62, 0x01, 
    0x89, 0x18, 0x33, 0x1e, 0xa4, 0x68, 0xe0, 0x00, 0x02, 0x04, 0x09, 0x12, 0x20, 
    0x30, 0x00, 0x51, 0xa3, 0x00, 0x8a, 0x1e, 0x41, 0x86, 0x5c, 0x39, 0xf2, 0xa2, 
    0xc9, 0x97, 0x09, 0x1d, 0xa6, 0x54, 0xc0, 0xc0, 0xc1, 0x83, 0x08, 0x11, 0x1c, 
    0x30, 0x58, 0xa0, 0xe0, 0x00, 0x49, 0x8c, 0x04, 0x0c, 0x20, 0xa0, 0x69, 0x33, 
    0x82, 0x84, 0xa3, 0x12, 0x72, 0x32, 0x48, 0x70, 0xc0, 0x25, 0xcc, 0xa7, 0x27, 
    0x85, 0x2e, 0x68, 0x00, 0x61, 0x82, 0x05, 0x0d, 0x1c, 0x40, 0x80, 0xe0, 0x80, 
    0x81, 0x82, 0x84, 0x06, 0x0b, 0x46, 0x2e, 0x94, 0xa9, 0xc0, 0x41, 0x04, 0x0b, 
    0x07, 0x1d, 0x50, 0xa0, 0x00, 0x61, 0xe9, 0x01, 0xa8, 0x30, 0x09, 0x1c, 0x50, 
    0xf0, 0x60, 0x02, 0x06, 0x85, 0x0a, 0x20, 0x40, 0x68, 0x90, 0xc0, 0x40, 0x4c, 
    0x03, 0x09, 0x1a, 0x48, 0xd0, 0xc0, 0x90, 0xae, 0x83, 0x9e, 0x7e, 0xe1, 0x02, 
    0x3d, 0xb0, 0x20, 0x02, 0x61, 0x89, 0x06, 0xa6, 0xf6, 0xdc, 0x38, 0x17, 0xc2, 
    0xdd, 0x8c, 0x09, 0x76, 0x22, 0x50, 0x2c, 0x51, 0x2e, 0x83, 0x09, 0x2f, 0x33, 
    0x4f, 0x2e, 0x08, 0x18, 0xc2, 0x63, 0x8d, 0x81, 0x47, 0x73, 0x6e, 0x78, 0xe0, 
    0xf3, 0x53, 0x04, 0x0c, 0xc4, 0x0e, 0x2c, 0x80, 0xa0, 0xc1, 0xe5, 0xd0, 0x0c, 
    0x54, 0xaf, 0x26, 0xad, 0xc0, 0x31, 0xd4, 0xa1, 0xb2, 0x3d, 0x53, 0x80, 0x0b, 
    0x7b, 0xf3, 0xee, 0x82, 0xb4, 0x6d, 0xc3, 0x35, 0xa0, 0x20, 0xac, 0xc0, 0x02, 
    0x09, 0x22, 0x80, 0x86, 0xca, 0x5c, 0xf7, 0x71, 0xe6, 0x12, 0x38, 0x17, 0x17, 
    0x18, 0x79, 0xb8, 0xe2, 0xed, 0xc7, 0x9f, 0xd7, 0xff, 0x8e, 0xc0, 0xb9, 0x7a, 
    0x53, 0x04, 0x0f, 0xb2, 0x2b, 0xae, 0x1e, 0xfe, 0x79, 0x6f, 0x05, 0xab, 0x8b, 
    0x17, 0x50, 0xa0, 0x7e, 0x7d, 0xf3, 0xb7, 0xe1, 0x99, 0x93, 0x5f, 0xcd, 0x7c, 
    0x24, 0x5d, 0xfe, 0x65, 0x25, 0xd0, 0x1e, 0x73, 0x0e, 0xec, 0xd6, 0x1f, 0x73, 
    0x02, 0xf2, 0xe7, 0x5c, 0x7e, 0x0a, 0x24, 0x18, 0x9f, 0x83, 0xed, 0x45, 0x28, 
    0xe1, 0x84, 0x14, 0x56, 0x68, 0xe1, 0x85, 0x18, 0x66, 0xa8, 0xe1, 0x86, 0x1c, 
    0x76, 0xe8, 0xe1, 0x87, 0x20, 0x86, 0x28, 0xe2, 0x88, 0x24, 0x96, 0x68, 0xe2, 
    0x89, 0x28, 0xa6, 0xa8, 0xe2, 0x8a, 0x2c, 0xb6, 0xe8, 0xe2, 0x8b, 0x30, 0xc6, 
    0x28, 0xe3, 0x8c, 0x1e, 0x52, 0x54, 0x11, 0x8d, 0x71, 0x15, 0x90, 0x12, 0x4b, 
    0x89, 0xe1, 0x08, 0x94, 0x54, 0x0d, 0xdc, 0x94, 0xd4, 0x61, 0xf8, 0xf9, 0x38, 
    0xd6, 0x5c, 0x75, 0x11, 0x64, 0x01, 0x06, 0x11, 0x58, 0x67, 0x64, 0x41, 0x72, 
    0x35, 0x76, 0xdb, 0x40, 0x06, 0xd4, 0xe4, 0xe4, 0x93, 0xdc, 0xe5, 0xc5, 0x01, 
    0x42, 0x55, 0x3a, 0x60, 0x1c, 0x96, 0xa4, 0x2d, 0x80, 0x56, 0x42, 0x09, 0x38, 
    0xb0, 0x40, 0x91, 0x60, 0x0a, 0x40, 0x5b, 0x92, 0x09, 0x45, 0xe6, 0x65, 0x9a, 
    0xb3, 0xd1, 0xb7, 0x1f, 0x97, 0x0b, 0x3c, 0x00, 0x21, 0x98, 0xcc, 0x4d, 0x00, 
    0x5f, 0x9b, 0x79, 0xdd, 0x09, 0x26, 0x7a, 0x7e, 0x12, 0x54, 0x65, 0x04, 0x81, 
    0x3e, 0x79, 0x00, 0x58, 0x68, 0x12, 0xb4, 0xe6, 0x74, 0x70, 0x72, 0xb7, 0x80, 
    0x97, 0x3f, 0x11, 0xe4, 0x99, 0x05, 0x8c, 0x36, 0x3a, 0xa8, 0x99, 0x4c, 0xfd, 
    0x44, 0x1b, 0x03, 0x14, 0x6c, 0xd9, 0xe8, 0x40, 0x87, 0x2e, 0x49, 0xc1, 0x03, 
    0x9a, 0x0d, 0xe5, 0x80, 0x05, 0x23, 0x7c, 0x4a, 0xd0, 0xa1, 0x1a, 0x68, 0xc5, 
    0x15, 0x05, 0x38, 0x4d, 0xbe, 0xa0, 0x41, 0x0a, 0xaa, 0xce, 0x86, 0x40, 0x04, 
    0x20, 0x10, 0xf4, 0x00, 0x06, 0x20, 0xa4, 0xb0, 0x43, 0xad, 0x71, 0x52, 0xb0, 
    0x27, 0xa8, 0x0f, 0x80, 0xf0, 0x2b, 0xb0, 0x02, 0x54, 0x39, 0xc1, 0x9d, 0x06, 
    0x38, 0x00, 0xc2, 0x69, 0xb5, 0xb6, 0x56, 0xa9, 0x9a, 0xb7, 0xe6, 0x8a, 0xac, 
    0x00, 0x87, 0x42, 0x80, 0x9c, 0x02, 0x16, 0x8c, 0x09, 0x2c, 0x74, 0x7a, 0x91, 
    0xc6, 0xc0, 0x94, 0xb5, 0xe6, 0x39, 0x27, 0xb5, 0x96, 0x5d, 0x9b, 0x2c, 0x03, 
    0x16, 0x0c, 0x9b, 0xac, 0x02, 0x13, 0x4c, 0xab, 0xea, 0xa1, 0x95, 0xd2, 0xe6, 
    0x00, 0xb9, 0xd1, 0x36, 0x70, 0x2e, 0x76, 0xf2, 0x7e, 0x0a, 0xae, 0xb6, 0x54, 
    0x72, 0xaa, 0xae, 0x9a, 0xf0, 0x0e, 0x4b, 0x1b, 0x04, 0xf5, 0x21, 0x5b, 0xa5, 
    0x04, 0x0e, 0xe6, 0x99, 0x30, 0xb0, 0x87, 0xd6, 0x67, 0x2f, 0xbe, 0xf9, 0x02, 
    0xfc, 0xee, 0x04, 0xde, 0x5d, 0xfb, 0x6f, 0xc0, 0xde, 0x6a, 0x5c, 0xb0, 0x78, 
    0x55, 0x0d, 0xbc, 0x2e, 0xc3, 0x59, 0xea, 0x29, 0x72, 0xc4, 0xe2, 0xa9, 0x25, 
    0x32, 0xb6, 0x54, 0x21, 0xe0, 0x51, 0x03, 0x16, 0x3c, 0xfc, 0x2d, 0x02, 0x55, 
    0x41, 0x90, 0x9e, 0x06, 0xa9, 0xae, 0x4c, 0x33, 0x56, 0x20, 0x8c, 0x00, 0x83, 
    0xa7, 0x2b, 0x0b, 0x30, 0x6e, 0x0a, 0x4e, 0x38, 0xc1, 0xc0, 0x88, 0x01, 0x01, 
    0x00, 0x21, 0xf9, 0x04, 0x09, 0x07, 0x00, 0x02, 0x00, 0x2c, 0x1c, 0x00, 0x19, 
    0x00, 0x5d, 0x00, 0x4a, 0x00, 0x00, 0x08, 0xff, 0x00, 0x05, 0x08, 0x1c, 0x48, 
    0xb0, 0xa0, 0xc1, 0x83, 0x08, 0x13, 0x2a, 0x5c, 0x88, 0x90, 0x40, 0x81, 0x87, 
    0x0f, 0x19, 0x32, 0x74, 0x08, 0xb1, 0x62, 0x01, 0x89, 0x18, 0x33, 0x1e, 0xa4, 
    0x68, 0xe0, 0x00, 0x02, 0x04, 0x09, 0x12, 0x20, 0x30, 0x00, 0x51, 0xa3, 0x00, 
    0x8a, 0x1e, 0x41, 0x86, 0x5c, 0x39, 0xf2, 0xa2, 0xc9, 0x97, 0x09, 0x1d, 0xa6, 
    0x54, 0xc0, 0xc0, 0xc1, 0x83, 0x08, 0x11, 0x1c, 0x30, 0x58, 0xa0, 0xe0, 0x00, 
    0x49, 0x8c, 0x04, 0x0c, 0x20, 0xa0, 0x69, 0x33, 0x82, 0x84, 0xa3, 0x12, 0x72, 
    0x32, 0x48, 0x70, 0xc0, 0x25, 0xcc, 0xa7, 0x27, 0x85, 0x2e, 0x68, 0x00, 0x61, 
    0x82, 0x05, 0x0d, 0x1c, 0x40, 0x80, 0xe0, 0x80, 0x81, 0x82, 0x84, 0x06, 0x0b, 
    0x46, 0x2e, 0x94, 0xa9, 0xc0, 0x41, 0x04, 0x0b, 0x07, 0x1d, 0x50, 0xa0, 0x00, 
    0x61, 0xe9, 0x01, 0xa8, 0x30, 0x09, 0x1c, 0x50, 0xf0, 0x60, 0x02, 0x06, 0x85, 
    0x0a, 0x20, 0x40, 0x68, 0x90, 0xc0, 0x40, 0x4c, 0x03, 0x09, 0x1a, 0x48, 0xd0, 
    0xc0, 0x90, 0xae, 0x83, 0x9e, 0x7e, 0xe1, 0x02, 0x3d, 0xb0, 0x20, 0x02, 0x61, 
    0x89, 0x06, 0xa6, 0xf6, 0xdc, 0x38, 0x17, 0xc2, 0xdd, 0x8c, 0x09, 0x76, 0x22, 
    0x50, 0x2c, 0x51, 0x2e, 0x83, 0x09, 0x2f, 0x33, 0x4f, 0x2e, 0x08, 0x18, 0xc2, 
    0x63, 0x8d, 0x81, 0x47, 0x73, 0x6e, 0x78, 0xe0, 0xf3, 0x53, 0x04, 0x0c, 0xc4, 
    0x0e, 0x2c, 0x80, 0xa0, 0xc1, 0xe5, 0xd0, 0x0c, 0x54, 0xaf, 0x26, 0xad, 0xc0, 
    0x31, 0xd4, 0xa1, 0xb2, 0x3d, 0x53, 0x80, 0x0b, 0x7b, 0xf3, 0xee, 0x82, 0xb4, 
    0x6d, 0xc3, 0x35, 0xa0, 0x20, 0xac, 0xc0, 0x02, 0x09, 0x22, 0x80, 0x86, 0xca, 
    0x5c, 0xf7, 0x71, 0xe6, 0x12, 0x38, 0x17, 0x17, 0x18, 0x79, 0xb8, 0xe2, 0xed, 
    0xc7, 0x9f, 0xd7, 0xff, 0x8e, 0xc0, 0xb9, 0x7a, 0x53, 0x04, 0x0f, 0xb2, 0x2b, 
    0xae, 0x1e, 0xfe, 0x79, 0x6f, 0x05, 0xab, 0x8b, 0x17, 0x50, 0xa0, 0x7e, 0x7d, 
    0xf3, 0xb7, 0xe1, 0x99, 0x93, 0x5f, 0xcd, 0x7c, 0x24, 0x5d, 0xfe, 0x65, 0x25, 
    0xd0, 0x1e, 0x73, 0x0e, 0xec, 0xd6, 0x1f, 0x73, 0x02, 0xf2, 0xe7, 0x5c, 0x7e, 
    0x0a, 0x24, 0x18, 0x9f, 0x83, 0xed, 0x45, 0x28, 0xe1, 0x84, 0x14, 0x56, 0x68, 
    0xe1, 0x85, 0x18, 0x66, 0xa8, 0xe1, 0x86, 0x1c, 0x76, 0xe8, 0xe1, 0x87, 0x20, 
    0x86, 0x28, 0xe2, 0x88, 0x24, 0x96, 0x68, 0xe2, 0x89, 0x28, 0xa6, 0xa8, 0xe2, 
    0x8a, 0x2c, 0xb6, 0xe8, 0xe2, 0x8b, 0x30, 0xc6, 0x28, 0xe3, 0x8c, 0x1d, 0x52, 
    0x54, 0x11, 0x8d, 0x71, 0x15, 0x90, 0x12, 0x4b, 0x3f, 0xe1, 0x08, 0x94, 0x54, 
    0x0d, 0xdc, 0x94, 0x94, 0x4e, 0x4c, 0xf9, 0x38, 0xd1, 0x5c, 0x0e, 0x4c, 0x27, 
    0x90, 0x04, 0x18, 0x58, 0x00, 0x81, 0x75, 0x46, 0x92, 0x96, 0xc0, 0x03, 0xb7, 
    0x11, 0x94, 0xd7, 0x03, 0xc6, 0x45, 0x69, 0x50, 0x72, 0x68, 0x21, 0x34, 0xe5, 
    0x02, 0xf8, 0x69, 0x49, 0x90, 0x7e, 0x0a, 0x19, 0x50, 0x53, 0x96, 0x62, 0x72, 
    0xe7, 0x9a, 0x42, 0x08, 0x38, 0xb0, 0x40, 0x9a, 0x04, 0xb5, 0x06, 0xc1, 0x42, 
    0x07, 0x38, 0xd0, 0x00, 0x9c, 0x03, 0xb5, 0xf6, 0x80, 0x42, 0xd0, 0x41, 0xb0, 
    0x27, 0x9e, 0x02, 0xb4, 0xe6, 0x00, 0x9a, 0xc8, 0x2d, 0x20, 0xc1, 0x9c, 0x80, 
    0x46, 0x06, 0x01, 0x84, 0xa4, 0x31, 0xe0, 0x15, 0xa0, 0x02, 0xb5, 0x09, 0x66, 
    0x8f, 0xb3, 0x21, 0x60, 0x1a, 0xa4, 0x02, 0xd5, 0xf9, 0x40, 0x6e, 0x08, 0xf8, 
    0xf4, 0x10, 0x60, 0x0e, 0x54, 0x09, 0x68, 0x9d, 0x6b, 0x4d, 0xb0, 0x29, 0x4f, 
    0x0b, 0x30, 0xe0, 0x18, 0x07, 0x98, 0x0a, 0x00, 0x5d, 0x04, 0x59, 0x6d, 0xc5, 
    0xd5, 0xa4, 0x05, 0x57, 0x81, 0xd0, 0xaa, 0x7b, 0x14, 0xa4, 0x40, 0x10, 0x05, 
    0x20, 0xa4, 0x00, 0xc3, 0x0e, 0xb7, 0x0a, 0x10, 0x99, 0x05, 0x6f, 0xc6, 0x09, 
    0xc1, 0x08, 0xa7, 0x61, 0x1a, 0x99, 0x04, 0x8c, 0x1a, 0xf0, 0x00, 0xab, 0xc1, 
    0x9a, 0xc9, 0x2c, 0x41, 0xb4, 0x49, 0xe0, 0xdd, 0xad, 0xcb, 0x92, 0xb6, 0xc0, 
    0xa3, 0xd1, 0x32, 0xf0, 0xe7, 0x40, 0x66, 0x8a, 0x8a, 0xa9, 0xa0, 0x05, 0xd5, 
    0x59, 0x5f, 0xab, 0xb4, 0x3d, 0xf0, 0xad, 0xab, 0x09, 0x40, 0xb0, 0xdf, 0xad, 
    0xf3, 0x49, 0xb0, 0x2e, 0x76, 0xf0, 0x45, 0xab, 0xc0, 0x04, 0xef, 0x0a, 0xcb, 
    0xc0, 0xb9, 0xad, 0x9a, 0x69, 0x41, 0xbd, 0xae, 0xa2, 0x97, 0x6f, 0xbf, 0x6b, 
    0x72, 0x47, 0x1f, 0xa2, 0xd1, 0x52, 0x35, 0xa6, 0xa3, 0xc1, 0xe6, 0xe9, 0x6d, 
    0xa5, 0x10, 0xf0, 0xdb, 0xea, 0x01, 0x0d, 0x14, 0x68, 0xf0, 0x04, 0x00, 0xc3, 
    0x8b, 0xde, 0xb7, 0x66, 0x2a, 0x19, 0xec, 0x7c, 0x18, 0x8b, 0xe7, 0x6e, 0xc3, 
    0xdc, 0x35, 0x96, 0x20, 0xc8, 0x19, 0x63, 0xab, 0x6a, 0x82, 0xd2, 0x92, 0x9c, 
    0xe9, 0xbe, 0x02, 0xea, 0x27, 0xf1, 0xc4, 0x9f, 0xe5, 0xb6, 0xaf, 0x06, 0x1e, 
    0x07, 0x4b, 0x31, 0x05, 0xb4, 0x6a, 0x30, 0x82, 0xae, 0x2e, 0x0b, 0x94, 0x80, 
    0x04, 0x1c, 0x8c, 0x00, 0x83, 0x13, 0xb6, 0x06, 0x5d, 0x90, 0x06, 0x30, 0x8c, 
    0x18, 0x10, 0x00, 0x21, 0xf9, 0x04, 0x09, 0x07, 0x00, 0x02, 0x00, 0x2c, 0x1c, 
    0x00, 0x19, 0x00, 0x5d, 0x00, 0x4a, 0x00, 0x00, 0x08, 0xff, 0x00, 0x05, 0x08, 
    0x1c, 0x48, 0xb0, 0xa0, 0xc1, 0x83, 0x08, 0x13, 0x2a, 0x5c, 0x88, 0x90, 0x40, 
    0x81, 0x87, 0x0f, 0x19, 0x32, 0x74, 0x08, 0xb1, 0x62, 0x01, 0x89, 0x18, 0x33, 
    0x1e, 0xa4, 0x68, 0xe0, 0x00, 0x02, 0x04, 0x09, 0x12, 0x20, 0x30, 0x00, 0x51, 
    0xa3, 0x00, 0x8a, 0x1e, 0x41, 0x86, 0x5c, 0x39, 0xf2, 0xa2, 0xc9, 0x97, 0x09, 
    0x1d, 0xa6, 0x54, 0xc0, 0xc0, 0xc1, 0x83, 0x08, 0x11, 0x1c, 0x30, 0x58, 0xa0, 
    0xe0, 0x00, 0x49, 0x8c, 0x04, 0x0c, 0x20, 0xa0, 0x69, 0x33, 0x82, 0x84, 0xa3, 
    0x12, 0x72, 0x32, 0x48, 0x70, 0xc0, 0x25, 0xcc, 0xa7, 0x27, 0x85, 0x2e, 0x68, 
    0x00, 0x61, 0x82, 0x05, 0x0d, 0x1c, 0x40, 0x80, 0xe0, 0x80, 0x81, 0x82, 0x84, 
    0x06, 0x0b, 0x46, 0x2e, 0x94, 0xa9, 0xc0, 0x41, 0x04, 0x0b, 0x07, 0x1d, 0x50, 
    0xa0, 0x00, 0x61, 0xe9, 0x01, 0xa8, 0x30, 0x09, 0x1c, 0x50, 0xf0, 0x60, 0x02, 
    0x06, 0x85, 0x0a, 0x20, 0x40, 0x68, 0x90, 0xc0, 0x40, 0x4c, 0x03, 0x09, 0x1a, 
    0x48, 0xd0, 0xc0, 0x90, 0xae, 0x83, 0x9e, 0x7e, 0xe1, 0x02, 0x3d, 0xb0, 0x20, 
    0x02, 0x61, 0x89, 0x06, 0xa6, 0xf6, 0xdc, 0x38, 0x17, 0xc2, 0xdd, 0x8c, 0x09, 
    0x76, 0x22, 0x50, 0x2c, 0x51, 0x2e, 0x83, 0x09, 0x2f, 0x33, 0x4f, 0x2e, 0x08, 
    0x18, 0xc2, 0x63, 0x8d, 0x81, 0x47, 0x73, 0x6e, 0x78, 0xe0, 0xf3, 0x53, 0x04, 
    0x0c, 0xc4, 0x0e, 0x2c, 0x80, 0xa0, 0xc1, 0xe5, 0xd0, 0x0c, 0x54, 0xaf, 0x26, 
    0xad, 0xc0, 0x31, 0xd4, 0xa1, 0xb2, 0x3d, 0x53, 0x80, 0x0b, 0x7b, 0xf3, 0xee, 
    0x82, 0xb4, 0x6d, 0xc3, 0x35, 0xa0, 0x20, 0xac, 0xc0, 0x02, 0x09, 0x22, 0x80, 
    0x86, 0xca, 0x5c, 0xf7, 0x71, 0xe6, 0x12, 0x38, 0x17, 0x17, 0x18, 0x79, 0xb8, 
    0xe2, 0xed, 0xc7, 0x9f, 0xd7, 0xff, 0x8e, 0xc0, 0xb9, 0x7a, 0x53, 0x04, 0x0f, 
    0xb2, 0x2b, 0xae, 0x1e, 0xfe, 0x79, 0x6f, 0x05, 0xab, 0x8b, 0x17, 0x50, 0xa0, 
    0x7e, 0x7d, 0xf3, 0xb7, 0xe1, 0x99, 0x93, 0x5f, 0xcd, 0x7c, 0x24, 0x5d, 0xfe, 
    0x65, 0x25, 0xd0, 0x1e, 0x73, 0x0e, 0xec, 0xd6, 0x1f, 0x73, 0x02, 0xf2, 0xe7, 
    0x5c, 0x7e, 0x0a, 0x24, 0x18, 0x9f, 0x83, 0xed, 0x45, 0x28, 0xe1, 0x84, 0x14, 
    0x56, 0x68, 0xe1, 0x85, 0x18, 0x66, 0xa8, 0xe1, 0x86, 0x1c, 0x76, 0xe8, 0xe1, 
    0x87, 0x20, 0x86, 0x28, 0xe2, 0x88, 0x24, 0x96, 0x68, 0xe2, 0x89, 0x28, 0xa6, 
    0xa8, 0xe2, 0x8a, 0x2c, 0xb6, 0xe8, 0xe2, 0x8b, 0x30, 0xc6, 0x28, 0xe3, 0x8c, 
    0x1c, 0x52, 0x64, 0x11, 0x8d, 0x2f, 0xc9, 0xf4, 0xd1, 0x4a, 0x22, 0x25, 0x86, 
    0x63, 0x67, 0x52, 0x35, 0x70, 0xd3, 0x51, 0x39, 0x59, 0xf7, 0x23, 0x65, 0x65, 
    0xd9, 0x45, 0x10, 0x06, 0x18, 0x44, 0x60, 0xe4, 0x91, 0x04, 0x01, 0xf6, 0xc0, 
    0x6d, 0x04, 0xf5, 0x06, 0xc1, 0x93, 0x50, 0x16, 0x70, 0x40, 0x03, 0x68, 0x21, 
    0x64, 0x40, 0x4d, 0xc6, 0x41, 0x89, 0x1c, 0x7d, 0x1c, 0x28, 0x84, 0x80, 0x03, 
    0x0b, 0x88, 0x69, 0x50, 0x64, 0x16, 0x74, 0x89, 0xd0, 0x99, 0x0d, 0x84, 0xa9, 
    0xa6, 0x00, 0x5b, 0x62, 0x00, 0x5f, 0x42, 0x91, 0x3d, 0x00, 0xa1, 0x9a, 0x5b, 
    0x52, 0xb0, 0x27, 0x69, 0x0b, 0x40, 0x30, 0x67, 0x94, 0x0c, 0x48, 0xf0, 0x27, 
    0xa1, 0x0f, 0x0c, 0x4a, 0x10, 0x7a, 0x0c, 0xe0, 0x67, 0x10, 0x74, 0x7a, 0x29, 
    0x3a, 0xd0, 0x97, 0x7a, 0xfe, 0x44, 0x90, 0x96, 0x0c, 0xb8, 0x29, 0x69, 0x64, 
    0x10, 0xa0, 0x89, 0x80, 0x4f, 0x0f, 0x09, 0xc5, 0xc0, 0x5a, 0x92, 0x4e, 0x4a, 
    0x9f, 0x05, 0x13, 0xb4, 0xa5, 0xc0, 0xaa, 0x0b, 0x38, 0x60, 0x41, 0x99, 0xa5, 
    0x72, 0xc5, 0xa7, 0x00, 0x05, 0x20, 0x8c, 0xc0, 0xd5, 0x5a, 0x14, 0xbc, 0x9a, 
    0x42, 0xac, 0x93, 0x2e, 0x60, 0xc1, 0x08, 0x05, 0x61, 0x30, 0xc2, 0x0e, 0xb0, 
    0xf2, 0xca, 0x66, 0x9a, 0x04, 0x1d, 0x00, 0x01, 0x08, 0x9a, 0x96, 0x1a, 0x99, 
    0xa1, 0x05, 0x1d, 0xe0, 0x40, 0xb1, 0xc6, 0x16, 0xba, 0xa7, 0xb4, 0xd3, 0xf1, 
    0x4a, 0xa7, 0xb5, 0x97, 0x46, 0xb7, 0x9f, 0xb6, 0xcf, 0x02, 0x3a, 0xc1, 0xb7, 
    0xd5, 0x0a, 0x4a, 0x68, 0xb3, 0xb1, 0x52, 0x7a, 0x29, 0x02, 0x55, 0x69, 0x3b, 
    0x69, 0x4d, 0x97, 0x2a, 0x30, 0xc1, 0x9d, 0xee, 0xb6, 0x96, 0xe8, 0xbb, 0x13, 
    0x1c, 0x2a, 0xe9, 0x96, 0x05, 0x4e, 0xda, 0x40, 0xb6, 0xf5, 0xc2, 0x2b, 0x1e, 
    0x04, 0xf5, 0x69, 0x4b, 0x5b, 0xa7, 0xb3, 0xc9, 0x6b, 0xae, 0xbb, 0xf3, 0x4d, 
    0x70, 0xaf, 0x00, 0x5f, 0x5a, 0x40, 0x2f, 0xb8, 0x0b, 0xcc, 0x3b, 0xd0, 0x96, 
    0x00, 0x53, 0x2c, 0x01, 0x03, 0x03, 0x17, 0x0c, 0x2e, 0x7d, 0x77, 0x32, 0x37, 
    0x81, 0xc7, 0xd5, 0x42, 0x0b, 0xf1, 0xa8, 0x13, 0x53, 0x1c, 0x41, 0x82, 0x06, 
    0xfc, 0xeb, 0x2e, 0xa1, 0x2b, 0x43, 0x2c, 0x2f, 0xc9, 0xbc, 0x6e, 0xb9, 0xb1, 
    0x02, 0xff, 0x72, 0x90, 0xb2, 0xb6, 0x7d, 0xb6, 0xc9, 0x41, 0x0a, 0x20, 0xec, 
    0x5c, 0xad, 0x05, 0x20, 0xc0, 0xb0, 0x83, 0x13, 0xc0, 0xbe, 0x7c, 0x10, 0x06, 
    0x47, 0x8b, 0x18, 0x10, 0x00, 0x21, 0xf9, 0x04, 0x09, 0x06, 0x00, 0x02, 0x00, 
    0x2c, 0x1c, 0x00, 0x19, 0x00, 0x5d, 0x00, 0x4a, 0x00, 0x00, 0x08, 0xff, 0x00, 
    0x05, 0x08, 0x1c, 0x48, 0xb0, 0xa0, 0xc1, 0x83, 0x08, 0x13, 0x2a, 0x5c, 0x88, 
    0x90, 0x40, 0x81, 0x87, 0x0f, 0x19, 0x32, 0x74, 0x08, 0xb1, 0x62, 0x01, 0x89, 
    0x18, 0x33, 0x1e, 0xa4, 0x68, 0xe0, 0x00, 0x02, 0x04, 0x09, 0x12, 0x20, 0x30, 
    0x00, 0x51, 0xa3, 0x00, 0x8a, 0x1e, 0x41, 0x86, 0x5c, 0x39, 0xf2, 0xa2, 0xc9, 
    0x97, 0x09, 0x1d, 0xa6, 0x54, 0xc0, 0xc0, 0xc1, 0x83, 0x08, 0x11, 0x1c, 0x30, 
    0x58, 0xa0, 0xe0, 0x00, 0x49, 0x8c, 0x04, 0x0c, 0x20, 0xa0, 0x69, 0x33, 0x82, 
    0x84, 0xa3, 0x12, 0x72, 0x32, 0x48, 0x70, 0xc0, 0x25, 0xcc, 0xa7, 0x27, 0x85, 
    0x2e, 0x68, 0x00, 0x61, 0x82, 0x05, 0x0d, 0x1c, 0x40, 0x80, 0xe0, 0x80, 0x81, 
    0x82, 0x84, 0x06, 0x0b, 0x46, 0x2e, 0x94, 0xa9, 0xc0, 0x41, 0x04, 0x0b, 0x07, 
    0x1d, 0x50, 0xa0, 0x00, 0x61, 0xe9, 0x01, 0xa8, 0x30, 0x09, 0x1c, 0x50, 0xf0, 
    0x60, 0x02, 0x06, 0x85, 0x0a, 0x20, 0x40, 0x68, 0x90, 0xc0, 0x40, 0x4c, 0x03, 
    0x09, 0x1a, 0x48, 0xd0, 0xc0, 0x90, 0xae, 0x83, 0x9e, 0x7e, 0xe1, 0x02, 0x3d, 
    0xb0, 0x20, 0x02, 0x61, 0x89, 0x06, 0xa6, 0xf6, 0xdc, 0x38, 0x17, 0xc2, 0xdd, 
    0x8c, 0x09, 0x76, 0x22, 0x50, 0x2c, 0x51, 0x2e, 0x83, 0x09, 0x2f, 0x33, 0x4f, 
    0x2e, 0x08, 0x18, 0xc2, 0x63, 0x8d, 0x81, 0x47, 0x73, 0x6e, 0x78, 0xe0, 0xf3, 
    0x53, 0x04, 0x0c, 0xc4, 0x0e, 0x2c, 0x80, 0xa0, 0xc1, 0xe5, 0xd0, 0x0c, 0x54, 
    0xaf, 0x26, 0xad, 0xc0, 0x31, 0xd4, 0xa1, 0xb2, 0x3d, 0x53, 0x80, 0x0b, 0x7b, 
    0xf3, 0xee, 0x82, 0xb4, 0x6d, 0xc3, 0x35, 0xa0, 0x20, 0xac, 0xc0, 0x02, 0x09, 
    0x22, 0x80, 0x86, 0xca, 0x5c, 0xf7, 0x71, 0xe6, 0x12, 0x38, 0x17, 0x17, 0x18, 
    0x79, 0xb8, 0xe2, 0xed, 0xc7, 0x9f, 0xd7, 0xff, 0x8e, 0xc0, 0xb9, 0x7a, 0x53, 
    0x04, 0x0f, 0xb2, 0x2b, 0xae, 0x1e, 0xfe, 0x79, 0x6f, 0x05, 0xab, 0x8b, 0x17, 
    0x50, 0xa0, 0x7e, 0x7d, 0xf3, 0xb7, 0xe1, 0x99, 0x93, 0x5f, 0xcd, 0x7c, 0x24, 
    0x5d, 0xfe, 0x65, 0x25, 0xd0, 0x1e, 0x73, 0x0e, 0xec, 0xd6, 0x1f, 0x73, 0x02, 
    0xf2, 0xe7, 0x5c, 0x7e, 0x0a, 0x24, 0x18, 0x9f, 0x83, 0xed, 0x45, 0x28, 0xe1, 
    0x84, 0x14, 0x56, 0x68, 0xe1, 0x85, 0x18, 0x66, 0xa8, 0xe1, 0x86, 0x1c, 0x76, 
    0xe8, 0xe1, 0x87, 0x20, 0x86, 0x28, 0xe2, 0x88, 0x24, 0x96, 0x68, 0xe2, 0x89, 
    0x28, 0xa6, 0xa8, 0xe2, 0x8a, 0x2c, 0xb6, 0xe8, 0xe2, 0x8b, 0x30, 0xc6, 0x28, 
    0x63, 0x46, 0x04, 0xcc, 0xc8, 0x19, 0x47, 0x06, 0x90, 0x14, 0x91, 0x8d, 0x26, 
    0x05, 0x75, 0x40, 0x02, 0x0a, 0x04, 0x19, 0xa4, 0x6c, 0x3c, 0x76, 0x36, 0x17, 
    0x03, 0xe9, 0x4d, 0xb0, 0x96, 0x04, 0x0f, 0x58, 0x57, 0x24, 0x65, 0x0b, 0x40, 
    0x80, 0x16, 0x41, 0x1a, 0x60, 0x10, 0x81, 0x93, 0x4f, 0x0e, 0x24, 0xd7, 0x02, 
    0x83, 0x1d, 0xd4, 0x1b, 0x04, 0xf0, 0x65, 0x79, 0x10, 0x60, 0xbe, 0x21, 0x64, 
    0x00, 0x03, 0x0c, 0xe0, 0x27, 0x26, 0x41, 0x67, 0x4e, 0x69, 0xe6, 0x02, 0x0f, 
    0x40, 0xb8, 0xa6, 0x00, 0x06, 0x34, 0xe0, 0x26, 0x42, 0x08, 0x38, 0xb0, 0xc0, 
    0x9c, 0x04, 0x1d, 0xe0, 0x40, 0x7d, 0x08, 0x1d, 0xd0, 0x40, 0x03, 0x7c, 0x0e, 
    0x24, 0xe8, 0x03, 0x0a, 0x41, 0x07, 0x41, 0x81, 0x85, 0x0a, 0x20, 0xa8, 0x03, 
    0xc6, 0x8d, 0xb9, 0xc0, 0x04, 0x0c, 0x34, 0xea, 0x68, 0x03, 0x11, 0xc8, 0x39, 
    0x5b, 0x9e, 0x77, 0x16, 0x9a, 0xc0, 0x03, 0x0b, 0xf8, 0xe4, 0xd4, 0x49, 0xad, 
    0x51, 0x30, 0x9d, 0xa5, 0x67, 0x3e, 0x90, 0x1b, 0x02, 0xa2, 0x0a, 0xc5, 0x00, 
    0x05, 0x20, 0x58, 0xd4, 0x3a, 0x50, 0x64, 0x12, 0x98, 0xaa, 0xea, 0x02, 0x0b, 
    0x30, 0x60, 0xd9, 0x08, 0xb2, 0xce, 0xba, 0x00, 0x05, 0x59, 0x71, 0x65, 0xc1, 
    0x55, 0x20, 0xc0, 0x00, 0x43, 0xaf, 0xdc, 0x2d, 0x60, 0x01, 0xaf, 0x04, 0x81, 
    0xb0, 0x83, 0x13, 0xb1, 0x22, 0x1b, 0x99, 0x05, 0x29, 0x14, 0x74, 0x40, 0x04, 
    0x29, 0xec, 0x29, 0xed, 0x02, 0x18, 0x68, 0x6b, 0xe8, 0x03, 0xb7, 0xf5, 0x1a, 
    0xd9, 0x04, 0x61, 0x1a, 0xfa, 0x27, 0xb2, 0xdc, 0xf5, 0x06, 0x21, 0x74, 0x11, 
    0x40, 0x80, 0x2e, 0x9d, 0xea, 0xb2, 0x39, 0x69, 0xb9, 0xe2, 0xc6, 0x3b, 0xeb, 
    0x67, 0x9a, 0x36, 0xca, 0x1c, 0x04, 0x10, 0x0a, 0x7a, 0xaa, 0xb4, 0xf6, 0x0a, 
    0x24, 0xa8, 0xbb, 0xef, 0x9e, 0x99, 0xe9, 0x6c, 0x09, 0xe8, 0xf5, 0xae, 0xa3, 
    0x0c, 0x48, 0xe0, 0xe0, 0x7c, 0x13, 0xec, 0x87, 0x6e, 0x64, 0x07, 0x73, 0xf7, 
    0xea, 0xc2, 0x74, 0x36, 0xdc, 0x27, 0xa6, 0x18, 0x1f, 0xda, 0x27, 0x92, 0x18, 
    0x47, 0xc6, 0xa8, 0x00, 0xb4, 0x41, 0x80, 0xe8, 0xc2, 0x67, 0x8e, 0x3c, 0xae, 
    0xc4, 0xe8, 0xb6, 0xa6, 0x32, 0x03, 0x9d, 0x4a, 0x5b, 0x93, 0xa1, 0x1c, 0x87, 
    0x3c, 0x95, 0x78, 0x10, 0xb0, 0x3c, 0xf1, 0xcd, 0x24, 0x2b, 0x30, 0x01, 0xa0, 
    0x13, 0x33, 0xd0, 0x00, 0xab, 0xbd, 0x71, 0x40, 0x6f, 0xd0, 0x8b, 0x3e, 0x00, 
    0x6b, 0xb4, 0x36, 0x4f, 0xa0, 0x01, 0x08, 0x29, 0xec, 0x70, 0x1a, 0xc6, 0x02, 
    0x49, 0x30, 0xc2, 0x0e, 0x3b, 0x84, 0x18, 0x10, 0x00, 0x21, 0xf9, 0x04, 0x09, 
    0x07, 0x00, 0x02, 0x00, 0x2c, 0x1c, 0x00, 0x19, 0x00, 0x5d, 0x00, 0x4a, 0x00, 
    0x00, 0x08, 0xff, 0x00, 0x05, 0x08, 0x1c, 0x48, 0xb0, 0xa0, 0xc1, 0x83, 0x08, 
    0x13, 0x2a, 0x5c, 0x88, 0x90, 0x40, 0x81, 0x87, 0x0f, 0x19, 0x32, 0x74, 0x08, 
    0xb1, 0x62, 0x01, 0x89, 0x18, 0x33, 0x1e, 0xa4, 0x68, 0xe0, 0x00, 0x02, 0x04, 
    0x09, 0x12, 0x20, 0x30, 0x00, 0x51, 0xa3, 0x00, 0x8a, 0x1e, 0x41, 0x86, 0x5c, 
    0x39, 0xf2, 0xa2, 0xc9, 0x97, 0x09, 0x1d, 0xa6, 0x54, 0xc0, 0xc0, 0xc1, 0x83, 
    0x08, 0x11, 0x1c, 0x30, 0x58, 0xa0, 0xe0, 0x00, 0x49, 0x8c, 0x04, 0x0c, 0x20, 
    0xa0, 0x69, 0x33, 0x82, 0x84, 0xa3, 0x12, 0x72, 0x32, 0x48, 0x70, 0xc0, 0x25, 
    0xcc, 0xa7, 0x27, 0x85, 0x2e, 0x68, 0x00, 0x61, 0x82, 0x05, 0x0d, 0x1c, 0x40, 
    0x80, 0xe0, 0x80, 0x81, 0x82, 0x84, 0x06, 0x0b, 0x46, 0x2e, 0x94, 0xa9, 0xc0, 
    0x41, 0x04, 0x0b, 0x07, 0x1d, 0x50, 0xa0, 0x00, 0x61, 0xe9, 0x01, 0xa8, 0x30, 
    0x09, 0x1c, 0x50, 0xf0, 0x60, 0x02, 0x06, 0x85, 0x0a, 0x20, 0x40, 0x68, 0x90, 
    0xc0, 0x40, 0x4c, 0x03, 0x09, 0x1a, 0x48, 0xd0, 0xc0, 0x90, 0xae, 0x83, 0x9e, 
    0x7e, 0xe1, 0x02, 0x3d, 0xb0, 0x20, 0x02, 0x61, 0x89, 0x06, 0xa6, 0xf6, 0xdc, 
    0x38, 0x17, 0xc2, 0xdd, 0x8c, 0x09, 0x76, 0x22, 0x50, 0x2c, 0x51, 0x2e, 0x83, 
    0x09, 0x2f, 0x33, 0x4f, 0x2e, 0x08, 0x18, 0xc2, 0x63, 0x8d, 0x81, 0x47, 0x73, 
    0x6e, 0x78, 0xe0, 0xf3, 0x53, 0x04, 0x0c, 0xc4, 0x0e, 0x2c, 0x80, 0xa0, 0xc1, 
    0xe5, 0xd0, 0x0c, 0x54, 0xaf, 0x26, 0xad, 0xc0, 0x31, 0xd4, 0xa1, 0xb2, 0x3d, 
    0x53, 0x80, 0x0b, 0x7b, 0xf3, 0xee, 0x82, 0xb4, 0x6d, 0xc3, 0x35, 0xa0, 0x20, 
    0xac, 0xc0, 0x02, 0x09, 0x22, 0x80, 0x86, 0xca, 0x5c, 0xf7, 0x71, 0xe6, 0x12, 
    0x38, 0x17, 0x17, 0x18, 0x79, 0xb8, 0xe2, 0xed, 0xc7, 0x9f, 0xd7, 0xff, 0x8e, 
    0xc0, 0xb9, 0x7a, 0x53, 0x04, 0x0f, 0xb2, 0x2b, 0xae, 0x1e, 0xfe, 0x79, 0x6f, 
    0x05, 0xab, 0x8b, 0x17, 0x50, 0xa0, 0x7e, 0x7d, 0xf3, 0xb7, 0xe1, 0x99, 0x93, 
    0x5f, 0xcd, 0x7c, 0x24, 0x5d, 0xfe, 0x65, 0x25, 0xd0, 0x1e, 0x73, 0x0e, 0xec, 
    0xd6, 0x1f, 0x73, 0x02, 0xf2, 0xe7, 0x5c, 0x7e, 0x0a, 0x24, 0x18, 0x9f, 0x83, 
    0xed, 0x45, 0x28, 0xe1, 0x84, 0x14, 0x56, 0x68, 0xe1, 0x85, 0x18, 0x66, 0xa8, 
    0xe1, 0x86, 0x1c, 0x76, 0xe8, 0xe1, 0x87, 0x20, 0x86, 0x28, 0xe2, 0x88, 0x24, 
    0x96, 0x68, 0xe2, 0x89, 0x28, 0xa6, 0xa8, 0xe2, 0x8a, 0x2c, 0xb6, 0xe8, 0xe2, 
    0x8b, 0x30, 0xc6, 0x28, 0x23, 0x50, 0x4e, 0xcd, 0x08, 0x15, 0x4a, 0x3e, 0x45, 
    0x64, 0xa3, 0x49, 0x32, 0x0d, 0xb5, 0xc0, 0x8f, 0x0a, 0xb4, 0xb4, 0x23, 0x50, 
    0x52, 0x39, 0x20, 0xc1, 0x5a, 0x14, 0x4c, 0xd0, 0x56, 0x5f, 0x43, 0x32, 0x04, 
    0x9d, 0x5a, 0xa7, 0x09, 0xc0, 0x01, 0x07, 0x16, 0x44, 0x00, 0x61, 0x93, 0x06, 
    0x25, 0x87, 0xd6, 0x41, 0x79, 0x2d, 0x80, 0x1f, 0x96, 0x06, 0x61, 0x97, 0x90, 
    0x01, 0x0c, 0x3c, 0x00, 0x1f, 0x98, 0xc8, 0x21, 0xe0, 0xc0, 0x6d, 0x07, 0x25, 
    0xf0, 0x40, 0x03, 0x5f, 0xa2, 0x29, 0xc0, 0x7c, 0x12, 0x4c, 0x87, 0x10, 0x99, 
    0x10, 0x5c, 0x09, 0x26, 0x73, 0x14, 0x9c, 0x79, 0xe7, 0x02, 0x79, 0xca, 0x39, 
    0x50, 0x64, 0x12, 0xe8, 0x49, 0x50, 0x64, 0x81, 0x0a, 0x2a, 0x10, 0x7a, 0x0c, 
    0x28, 0x44, 0xe6, 0x7e, 0x8a, 0x0a, 0x70, 0x80, 0x03, 0x0d, 0x18, 0x97, 0x25, 
    0x7a, 0x90, 0x2a, 0x4a, 0xe6, 0x03, 0x5e, 0x26, 0x36, 0x5b, 0x6b, 0x14, 0x64, 
    0xaa, 0x69, 0x4d, 0x6e, 0x91, 0x54, 0x80, 0x50, 0x9f, 0x45, 0x19, 0x29, 0xa1, 
    0x12, 0x3c, 0xb0, 0x93, 0x02, 0xcd, 0x3d, 0xd3, 0x60, 0xc1, 0x08, 0x91, 0x92, 
    0xb6, 0x00, 0x05, 0x1a, 0x68, 0x80, 0x81, 0x05, 0x14, 0x58, 0x80, 0x01, 0x07, 
    0x29, 0x2c, 0x50, 0xeb, 0xa1, 0x0b, 0xcc, 0x5a, 0x10, 0x07, 0x30, 0xa4, 0xe0, 
    0xe7, 0xb0, 0x91, 0x61, 0x90, 0x42, 0x41, 0x07, 0x58, 0x36, 0x2c, 0xb1, 0x18, 
    0x08, 0x4b, 0xd0, 0xa4, 0xf5, 0x4d, 0x1b, 0xd9, 0x04, 0x57, 0x4e, 0x0a, 0xc1, 
    0xb4, 0x83, 0x36, 0x06, 0x21, 0x74, 0x7a, 0x81, 0xcb, 0x9d, 0xb8, 0x04, 0xcd, 
    0xa7, 0xa4, 0xb9, 0x02, 0xe8, 0x07, 0x21, 0x99, 0xa1, 0xb2, 0xcb, 0x5c, 0xa2, 
    0x02, 0x1d, 0xd0, 0xc0, 0x96, 0xe6, 0xce, 0x0b, 0xa1, 0xbd, 0xd9, 0x6a, 0x9b, 
    0xd7, 0xbe, 0x54, 0xb1, 0xdb, 0xee, 0xbf, 0xb3, 0x25, 0x50, 0xae, 0xbc, 0x04, 
    0xbb, 0xb7, 0x2e, 0xc2, 0x10, 0x58, 0xdb, 0x2e, 0x03, 0x7d, 0x0a, 0x8c, 0x5d, 
    0x81, 0xdc, 0x35, 0xe0, 0x1d, 0xc2, 0x13, 0xf8, 0x39, 0xa9, 0xa8, 0xd3, 0x16, 
    0xb0, 0x80, 0x04, 0x8d, 0xd6, 0xdb, 0xc0, 0x03, 0x02, 0xb7, 0xfb, 0x31, 0xc9, 
    0x73, 0xba, 0xf9, 0xad, 0xc4, 0x0a, 0x2c, 0xac, 0x2e, 0xc7, 0xcc, 0xb6, 0xbc, 
    0x9f, 0x9a, 0x18, 0x2c, 0x6b, 0x2e, 0x02, 0x11, 0xac, 0x7c, 0xab, 0xaa, 0xe6, 
    0x1e, 0x90, 0x9e, 0x4d, 0x16, 0x80, 0xc0, 0x26, 0xbb, 0x93, 0x62, 0xa0, 0x01, 
    0x08, 0x29, 0xec, 0x30, 0x74, 0xcf, 0x0e, 0x00, 0xbb, 0x03, 0x1d, 0x4e, 0x2c, 
    0x6d, 0x6e, 0x02, 0x14, 0xa4, 0xe0, 0x04, 0xd4, 0x20, 0x06, 0x04, 0x00, 0x21, 
    0xf9, 0x04, 0x09, 0x07, 0x00, 0x02, 0x00, 0x2c, 0x1c, 0x00, 0x19, 0x00, 0x5d, 
    0x00, 0x4a, 0x00, 0x00, 0x08, 0xff, 0x00, 0x05, 0x08, 0x1c, 0x48, 0xb0, 0xa0, 
    0xc1, 0x83, 0x08, 0x13, 0x2a, 0x5c, 0x88, 0x90, 0x40, 0x81, 0x87, 0x0f, 0x19, 
    0x32, 0x74, 0x08, 0xb1, 0x62, 0x01, 0x89, 0x18, 0x33, 0x1e, 0xa4, 0x68, 0xe0, 
    0x00, 0x02, 0x04, 0x09, 0x12, 0x20, 0x30, 0x00, 0x51, 0xa3, 0x00, 0x8a, 0x1e, 
    0x41, 0x86, 0x5c, 0x39, 0xf2, 0xa2, 0xc9, 0x97, 0x09, 0x1d, 0xa6, 0x54, 0xc0, 
    0xc0, 0xc1, 0x83, 0x08, 0x11, 0x1c, 0x30, 0x58, 0xa0, 0xe0, 0x00, 0x49, 0x8c, 
    0x04, 0x0c, 0x20, 0xa0, 0x69, 0x33, 0x82, 0x84, 0xa3, 0x12, 0x72, 0x32, 0x48, 
    0x70, 0xc0, 0x25, 0xcc, 0xa7, 0x27, 0x85, 0x2e, 0x68, 0x00, 0x61, 0x82, 0x05, 
    0x0d, 0x1c, 0x40, 0x80, 0xe0, 0x80, 0x81, 0x82, 0x84, 0x06, 0x0b, 0x46, 0x2e, 
    0x94, 0xa9, 0xc0, 0x41, 0x04, 0x0b, 0x07, 0x1d, 0x50, 0xa0, 0x00, 0x61, 0xe9, 
    0x01, 0xa8, 0x30, 0x09, 0x1c, 0x50, 0xf0, 0x60, 0x02, 0x06, 0x85, 0x0a, 0x20, 
    0x40, 0x68, 0x90, 0xc0, 0x40, 0x4c, 0x03, 0x09, 0x1a, 0x48, 0xd0, 0xc0, 0x90, 
    0xae, 0x83, 0x9e, 0x7e, 0xe1, 0x02, 0x3d, 0xb0, 0x20, 0x02, 0x61, 0x89, 0x06, 
    0xa6, 0xf6, 0xdc, 0x38, 0x17, 0xc2, 0xdd, 0x8c, 0x09, 0x76, 0x22, 0x50, 0x2c, 
    0x51, 0x2e, 0x83, 0x09, 0x2f, 0x33, 0x4f, 0x2e, 0x08, 0x18, 0xc2, 0x63, 0x8d, 
    0x81, 0x47, 0x73, 0x6e, 0x78, 0xe0, 0xf3, 0x53, 0x04, 0x0c, 0xc4, 0x0e, 0x2c, 
    0x80, 0xa0, 0xc1, 0xe5, 0xd0, 0x0c, 0x54, 0xaf, 0x26, 0xad, 0xc0, 0x31, 0xd4, 
    0xa1, 0xb2, 0x3d, 0x53, 0x80, 0x0b, 0x7b, 0xf3, 0xee, 0x82, 0xb4, 0x6d, 0xc3, 
    0x35, 0xa0, 0x20, 0xac, 0xc0, 0x02, 0x09, 0x22, 0x80, 0x86, 0xca, 0x5c, 0xf7, 
    0x71, 0xe6, 0x12, 0x38, 0x17, 0x17, 0x18, 0x79, 0xb8, 0xe2, 0xed, 0xc7, 0x9f, 
    0xd7, 0xff, 0x8e, 0xc0, 0xb9, 0x7a, 0x53, 0x04, 0x0f, 0xb2, 0x2b, 0xae, 0x1e, 
    0xfe, 0x79, 0x6f, 0x05, 0xab, 0x8b, 0x17, 0x50, 0xa0, 0x7e, 0x7d, 0xf3, 0xb7, 
    0xe1, 0x99, 0x93, 0x5f, 0xcd, 0x7c, 0x24, 0x5d, 0xfe, 0x65, 0x25, 0xd0, 0x1e, 
    0x73, 0x0e, 0xec, 0xd6, 0x1f, 0x73, 0x02, 0xf2, 0xe7, 0x5c, 0x7e, 0x0a, 0x24, 
    0x18, 0x9f, 0x83, 0xed, 0x45, 0x28, 0xe1, 0x84, 0x14, 0x56, 0x68, 0xe1, 0x85, 
    0x18, 0x66, 0xa8, 0xe1, 0x86, 0x1c, 0x76, 0xe8, 0xe1, 0x87, 0x20, 0x86, 0x28, 
    0xe2, 0x88, 0x24, 0x96, 0x68, 0xe2, 0x89, 0x28, 0xa6, 0xa8, 0xe2, 0x8a, 0x2c, 
    0xb6, 0xe8, 0xe2, 0x8b, 0x30, 0xc6, 0x28, 0x23, 0x50, 0x33, 0x72, 0xc6, 0x91, 
    0x01, 0x24, 0x45, 0x54, 0xa3, 0x49, 0x41, 0x1d, 0x90, 0x80, 0x02, 0x40, 0x02, 
    0x29, 0xdb, 0x8e, 0x9d, 0xcd, 0xc5, 0x40, 0x7a, 0x13, 0x24, 0x29, 0xc1, 0x03, 
    0xd6, 0x11, 0x49, 0xd9, 0x02, 0x10, 0xa0, 0x45, 0x90, 0x06, 0x18, 0x44, 0xd0, 
    0xa4, 0x93, 0x04, 0x95, 0x76, 0x1a, 0x41, 0xbd, 0x41, 0xa0, 0x40, 0x62, 0x58, 
    0x22, 0x77, 0x80, 0x03, 0xb7, 0x19, 0x94, 0xd7, 0x03, 0xc6, 0x85, 0x49, 0xd0, 
    0x7c, 0x12, 0x70, 0xa0, 0x50, 0x02, 0x0f, 0x2c, 0xa0, 0x26, 0x69, 0x0b, 0x58, 
    0x00, 0x5f, 0x42, 0x07, 0x34, 0xd0, 0xc0, 0x9c, 0x04, 0xe5, 0xe9, 0x1d, 0x9e, 
    0x0d, 0x14, 0xc8, 0xa7, 0x40, 0x79, 0x46, 0x90, 0xe6, 0x41, 0xad, 0x09, 0x3a, 
    0x68, 0x64, 0x11, 0x40, 0x88, 0x1c, 0x02, 0x10, 0x3c, 0x30, 0xe8, 0x40, 0x08, 
    0x38, 0xb0, 0x00, 0x7e, 0x06, 0x45, 0x26, 0x01, 0x04, 0x93, 0x12, 0xea, 0x00, 
    0x04, 0x97, 0x1a, 0x44, 0x1b, 0x99, 0x9d, 0x0e, 0x04, 0x27, 0x93, 0x3e, 0xe5, 
    0x28, 0x94, 0x6d, 0x7f, 0x76, 0x5a, 0xa9, 0x57, 0x96, 0x06, 0xcc, 0xc9, 0x80, 
    0x65, 0x23, 0x94, 0x3a, 0x90, 0x01, 0x0c, 0x58, 0xc0, 0x81, 0x06, 0x16, 0x24, 
    0x49, 0x01, 0x06, 0x20, 0xc0, 0xe0, 0xa6, 0xad, 0x02, 0xe0, 0x8a, 0x41, 0xad, 
    0x04, 0x71, 0x00, 0xc3, 0x0e, 0x0c, 0x10, 0x5b, 0xec, 0x02, 0x18, 0xa4, 0x50, 
    0xd0, 0x02, 0x1c, 0x20, 0x4b, 0x6c, 0x64, 0x18, 0xc8, 0x49, 0x10, 0x02, 0x56, 
    0x39, 0xfb, 0xec, 0x04, 0x8e, 0xa2, 0xb7, 0xdf, 0xb5, 0x8d, 0x41, 0x08, 0x5d, 
    0x52, 0xde, 0x32, 0x6a, 0xee, 0x02, 0x5e, 0xa5, 0xdb, 0x5b, 0xb3, 0xb7, 0xe6, 
    0x5a, 0x9f, 0xad, 0xd8, 0x41, 0x98, 0x27, 0x06, 0x77, 0x5e, 0xdb, 0x9b, 0xbd, 
    0x6a, 0x79, 0x2b, 0x50, 0xa5, 0xf0, 0x12, 0xda, 0xc0, 0xb8, 0xce, 0x8e, 0xb9, 
    0xe7, 0x40, 0x79, 0x4a, 0xea, 0x6f, 0x9e, 0x8a, 0x42, 0xf7, 0x80, 0xc2, 0xde, 
    0xe6, 0x79, 0xb0, 0x00, 0x6c, 0x72, 0xba, 0x70, 0xa0, 0xb7, 0x2e, 0x30, 0x41, 
    0xbe, 0x05, 0xd7, 0x94, 0x71, 0xa3, 0xfe, 0x0a, 0x90, 0x68, 0xbc, 0x04, 0x77, 
    0xac, 0x68, 0x6b, 0x16, 0x5f, 0x7c, 0xf2, 0x91, 0x21, 0x8b, 0x8c, 0x31, 0xc5, 
    0x90, 0xa6, 0x1c, 0xf1, 0xcb, 0xf3, 0x4d, 0x50, 0x32, 0xb1, 0x0c, 0x23, 0x30, 
    0x97, 0x63, 0x1c, 0x17, 0x3c, 0xf0, 0xc3, 0x14, 0x70, 0xc0, 0x41, 0xcf, 0xd7, 
    0x7e, 0xa6, 0x01, 0x08, 0x29, 0xc0, 0x60, 0x6d, 0xc8, 0x08, 0x48, 0x80, 0xf4, 
    0x0e, 0x4e, 0x0c, 0xdb, 0x61, 0x40, 0x00, 0x00, 0x21, 0xf9, 0x04, 0x09, 0x06, 
    0x00, 0x02, 0x00, 0x2c, 0x1c, 0x00, 0x19, 0x00, 0x5d, 0x00, 0x4a, 0x00, 0x00, 
    0x08, 0xff, 0x00, 0x05, 0x08, 0x1c, 0x48, 0xb0, 0xa0, 0xc1, 0x83, 0x08, 0x13, 
    0x2a, 0x5c, 0x88, 0x90, 0x40, 0x81, 0x87, 0x0f, 0x19, 0x32, 0x74, 0x08, 0xb1, 
    0x62, 0x01, 0x89, 0x18, 0x33, 0x1e, 0xa4, 0x68, 0xe0, 0x00, 0x02, 0x04, 0x09, 
    0x12, 0x20, 0x30, 0x00, 0x51, 0xa3, 0x00, 0x8a, 0x1e, 0x41, 0x86, 0x5c, 0x39, 
    0xf2, 0xa2, 0xc9, 0x97, 0x09, 0x1d, 0xa6, 0x54, 0xc0, 0xc0, 0xc1, 0x83, 0x08, 
    0x11, 0x1c, 0x30, 0x58, 0xa0, 0xe0, 0x00, 0x49, 0x8c, 0x04, 0x0c, 0x20, 0xa0, 
    0x69, 0x33, 0x82, 0x84, 0xa3, 0x12, 0x72, 0x32, 0x48, 0x70, 0xc0, 0x25, 0xcc, 
    0xa7, 0x27, 0x85, 0x2e, 0x68, 0x00, 0x61, 0x82, 0x05, 0x0d, 0x1c, 0x40, 0x80, 
    0xe0, 0x80, 0x81, 0x82, 0x84, 0x06, 0x0b, 0x46, 0x2e, 0x94, 0xa9, 0xc0, 0x41, 
    0x04, 0x0b, 0x07, 0x1d, 0x50, 0xa0, 0x00, 0x61, 0xe9, 0x01, 0xa8, 0x30, 0x09, 
    0x1c, 0x50, 0xf0, 0x60, 0x02, 0x06, 0x85, 0x0a, 0x20, 0x40, 0x68, 0x90, 0xc0, 
    0x40, 0x4c, 0x03, 0x09, 0x1a, 0x48, 0xd0, 0xc0, 0x90, 0xae, 0x83, 0x9e, 0x7e, 
    0xe1, 0x02, 0x3d, 0xb0, 0x20, 0x02, 0x61, 0x89, 0x06, 0xa6, 0xf6, 0xdc, 0x38, 
    0x17, 0xc2, 0xdd, 0x8c, 0x09, 0x76, 0x22, 0x50, 0x2c, 0x51, 0x2e, 0x83, 0x09, 
    0x2f, 0x33, 0x4f, 0x2e, 0x08, 0x18, 0xc2, 0x63, 0x8d, 0x81, 0x47, 0x73, 0x6e, 
    0x78, 0xe0, 0xf3, 0x53, 0x04, 0x0c, 0xc4, 0x0e, 0x2c, 0x80, 0xa0, 0xc1, 0xe5, 
    0xd0, 0x0c, 0x54, 0xaf, 0x26, 0xad, 0xc0, 0x31, 0xd4, 0xa1, 0xb2, 0x3d, 0x53, 
    0x80, 0x0b, 0x7b, 0xf3, 0xee, 0x82, 0xb4, 0x6d, 0xc3, 0x35, 0xa0, 0x20, 0xac, 
    0xc0, 0x02, 0x09, 0x22, 0x80, 0x86, 0xca, 0x5c, 0xf7, 0x71, 0xe6, 0x12, 0x38, 
    0x17, 0x17, 0x18, 0x79, 0xb8, 0xe2, 0xed, 0xc7, 0x9f, 0xd7, 0xff, 0x8e, 0xc0, 
    0xb9, 0x7a, 0x53, 0x04, 0x0f, 0xb2, 0x2b, 0xae, 0x1e, 0xfe, 0x79, 0x6f, 0x05, 
    0xab, 0x8b, 0x17, 0x50, 0xa0, 0x7e, 0x7d, 0xf3, 0xb7, 0xe1, 0x99, 0x93, 0x5f, 
    0xcd, 0x7c, 0x24, 0x5d, 0xfe, 0x65, 0x25, 0xd0, 0x1e, 0x73, 0x0e, 0xec, 0xd6, 
    0x1f, 0x73, 0x02, 0xf2, 0xe7, 0x5c, 0x7e, 0x0a, 0x24, 0x18, 0x9f, 0x83, 0xed, 
    0x45, 0x28, 0xe1, 0x84, 0x14, 0x56, 0x68, 0xe1, 0x85, 0x18, 0x66, 0xa8, 0xe1, 
    0x86, 0x1c, 0x76, 0xe8, 0xe1, 0x87, 0x20, 0x86, 0x28, 0xe2, 0x88, 0x24, 0x96, 
    0x68, 0xe2, 0x89, 0x28, 0xa6, 0xa8, 0xe2, 0x8a, 0x2c, 0xb6, 0xe8, 0xe2, 0x8b, 
    0x30, 0xc6, 0x28, 0x23, 0x50, 0x33, 0x72, 0xc6, 0x91, 0x01, 0x24, 0x45, 0x54, 
    0xa3, 0x49, 0x41, 0x1d, 0x90, 0x80, 0x02, 0x40, 0x02, 0xe9, 0xd3, 0x8e, 0x19, 
    0xc9, 0x45, 0x53, 0x7a, 0x13, 0x24, 0x19, 0x01, 0x5f, 0xf8, 0x11, 0xa9, 0x90, 
    0x5c, 0x0b, 0x40, 0x80, 0x16, 0x41, 0x18, 0x58, 0x00, 0x81, 0x75, 0x4e, 0x92, 
    0x96, 0x80, 0x69, 0x07, 0x19, 0xc0, 0xc0, 0x03, 0xc6, 0x65, 0x69, 0x50, 0x72, 
    0xb7, 0x19, 0xd4, 0xda, 0x02, 0x4d, 0x8a, 0x39, 0x10, 0x76, 0xfb, 0x75, 0xb9, 
    0xc0, 0x61, 0x6a, 0x92, 0xc6, 0x80, 0x77, 0x09, 0x21, 0xe0, 0x40, 0x03, 0x71, 
    0x12, 0x64, 0x40, 0x03, 0x6d, 0x22, 0x74, 0x80, 0x03, 0x05, 0xe6, 0x29, 0x50, 
    0x6b, 0x0f, 0x2c, 0x74, 0x40, 0x03, 0x81, 0x0a, 0xda, 0x9a, 0x03, 0x61, 0x8e, 
    0xb9, 0x65, 0xa2, 0x79, 0x46, 0x06, 0x01, 0x84, 0xa4, 0x2d, 0x30, 0x41, 0xa1, 
    0x82, 0x0a, 0x64, 0x27, 0x9a, 0x07, 0xd1, 0xe6, 0x40, 0x99, 0x99, 0x8a, 0xe6, 
    0x53, 0x8e, 0x05, 0x08, 0xf5, 0x69, 0xa6, 0x05, 0xd5, 0xf6, 0x00, 0x58, 0x41, 
    0xd2, 0x64, 0x19, 0x07, 0xa8, 0xea, 0xc2, 0xf9, 0x99, 0x05, 0x6b, 0x25, 0x49, 
    0x01, 0x06, 0x20, 0xa4, 0xb0, 0x40, 0xac, 0x6b, 0x2e, 0x40, 0x01, 0x08, 0x05, 
    0x71, 0x00, 0x43, 0x0a, 0xf0, 0xf1, 0x2a, 0x40, 0x64, 0x16, 0x8c, 0x50, 0x90, 
    0x02, 0x18, 0xc0, 0x6a, 0xec, 0xb1, 0x0b, 0x60, 0xb0, 0x2b, 0x41, 0x08, 0x48, 
    0xf7, 0x2c, 0xb4, 0x13, 0x50, 0x7a, 0xc0, 0x03, 0x10, 0x5c, 0x1b, 0x59, 0x04, 
    0xda, 0xda, 0xe4, 0x6d, 0x6f, 0x10, 0x42, 0xa7, 0xd7, 0xb8, 0x11, 0x30, 0x40, 
    0xd0, 0x7c, 0x13, 0xf4, 0xc9, 0x2b, 0x7a, 0x90, 0x7a, 0x49, 0x41, 0xb1, 0xcf, 
    0xfe, 0x89, 0x67, 0xaf, 0x12, 0x50, 0x1a, 0xab, 0xbd, 0xb2, 0xd6, 0x57, 0x2f, 
    0xa2, 0x04, 0x1d, 0xda, 0xed, 0xb5, 0x02, 0x1c, 0x0a, 0xe9, 0xa1, 0x98, 0x7a, 
    0x5b, 0x53, 0xc0, 0x0b, 0x13, 0xbc, 0xe8, 0x6c, 0xe8, 0x25, 0x5c, 0x6f, 0x4d, 
    0xc6, 0xb1, 0x4b, 0xef, 0xbf, 0xe0, 0x72, 0xd7, 0x98, 0xbe, 0xfb, 0x0a, 0x96, 
    0x20, 0x73, 0x93, 0x12, 0x7c, 0x2c, 0x03, 0x19, 0x8f, 0xec, 0xae, 0xb1, 0xdf, 
    0x26, 0xd8, 0xda, 0xc0, 0x04, 0xa7, 0x3c, 0x68, 0x03, 0x12, 0x3f, 0xab, 0x5f, 
    0x5f, 0xad, 0x49, 0xc0, 0x32, 0xba, 0x0f, 0x38, 0x20, 0x25, 0x07, 0x27, 0x1b, 
    0x8b, 0x80, 0x94, 0x1a, 0xe4, 0x9a, 0x02, 0x9d, 0x22, 0x2f, 0x90, 0x2c, 0x0c, 
    0x3b, 0xc0, 0xf0, 0x61, 0x40, 0x00, 0x00, 0x21, 0xf9, 0x04, 0x09, 0x07, 0x00, 
    0x02, 0x00, 0x2c, 0x1c, 0x00, 0x19, 0x00, 0x5d, 0x00, 0x4a, 0x00, 0x00, 0x08, 
    0xff, 0x00, 0x05, 0x08, 0x1c, 0x48, 0xb0, 0xa0, 0xc1, 0x83, 0x08, 0x13, 0x2a, 
    0x5c, 0x88, 0x90, 0x40, 0x81, 0x87, 0x0f, 0x19, 0x32, 0x74, 0x08, 0xb1, 0x62, 
    0x01, 0x89, 0x18, 0x33, 0x1e, 0xa4, 0x68, 0xe0, 0x00, 0x02, 0x04, 0x09, 0x12, 
    0x20, 0x30, 0x00, 0x51, 0xa3, 0x00, 0x8a, 0x1e, 0x41, 0x86, 0x5c, 0x39, 0xf2, 
    0xa2, 0xc9, 0x97, 0x09, 0x1d, 0xa6, 0x54, 0xc0, 0xc0, 0xc1, 0x83, 0x08, 0x11, 
    0x1c, 0x30, 0x58, 0xa0, 0xe0, 0x00, 0x49, 0x8c, 0x04, 0x0c, 0x20, 0xa0, 0x69, 
    0x33, 0x82, 0x84, 0xa3, 0x12, 0x72, 0x32, 0x48, 0x70, 0xc0, 0x25, 0xcc, 0xa7, 
    0x27, 0x85, 0x2e, 0x68, 0x00, 0x61, 0x82, 0x05, 0x0d, 0x1c, 0x40, 0x80, 0xe0, 
    0x80, 0x81, 0x82, 0x84, 0x06, 0x0b, 0x46, 0x2e, 0x94, 0xa9, 0xc0, 0x41, 0x04, 
    0x0b, 0x07, 0x1d, 0x50, 0xa0, 0x00, 0x61, 0xe9, 0x01, 0xa8, 0x30, 0x09, 0x1c, 
    0x50, 0xf0, 0x60, 0x02, 0x06, 0x85, 0x0a, 0x20, 0x40, 0x68, 0x90, 0xc0, 0x40, 
    0x4c, 0x03, 0x09, 0x1a, 0x48, 0xd0, 0xc0, 0x90, 0xae, 0x83, 0x9e, 0x7e, 0xe1, 
    0x02, 0x3d, 0xb0, 0x20, 0x02, 0x61, 0x89, 0x06, 0xa6, 0xf6, 0xdc, 0x38, 0x17, 
    0xc2, 0xdd, 0x8c, 0x09, 0x76, 0x22, 0x50, 0x2c, 0x51, 0x2e, 0x83, 0x09, 0x2f, 
    0x33, 0x4f, 0x2e, 0x08, 0x18, 0xc2, 0x63, 0x8d, 0x81, 0x47, 0x73, 0x6e, 0x78, 
    0xe0, 0xf3, 0x53, 0x04, 0x0c, 0xc4, 0x0e, 0x2c, 0x80, 0xa0, 0xc1, 0xe5, 0xd0, 
    0x0c, 0x54, 0xaf, 0x26, 0xad, 0xc0, 0x31, 0xd4, 0xa1, 0xb2, 0x3d, 0x53, 0x80, 
    0x0b, 0x7b, 0xf3, 0xee, 0x82, 0xb4, 0x6d, 0xc3, 0x35, 0xa0, 0x20, 0xac, 0xc0, 
    0x02, 0x09, 0x22, 0x80, 0x86, 0xca, 0x5c, 0xf7, 0x71, 0xe6, 0x12, 0x38, 0x17, 
    0x17, 0x18, 0x79, 0xb8, 0xe2, 0xed, 0xc7, 0x9f, 0xd7, 0xff, 0x8e, 0xc0, 0xb9, 
    0x7a, 0x53, 0x04, 0x0f, 0xb2, 0x2b, 0xae, 0x1e, 0xfe, 0x79, 0x6f, 0x05, 0xab, 
    0x8b, 0x17, 0x50, 0xa0, 0x7e, 0x7d, 0xf3, 0xb7, 0xe1, 0x99, 0x93, 0x5f, 0xcd, 
    0x7c, 0x24, 0x5d, 0xfe, 0x65, 0x25, 0xd0, 0x1e, 0x73, 0x0e, 0xec, 0xd6, 0x1f, 
    0x73, 0x02, 0xf2, 0xe7, 0x5c, 0x7e, 0x0a, 0x24, 0x18, 0x9f, 0x83, 0xed, 0x45, 
    0x28, 0xe1, 0x84, 0x14, 0x56, 0x68, 0xe1, 0x85, 0x18, 0x66, 0xa8, 0xe1, 0x86, 
    0x1c, 0x76, 0xe8, 0xe1, 0x87, 0x20, 0x86, 0x28, 0xe2, 0x88, 0x24, 0x96, 0x68, 
    0xe2, 0x89, 0x28, 0xa6, 0xa8, 0xe2, 0x8a, 0x2c, 0xb6, 0xe8, 0xe2, 0x8b, 0x30, 
    0xc6, 0x28, 0x63, 0x67, 0x4e, 0xcd, 0x08, 0x15, 0x4a, 0x3e, 0x91, 0x54, 0xa3, 
    0x8d, 0x40, 0x09, 0xd5, 0xdc, 0x4e, 0x0a, 0x28, 0x20, 0x1b, 0x8f, 0x9d, 0xcd, 
    0xd5, 0x40, 0x04, 0x6b, 0x51, 0x30, 0x41, 0x04, 0x0f, 0x58, 0x47, 0x24, 0x65, 
    0x0b, 0x40, 0x80, 0x16, 0x41, 0x14, 0x58, 0x10, 0x81, 0x93, 0x4f, 0x0e, 0x24, 
    0xd7, 0x02, 0x83, 0x1d, 0x64, 0x00, 0x03, 0x0f, 0x18, 0x97, 0xa5, 0x41, 0xd0, 
    0x45, 0xc0, 0x41, 0x42, 0x08, 0x38, 0xb0, 0x00, 0x7e, 0x63, 0x12, 0xf4, 0xe5, 
    0x94, 0x08, 0x45, 0xe6, 0x80, 0x98, 0x6d, 0x72, 0xd7, 0x00, 0x9c, 0x08, 0xd5, 
    0xb6, 0x40, 0x9d, 0x04, 0x1d, 0xe0, 0x00, 0x04, 0x0b, 0x1d, 0xd0, 0x40, 0x03, 
    0x7c, 0x0e, 0x24, 0xe8, 0x03, 0x0a, 0x41, 0x07, 0x41, 0x81, 0x85, 0x0a, 0x70, 
    0x28, 0x9d, 0xa4, 0x2d, 0x30, 0x01, 0xa0, 0x8d, 0x46, 0x06, 0x01, 0x84, 0x04, 
    0xd1, 0xe6, 0xc0, 0x6d, 0x8d, 0xa6, 0xb9, 0xa6, 0x41, 0x9e, 0x5d, 0xd5, 0xe8, 
    0x40, 0x72, 0x22, 0xa6, 0xa3, 0x50, 0x0c, 0x50, 0x00, 0xc2, 0xa8, 0x7d, 0x36, 
    0xf0, 0x80, 0x9a, 0x41, 0xd2, 0xc8, 0xf4, 0x00, 0x06, 0x23, 0xa4, 0xc0, 0xaa, 
    0xa1, 0x6a, 0x61, 0x60, 0x81, 0x92, 0x14, 0x60, 0x00, 0x02, 0x0c, 0x3b, 0x30, 
    0x70, 0x2b, 0x77, 0x0c, 0xf8, 0x5a, 0x50, 0x0a, 0x4e, 0xc0, 0x00, 0xdf, 0xb0, 
    0x91, 0xd1, 0x5a, 0x10, 0x03, 0x59, 0x0d, 0xcb, 0xdd, 0x02, 0x18, 0xec, 0x49, 
    0x10, 0x02, 0x13, 0x78, 0xc7, 0xac, 0xa4, 0x98, 0x22, 0x00, 0xc1, 0x7e, 0xdb, 
    0x46, 0x80, 0xa9, 0x9f, 0x88, 0x4a, 0xab, 0x1f, 0x84, 0x8a, 0x52, 0x2a, 0xad, 
    0xa7, 0x99, 0x2a, 0xb0, 0xa4, 0xb4, 0x02, 0xf9, 0x49, 0x28, 0xa9, 0x92, 0xaa, 
    0x3b, 0xac, 0x9f, 0x8c, 0x12, 0x4b, 0xc1, 0xb2, 0xd2, 0x0a, 0x9a, 0xaf, 0xa3, 
    0x0d, 0x4c, 0x80, 0x29, 0xab, 0xfe, 0xb6, 0x3a, 0x1d, 0xbc, 0x05, 0x1b, 0x4a, 
    0x15, 0xbc, 0xf1, 0x36, 0x30, 0xa7, 0xc2, 0xe5, 0x22, 0x7c, 0xa4, 0x83, 0x09, 
    0x4b, 0x2c, 0x41, 0x82, 0xd0, 0xbd, 0xca, 0xb0, 0x00, 0x5f, 0x5e, 0xec, 0x9e, 
    0x04, 0xf6, 0x86, 0x9b, 0x60, 0x64, 0xef, 0x32, 0xcc, 0xdc, 0xa5, 0xd3, 0x4e, 
    0xc0, 0xaf, 0xb9, 0xbd, 0x09, 0xeb, 0xa8, 0x5a, 0x03, 0xdf, 0x8a, 0x1e, 0xa3, 
    0x92, 0x72, 0x8a, 0xf0, 0x9f, 0x0e, 0xab, 0x8a, 0xe7, 0xcd, 0x16, 0x60, 0xc0, 
    0x41, 0x0a, 0x30, 0xd8, 0xdc, 0xef, 0x03, 0x1a, 0xa4, 0xb0, 0x83, 0x13, 0x4e, 
    0x08, 0x2d, 0x6d, 0x02, 0x14, 0x20, 0x8b, 0xf4, 0x87, 0x01, 0x01, 0x00, 0x21, 
    0xf9, 0x04, 0x09, 0x07, 0x00, 0x02, 0x00, 0x2c, 0x1c, 0x00, 0x19, 0x00, 0x5d, 
    0x00, 0x4a, 0x00, 0x00, 0x08, 0xff, 0x00, 0x05, 0x08, 0x1c, 0x48, 0xb0, 0xa0, 
    0xc1, 0x83, 0x08, 0x13, 0x2a, 0x5c, 0x88, 0x90, 0x40, 0x81, 0x87, 0x0f, 0x19, 
    0x32, 0x74, 0x08, 0xb1, 0x62, 0x01, 0x89, 0x18, 0x33, 0x1e, 0xa4, 0x68, 0xe0, 
    0x00, 0x02, 0x04, 0x09, 0x12, 0x20, 0x30, 0x00, 0x51, 0xa3, 0x00, 0x8a, 0x1e, 
    0x41, 0x86, 0x5c, 0x39, 0xf2, 0xa2, 0xc9, 0x97, 0x09, 0x1d, 0xa6, 0x54, 0xc0, 
    0xc0, 0xc1, 0x83, 0x08, 0x11, 0x1c, 0x30, 0x58, 0xa0, 0xe0, 0x00, 0x49, 0x8c, 
    0x04, 0x0c, 0x20, 0xa0, 0x69, 0x33, 0x82, 0x84, 0xa3, 0x12, 0x72, 0x32, 0x48, 
    0x70, 0xc0, 0x25, 0xcc, 0xa7, 0x27, 0x85, 0x2e, 0x68, 0x00, 0x61, 0x82, 0x05, 
    0x0d, 0x1c, 0x40, 0x80, 0xe0, 0x80, 0x81, 0x82, 0x84, 0x06, 0x0b, 0x46, 0x2e, 
    0x94, 0xa9, 0xc0, 0x41, 0x04, 0x0b, 0x07, 0x1d, 0x50, 0xa0, 0x00, 0x61, 0xe9, 
    0x01, 0xa8, 0x30, 0x09, 0x1c, 0x50, 0xf0, 0x60, 0x02, 0x06, 0x85, 0x0a, 0x20, 
    0x40, 0x68, 0x90, 0xc0, 0x40, 0x4c, 0x03, 0x09, 0x1a, 0x48, 0xd0, 0xc0, 0x90, 
    0xae, 0x83, 0x9e, 0x7e, 0xe1, 0x02, 0x3d, 0xb0, 0x20, 0x02, 0x61, 0x89, 0x06, 
    0xa6, 0xf6, 0xdc, 0x38, 0x17, 0xc2, 0xdd, 0x8c, 0x09, 0x76, 0x22, 0x50, 0x2c, 
    0x51, 0x2e, 0x83, 0x09, 0x2f, 0x33, 0x4f, 0x2e, 0x08, 0x18, 0xc2, 0x63, 0x8d, 
    0x81, 0x47, 0x73, 0x6e, 0x78, 0xe0, 0xf3, 0x53, 0x04, 0x0c, 0xc4, 0x0e, 0x2c, 
    0x80, 0xa0, 0xc1, 0xe5, 0xd0, 0x0c, 0x54, 0xaf, 0x26, 0xad, 0xc0, 0x31, 0xd4, 
    0xa1, 0xb2, 0x3d, 0x53, 0x80, 0x0b, 0x7b, 0xf3, 0xee, 0x82, 0xb4, 0x6d, 0xc3, 
    0x35, 0xa0, 0x20, 0xac, 0xc0, 0x02, 0x09, 0x22, 0x80, 0x86, 0xca, 0x5c, 0xf7, 
    0x71, 0xe6, 0x12, 0x38, 0x17, 0x17, 0x18, 0x79, 0xb8, 0xe2, 0xed, 0xc7, 0x9f, 
    0xd7, 0xff, 0x8e, 0xc0, 0xb9, 0x7a, 0x53, 0x04, 0x0f, 0xb2, 0x2b, 0xae, 0x1e, 
    0xfe, 0x79, 0x6f, 0x05, 0xab, 0x8b, 0x17, 0x50, 0xa0, 0x7e, 0x7d, 0xf3, 0xb7, 
    0xe1, 0x99, 0x93, 0x5f, 0xcd, 0x7c, 0x24, 0x5d, 0xfe, 0x65, 0x25, 0xd0, 0x1e, 
    0x73, 0x0e, 0xec, 0xd6, 0x1f, 0x73, 0x02, 0xf2, 0xe7, 0x5c, 0x7e, 0x0a, 0x24, 
    0x18, 0x9f, 0x83, 0xed, 0x45, 0x28, 0xe1, 0x84, 0x14, 0x56, 0x68, 0xe1, 0x85, 
    0x18, 0x66, 0xa8, 0xe1, 0x86, 0x1c, 0x76, 0xe8, 0xe1, 0x87, 0x20, 0x86, 0x28, 
    0xe2, 0x88, 0x24, 0x96, 0x68, 0xe2, 0x89, 0x28, 0xa6, 0xa8, 0xe2, 0x8a, 0x2c, 
    0xb6, 0xe8, 0xe2, 0x8b, 0x30, 0xc6, 0x28, 0x63, 0x67, 0x4e, 0xcd, 0x08, 0x15, 
    0x4a, 0x3e, 0xfd, 0x64, 0xe3, 0x4b, 0x41, 0x0d, 0xb5, 0xc0, 0x4e, 0x0a, 0x8c, 
    0x94, 0xd8, 0x8e, 0x9d, 0xcd, 0xd5, 0x40, 0x04, 0x6b, 0x51, 0x30, 0x41, 0x5b, 
    0x7d, 0x11, 0x39, 0x11, 0x63, 0x10, 0xa0, 0x45, 0x50, 0x57, 0x10, 0x58, 0xe7, 
    0x24, 0x41, 0x72, 0x2d, 0x30, 0xd8, 0x41, 0xbd, 0x41, 0x60, 0xdc, 0x95, 0x06, 
    0x41, 0xe7, 0x1b, 0x42, 0x09, 0x3c, 0xb0, 0x00, 0x7e, 0x60, 0x12, 0x14, 0x99, 
    0x94, 0x08, 0x19, 0xc0, 0xc0, 0x03, 0x5f, 0xa6, 0xc9, 0xdd, 0x91, 0x0a, 0x45, 
    0xd6, 0x96, 0x9c, 0xb3, 0x25, 0xa0, 0xd7, 0x42, 0xe8, 0x15, 0x88, 0xa7, 0x40, 
    0x7d, 0x2a, 0x34, 0x5f, 0x4e, 0x7f, 0x0a, 0x74, 0x80, 0x4d, 0x71, 0x92, 0xb6, 
    0xc0, 0x04, 0x0f, 0x14, 0x2a, 0x80, 0x9b, 0x10, 0x40, 0x48, 0x10, 0x6d, 0x0f, 
    0xb0, 0x59, 0x28, 0x02, 0x0e, 0x9c, 0x69, 0x90, 0x67, 0x16, 0x78, 0xe7, 0x68, 
    0x64, 0x0f, 0x20, 0x46, 0x52, 0x01, 0x42, 0x31, 0x40, 0x01, 0x08, 0x8e, 0x12, 
    0x84, 0x29, 0x04, 0x99, 0x2a, 0xe0, 0xea, 0x02, 0x0f, 0x60, 0xcf, 0x30, 0xc2, 
    0x69, 0xa9, 0xba, 0x69, 0x55, 0xa7, 0x13, 0x50, 0x80, 0x01, 0x08, 0x30, 0xec, 
    0xb0, 0x40, 0xaa, 0x03, 0xad, 0x89, 0x2a, 0x41, 0x23, 0xec, 0x90, 0x02, 0xb0, 
    0xc1, 0x32, 0xa0, 0xc1, 0xb0, 0x03, 0x29, 0xa0, 0x01, 0xad, 0xb5, 0x2a, 0xfb, 
    0xab, 0xaa, 0x12, 0x4c, 0x87, 0x6c, 0x64, 0x13, 0x48, 0x8a, 0x1e, 0x04, 0xc8, 
    0x72, 0xd7, 0x98, 0xa4, 0x87, 0x36, 0xda, 0xad, 0x7e, 0x0c, 0x4c, 0x1a, 0x1d, 
    0xb7, 0xdd, 0x0a, 0x10, 0xe8, 0x6c, 0x0a, 0x4c, 0xb0, 0x5f, 0xb7, 0x87, 0x36, 
    0xa0, 0xe6, 0xa2, 0xef, 0x22, 0x7b, 0xa8, 0x9f, 0xde, 0x52, 0x50, 0x2f, 0xb0, 
    0xf7, 0xaa, 0xc9, 0x80, 0x05, 0xf0, 0xa5, 0x1b, 0x2e, 0x41, 0x07, 0x34, 0x90, 
    0x6d, 0xba, 0x8f, 0x36, 0x80, 0xaf, 0x00, 0x05, 0x5b, 0x3b, 0xee, 0x02, 0x0e, 
    0x7c, 0x79, 0xe8, 0xbe, 0xc0, 0x32, 0x07, 0xe7, 0x40, 0x05, 0x8b, 0x9b, 0x2e, 
    0x73, 0x91, 0x62, 0xac, 0x30, 0xc2, 0x8f, 0xe6, 0x95, 0x20, 0x74, 0x0f, 0x68, 
    0x3c, 0x6e, 0x6f, 0x23, 0xb7, 0x4b, 0x71, 0xad, 0x28, 0x7b, 0x3b, 0x41, 0xc0, 
    0x08, 0x63, 0x3a, 0x6d, 0x64, 0x12, 0x48, 0x6a, 0xaf, 0x4e, 0x86, 0x3a, 0x70, 
    0x30, 0xc8, 0x05, 0xf3, 0x55, 0x16, 0x06, 0xb7, 0x21, 0xdc, 0x5a, 0xb5, 0x16, 
    0x70, 0x90, 0x42, 0xd0, 0x02, 0x3b, 0xb0, 0x6b, 0x0a, 0x3b, 0xec, 0x80, 0x74, 
    0xba, 0x09, 0x4c, 0x50, 0xac, 0x13, 0x3b, 0x7c, 0x18, 0x10, 0x00, 0x21, 0xf9, 
    0x04, 0x09, 0x06, 0x00, 0x02, 0x00, 0x2c, 0x1c, 0x00, 0x19, 0x00, 0x5d, 0x00, 
    0x4a, 0x00, 0x00, 0x08, 0xff, 0x00, 0x05, 0x08, 0x1c, 0x48, 0xb0, 0xa0, 0xc1, 
    0x83, 0x08, 0x13, 0x2a, 0x5c, 0x88, 0x90, 0x40, 0x81, 0x87, 0x0f, 0x19, 0x32, 
    0x74, 0x08, 0xb1, 0x62, 0x01, 0x89, 0x18, 0x33, 0x1e, 0xa4, 0x68, 0xe0, 0x00, 
    0x02, 0x04, 0x09, 0x12, 0x20, 0x30, 0x00, 0x51, 0xa3, 0x00, 0x8a, 0x1e, 0x41, 
    0x86, 0x5c, 0x39, 0xf2, 0xa2, 0xc9, 0x97, 0x09, 0x1d, 0xa6, 0x54, 0xc0, 0xc0, 
    0xc1, 0x83, 0x08, 0x11, 0x1c, 0x30, 0x58, 0xa0, 0xe0, 0x00, 0x49, 0x8c, 0x04, 
    0x0c, 0x20, 0xa0, 0x69, 0x33, 0x82, 0x84, 0xa3, 0x12, 0x72, 0x32, 0x48, 0x70, 
    0xc0, 0x25, 0xcc, 0xa7, 0x27, 0x85, 0x2e, 0x68, 0x00, 0x61, 0x82, 0x05, 0x0d, 
    0x1c, 0x40, 0x80, 0xe0, 0x80, 0x81, 0x82, 0x84, 0x06, 0x0b, 0x46, 0x2e, 0x94, 
    0xa9, 0xc0, 0x41, 0x04, 0x0b, 0x07, 0x1d, 0x50, 0xa0, 0x00, 0x61, 0xe9, 0x01, 
    0xa8, 0x30, 0x09, 0x1c, 0x50, 0xf0, 0x60, 0x02, 0x06, 0x85, 0x0a, 0x20, 0x40, 
    0x68, 0x90, 0xc0, 0x40, 0x4c, 0x03, 0x09, 0x1a, 0x48, 0xd0, 0xc0, 0x90, 0xae, 
    0x83, 0x9e, 0x7e, 0xe1, 0x02, 0x3d, 0xb0, 0x20, 0x02, 0x61, 0x89, 0x06, 0xa6, 
    0xf6, 0xdc, 0x38, 0x17, 0xc2, 0xdd, 0x8c, 0x09, 0x76, 0x22, 0x50, 0x2c, 0x51, 
    0x2e, 0x83, 0x09, 0x2f, 0x33, 0x4f, 0x2e, 0x08, 0x18, 0xc2, 0x63, 0x8d, 0x81, 
    0x47, 0x73, 0x6e, 0x78, 0xe0, 0xf3, 0x53, 0x04, 0x0c, 0xc4, 0x0e, 0x2c, 0x80, 
    0xa0, 0xc1, 0xe5, 0xd0, 0x0c, 0x54, 0xaf, 0x26, 0xad, 0xc0, 0x31, 0xd4, 0xa1, 
    0xb2, 0x3d, 0x53, 0x80, 0x0b, 0x7b, 0xf3, 0xee, 0x82, 0xb4, 0x6d, 0xc3, 0x35, 
    0xa0, 0x20, 0xac, 0xc0, 0x02, 0x09, 0x22, 0x80, 0x86, 0xca, 0x5c, 0xf7, 0x71, 
    0xe6, 0x12, 0x38, 0x17, 0x17, 0x18, 0x79, 0xb8, 0xe2, 0xed, 0xc7, 0x9f, 0xd7, 
    0xff, 0x8e, 0xc0, 0xb9, 0x7a, 0x53, 0x04, 0x0f, 0xb2, 0x2b, 0xae, 0x1e, 0xfe, 
    0x79, 0x6f, 0x05, 0xab, 0x8b, 0x17, 0x50, 0xa0, 0x7e, 0x7d, 0xf3, 0xb7, 0xe1, 
    0x99, 0x93, 0x5f, 0xcd, 0x7c, 0x24, 0x5d, 0xfe, 0x65, 0x25, 0xd0, 0x1e, 0x73, 
    0x0e, 0xec, 0xd6, 0x1f, 0x73, 0x02, 0xf2, 0xe7, 0x5c, 0x7e, 0x0a, 0x24, 0x18, 
    0x9f, 0x83, 0xed, 0x45, 0x28, 0xe1, 0x84, 0x14, 0x56, 0x68, 0xe1, 0x85, 0x18, 
    0x66, 0xa8, 0xe1, 0x86, 0x1c, 0x76, 0xe8, 0xe1, 0x87, 0x20, 0x86, 0x28, 0xe2, 
    0x88, 0x24, 0x96, 0x68, 0xe2, 0x89, 0x28, 0xa6, 0xa8, 0xe2, 0x8a, 0x2c, 0xb6, 
    0xe8, 0xe2, 0x8b, 0x30, 0xc6, 0x28, 0x63, 0x67, 0x4e, 0xcd, 0x08, 0x15, 0x4a, 
    0x3e, 0xfd, 0x64, 0xe3, 0x4b, 0x41, 0x0d, 0xb5, 0xc0, 0x4e, 0x0a, 0x8c, 0x94, 
    0xd8, 0x8e, 0x9d, 0xcd, 0xd5, 0x40, 0x04, 0x6b, 0x51, 0x30, 0x41, 0x5b, 0x7d, 
    0x11, 0x39, 0x11, 0x63, 0x10, 0xa0, 0x45, 0x50, 0x57, 0x10, 0x58, 0xe7, 0x24, 
    0x41, 0x72, 0x2d, 0x30, 0xd8, 0x41, 0xbd, 0x41, 0x60, 0xdc, 0x95, 0x06, 0x41, 
    0x17, 0x01, 0x07, 0x09, 0x25, 0xf0, 0xc0, 0x02, 0xf8, 0x81, 0x49, 0x90, 0x01, 
    0x0c, 0x48, 0x89, 0x10, 0x02, 0x36, 0x41, 0xa8, 0xa6, 0x00, 0x06, 0x08, 0xa6, 
    0x10, 0x9b, 0x11, 0xc8, 0x09, 0x26, 0x74, 0x10, 0xec, 0x87, 0x50, 0x64, 0x6d, 
    0xcd, 0x49, 0x10, 0x7a, 0x10, 0xdc, 0x49, 0x5f, 0x81, 0x82, 0x0a, 0x74, 0x80, 
    0x4d, 0x5f, 0x1a, 0x14, 0xd9, 0x04, 0x0f, 0x24, 0xca, 0x1d, 0x03, 0x10, 0xe8, 
    0x29, 0x9e, 0x03, 0xb7, 0x49, 0x0a, 0x27, 0x9a, 0x06, 0x09, 0xe7, 0x9d, 0xa4, 
    0x74, 0x32, 0xf0, 0x00, 0x62, 0x24, 0x15, 0x20, 0xd4, 0x67, 0x20, 0x80, 0x3a, 
    0xe8, 0x03, 0x10, 0x38, 0xc0, 0x93, 0x02, 0x34, 0x3d, 0xca, 0x80, 0xc1, 0x08, 
    0xa7, 0xa9, 0xca, 0x26, 0x05, 0x16, 0x58, 0x90, 0x24, 0x06, 0x20, 0xc0, 0xb0, 
    0xc3, 0x02, 0xaa, 0x0e, 0x54, 0xe7, 0xac, 0x05, 0xa5, 0xe0, 0x44, 0x0a, 0xc1, 
    0x0e, 0xb4, 0x28, 0x07, 0x23, 0x14, 0xc4, 0x00, 0x07, 0xb5, 0xda, 0xca, 0x80, 
    0x06, 0xc0, 0x0e, 0x2a, 0xc1, 0x74, 0xc9, 0xde, 0x0a, 0xdf, 0xaa, 0x85, 0x26, 
    0x4b, 0x67, 0x63, 0x72, 0x2e, 0x1a, 0xa9, 0xb7, 0xfa, 0x31, 0x40, 0x10, 0x9f, 
    0xdd, 0x7a, 0x8b, 0x1e, 0xa2, 0xee, 0x4d, 0xe0, 0x67, 0xb2, 0x8b, 0xb2, 0x4b, 
    0xa7, 0x02, 0xee, 0x7a, 0xab, 0xa8, 0x03, 0xf2, 0x76, 0xf7, 0x6e, 0xb0, 0x07, 
    0x34, 0x90, 0x6f, 0x9b, 0xdb, 0x7a, 0xdb, 0xaf, 0xbc, 0xfd, 0x4e, 0x60, 0xa9, 
    0xa4, 0x91, 0x39, 0xf0, 0x65, 0xc1, 0xf6, 0x72, 0xb7, 0xc0, 0x03, 0x0b, 0x53, 
    0xd5, 0xf0, 0xbc, 0x95, 0x2a, 0xdb, 0xc0, 0xb8, 0xf6, 0x32, 0x57, 0xb1, 0xa2, 
    0xfe, 0x4e, 0xac, 0xb1, 0x83, 0xfd, 0x36, 0xe0, 0x71, 0x5e, 0x09, 0x42, 0x77, 
    0xe6, 0xc4, 0x02, 0xc0, 0x59, 0x72, 0x6f, 0x07, 0x83, 0xda, 0x6f, 0xb5, 0xfa, 
    0xb5, 0x2c, 0x69, 0xbf, 0xe6, 0xce, 0x9b, 0x27, 0xca, 0x21, 0x23, 0x50, 0x19, 
    0x05, 0x32, 0x27, 0xda, 0x6f, 0xab, 0x75, 0x41, 0x8b, 0xb2, 0x00, 0x8b, 0x5e, 
    0xc5, 0x41, 0x0a, 0x30, 0x64, 0xda, 0x70, 0x02, 0x12, 0x80, 0x90, 0xc2, 0x0e, 
    0x3b, 0x7c, 0x18, 0x10, 0x00, 0x21, 0xf9, 0x04, 0x09, 0x07, 0x00, 0x02, 0x00, 
    0x2c, 0x1c, 0x00, 0x19, 0x00, 0x5d, 0x00, 0x4a, 0x00, 0x00, 0x08, 0xff, 0x00, 
    0x05, 0x08, 0x1c, 0x48, 0xb0, 0xa0, 0xc1, 0x83, 0x08, 0x13, 0x2a, 0x5c, 0x88, 
    0x90, 0x40, 0x81, 0x87, 0x0f, 0x19, 0x32, 0x74, 0x08, 0xb1, 0x62, 0x01, 0x89, 
    0x18, 0x33, 0x1e, 0xa4, 0x68, 0xe0, 0x00, 0x02, 0x04, 0x09, 0x12, 0x20, 0x30, 
    0x00, 0x51, 0xa3, 0x00, 0x8a, 0x1e, 0x41, 0x86, 0x5c, 0x39, 0xf2, 0xa2, 0xc9, 
    0x97, 0x09, 0x1d, 0xa6, 0x54, 0xc0, 0xc0, 0xc1, 0x83, 0x08, 0x11, 0x1c, 0x30, 
    0x58, 0xa0, 0xe0, 0x00, 0x49, 0x8c, 0x04, 0x0c, 0x20, 0xa0, 0x69, 0x33, 0x82, 
    0x84, 0xa3, 0x12, 0x72, 0x32, 0x48, 0x70, 0xc0, 0x25, 0xcc, 0xa7, 0x27, 0x85, 
    0x2e, 0x68, 0x00, 0x61, 0x82, 0x05, 0x0d, 0x1c, 0x40, 0x80, 0xe0, 0x80, 0x81, 
    0x82, 0x84, 0x06, 0x0b, 0x46, 0x2e, 0x94, 0xa9, 0xc0, 0x41, 0x04, 0x0b, 0x07, 
    0x1d, 0x50, 0xa0, 0x00, 0x61, 0xe9, 0x01, 0xa8, 0x30, 0x09, 0x1c, 0x50, 0xf0, 
    0x60, 0x02, 0x06, 0x85, 0x0a, 0x20, 0x40, 0x68, 0x90, 0xc0, 0x40, 0x4c, 0x03, 
    0x09, 0x1a, 0x48, 0xd0, 0xc0, 0x90, 0xae, 0x83, 0x9e, 0x7e, 0xe1, 0x02, 0x3d, 
    0xb0, 0x20, 0x02, 0x61, 0x89, 0x06, 0xa6, 0xf6, 0xdc, 0x38, 0x17, 0xc2, 0xdd, 
    0x8c, 0x09, 0x76, 0x22, 0x50, 0x2c, 0x51, 0x2e, 0x83, 0x09, 0x2f, 0x33, 0x4f, 
    0x2e, 0x08, 0x18, 0xc2, 0x63, 0x8d, 0x81, 0x47, 0x73, 0x6e, 0x78, 0xe0, 0xf3, 
    0x53, 0x04, 0x0c, 0xc4, 0x0e, 0x2c, 0x80, 0xa0, 0xc1, 0xe5, 0xd0, 0x0c, 0x54, 
    0xaf, 0x26, 0xad, 0xc0, 0x31, 0xd4, 0xa1, 0xb2, 0x3d, 0x53, 0x80, 0x0b, 0x7b, 
    0xf3, 0xee, 0x82, 0xb4, 0x6d, 0xc3, 0x35, 0xa0, 0x20, 0xac, 0xc0, 0x02, 0x09, 
    0x22, 0x80, 0x86, 0xca, 0x5c, 0xf7, 0x71, 0xe6, 0x12, 0x38, 0x17, 0x17, 0x18, 
    0x79, 0xb8, 0xe2, 0xed, 0xc7, 0x9f, 0xd7, 0xff, 0x8e, 0xc0, 0xb9, 0x7a, 0x53, 
    0x04, 0x0f, 0xb2, 0x2b, 0xae, 0x1e, 0xfe, 0x79, 0x6f, 0x05, 0xab, 0x8b, 0x17, 
    0x50, 0xa0, 0x7e, 0x7d, 0xf3, 0xb7, 0xe1, 0x99, 0x93, 0x5f, 0xcd, 0x7c, 0x24, 
    0x5d, 0xfe, 0x65, 0x25, 0xd0, 0x1e, 0x73, 0x0e, 0xec, 0xd6, 0x1f, 0x73, 0x02, 
    0xf2, 0xe7, 0x5c, 0x7e, 0x0a, 0x24, 0x18, 0x9f, 0x83, 0xed, 0x45, 0x28, 0xe1, 
    0x84, 0x14, 0x56, 0x68, 0xe1, 0x85, 0x18, 0x66, 0xa8, 0xe1, 0x86, 0x1c, 0x76, 
    0xe8, 0xe1, 0x87, 0x20, 0x86, 0x28, 0xe2, 0x88, 0x24, 0x96, 0x68, 0xe2, 0x89, 
    0x28, 0xa6, 0xa8, 0xe2, 0x8a, 0x2c, 0xb6, 0xe8, 0xe2, 0x8b, 0x30, 0xc6, 0x28, 
    0x63, 0x67, 0x4e, 0xcd, 0x08, 0x15, 0x4a, 0x3e, 0xfd, 0x64, 0xe3, 0x4b, 0x41, 
    0x0d, 0xb5, 0xc0, 0x4e, 0x0a, 0x20, 0xe0, 0xd3, 0x8e, 0x19, 0xc9, 0xa5, 0x40, 
    0x03, 0x11, 0xac, 0x45, 0xc1, 0x04, 0x6d, 0xf5, 0x45, 0xe4, 0x44, 0x8c, 0x41, 
    0x80, 0x16, 0x41, 0x18, 0x58, 0x00, 0x81, 0x75, 0x4f, 0x12, 0x24, 0xd7, 0x02, 
    0x83, 0x1d, 0xd4, 0x1b, 0x04, 0xc6, 0x65, 0x69, 0x10, 0x74, 0xbe, 0x21, 0x94, 
    0xc0, 0x03, 0x0b, 0xe0, 0x27, 0x26, 0x41, 0x91, 0x4d, 0x89, 0x10, 0x02, 0x36, 
    0x85, 0xb9, 0xa6, 0x00, 0xb4, 0xa5, 0xa7, 0x90, 0x01, 0x0c, 0x44, 0x00, 0xe1, 
    0x9a, 0xf3, 0x1d, 0x75, 0x67, 0x63, 0x0c, 0xcc, 0x49, 0x10, 0x02, 0x38, 0xdd, 
    0x49, 0x5f, 0x81, 0x82, 0x0a, 0x74, 0xc0, 0x03, 0x0f, 0xc8, 0x49, 0xda, 0x02, 
    0x13, 0xc0, 0x97, 0xa8, 0x00, 0x07, 0x38, 0x20, 0xc1, 0x9e, 0xb3, 0xc1, 0xe9, 
    0xdd, 0xa4, 0x02, 0x9c, 0xc9, 0x80, 0x9a, 0x03, 0x09, 0x37, 0x1d, 0xa7, 0x78, 
    0x3e, 0x80, 0x18, 0x49, 0x05, 0x08, 0xc5, 0x00, 0x05, 0x1c, 0x70, 0x4a, 0xd0, 
    0x99, 0x10, 0x38, 0xd3, 0xc0, 0x93, 0x02, 0x34, 0x3d, 0x80, 0xc1, 0x08, 0xa7, 
    0xb9, 0x8a, 0x27, 0x05, 0x16, 0x58, 0xb0, 0x24, 0x05, 0x18, 0x80, 0x00, 0xc3, 
    0x0e, 0x0b, 0xb8, 0x3a, 0x90, 0x01, 0xb6, 0x81, 0x50, 0x10, 0x07, 0x3b, 0xa4, 
    0x60, 0xec, 0x40, 0x95, 0x72, 0xe0, 0x2c, 0x41, 0x0a, 0x60, 0x70, 0x9b, 0xb1, 
    0x78, 0x72, 0x50, 0xec, 0xa0, 0x7e, 0x3e, 0x2b, 0xc0, 0xae, 0x92, 0x42, 0xab, 
    0x97, 0xb7, 0xdf, 0x72, 0xb9, 0x67, 0xa5, 0x0f, 0x90, 0x1b, 0x59, 0x04, 0x81, 
    0xce, 0x96, 0xc0, 0xb8, 0xe4, 0xa2, 0x87, 0xa8, 0x7b, 0x13, 0xec, 0xe7, 0xed, 
    0xa2, 0xf3, 0x7e, 0xab, 0x40, 0xbd, 0xe4, 0x52, 0x6a, 0x13, 0x9b, 0x0b, 0x50, 
    0x60, 0xef, 0xb3, 0x07, 0x34, 0x90, 0x2f, 0x9e, 0x16, 0x84, 0x4b, 0x70, 0x4d, 
    0x6c, 0x36, 0x40, 0x01, 0xa6, 0x9c, 0x16, 0xec, 0x40, 0x98, 0xc8, 0x6e, 0xea, 
    0x6d, 0x64, 0x10, 0x38, 0x58, 0x30, 0x04, 0xfd, 0x96, 0x9b, 0x31, 0xb4, 0x0d, 
    0xa4, 0xdb, 0x2f, 0x73, 0x1f, 0x2b, 0xca, 0xf0, 0xc8, 0x79, 0x69, 0x6c, 0x70, 
    0xc7, 0xfa, 0x25, 0x08, 0x1d, 0xa3, 0x1d, 0x0b, 0x00, 0xa7, 0xcb, 0xf4, 0x29, 
    0x7c, 0x2f, 0x58, 0xdc, 0x35, 0x06, 0xb1, 0xab, 0x05, 0xb7, 0xdb, 0x72, 0xcc, 
    0x05, 0x37, 0x20, 0x64, 0x5e, 0x0f, 0x03, 0x4d, 0x95, 0x4d, 0xac, 0x6a, 0x60, 
    0x33, 0xc1, 0x0e, 0x5c, 0x05, 0x42, 0x0a, 0x30, 0x28, 0x1b, 0x73, 0xa7, 0x12, 
    0x08, 0xbb, 0x83, 0x13, 0x1f, 0x06, 0x04, 0x00, 0x21, 0xf9, 0x04, 0x09, 0x07, 
    0x00, 0x02, 0x00, 0x2c, 0x1c, 0x00, 0x19, 0x00, 0x5d, 0x00, 0x4a, 0x00, 0x00, 
    0x08, 0xff, 0x00, 0x05, 0x08, 0x1c, 0x48, 0xb0, 0xa0, 0xc1, 0x83, 0x08, 0x13, 
    0x2a, 0x5c, 0x88, 0x90, 0x40, 0x81, 0x87, 0x0f, 0x19, 0x32, 0x74, 0x08, 0xb1, 
    0x62, 0x01, 0x89, 0x18, 0x33, 0x1e, 0xa4, 0x68, 0xe0, 0x00, 0x02, 0x04, 0x09, 
    0x12, 0x20, 0x30, 0x00, 0x51, 0xa3, 0x00, 0x8a, 0x1e, 0x41, 0x86, 0x5c, 0x39, 
    0xf2, 0xa2, 0xc9, 0x97, 0x09, 0x1d, 0xa6, 0x54, 0xc0, 0xc0, 0xc1, 0x83, 0x08, 
    0x11, 0x1c, 0x30, 0x58, 0xa0, 0xe0, 0x00, 0x49, 0x8c, 0x04, 0x0c, 0x20, 0xa0, 
    0x69, 0x33, 0x82, 0x84, 0xa3, 0x12, 0x72, 0x32, 0x48, 0x70, 0xc0, 0x25, 0xcc, 
    0xa7, 0x27, 0x85, 0x2e, 0x68, 0x00, 0x61, 0x82, 0x05, 0x0d, 0x1c, 0x40, 0x80, 
    0xe0, 0x80, 0x81, 0x82, 0x84, 0x06, 0x0b, 0x46, 0x2e, 0x94, 0xa9, 0xc0, 0x41, 
    0x04, 0x0b, 0x07, 0x1d, 0x50, 0xa0, 0x00, 0x61, 0xe9, 0x01, 0xa8, 0x30, 0x09, 
    0x1c, 0x50, 0xf0, 0x60, 0x02, 0x06, 0x85, 0x0a, 0x20, 0x40, 0x68, 0x90, 0xc0, 
    0x40, 0x4c, 0x03, 0x09, 0x1a, 0x48, 0xd0, 0xc0, 0x90, 0xae, 0x83, 0x9e, 0x7e, 
    0xe1, 0x02, 0x3d, 0xb0, 0x20, 0x02, 0x61, 0x89, 0x06, 0xa6, 0xf6, 0xdc, 0x38, 
    0x17, 0xc2, 0xdd, 0x8c, 0x09, 0x76, 0x22, 0x50, 0x2c, 0x51, 0x2e, 0x83, 0x09, 
    0x2f, 0x33, 0x4f, 0x2e, 0x08, 0x18, 0xc2, 0x63, 0x8d, 0x81, 0x47, 0x73, 0x6e, 
    0x78, 0xe0, 0xf3, 0x53, 0x04, 0x0c, 0xc4, 0x0e, 0x2c, 0x80, 0xa0, 0xc1, 0xe5, 
    0xd0, 0x0c, 0x54, 0xaf, 0x26, 0xad, 0xc0, 0x31, 0xd4, 0xa1, 0xb2, 0x3d, 0x53, 
    0x80, 0x0b, 0x7b, 0xf3, 0xee, 0x82, 0xb4, 0x6d, 0xc3, 0x35, 0xa0, 0x20, 0xac, 
    0xc0, 0x02, 0x09, 0x22, 0x80, 0x86, 0xca, 0x5c, 0xf7, 0x71, 0xe6, 0x12, 0x38, 
    0x17, 0x17, 0x18, 0x79, 0xb8, 0xe2, 0xed, 0xc7, 0x9f, 0xd7, 0xff, 0x8e, 0xc0, 
    0xb9, 0x7a, 0x53, 0x04, 0x0f, 0xb2, 0x2b, 0xae, 0x1e, 0xfe, 0x79, 0x6f, 0x05, 
    0xab, 0x8b, 0x17, 0x50, 0xa0, 0x7e, 0x7d, 0xf3, 0xb7, 0xe1, 0x99, 0x93, 0x5f, 
    0xcd, 0x7c, 0x24, 0x5d, 0xfe, 0x65, 0x25, 0xd0, 0x1e, 0x73, 0x0e, 0xec, 0xd6, 
    0x1f, 0x73, 0x02, 0xf2, 0xe7, 0x5c, 0x7e, 0x0a, 0x24, 0x18, 0x9f, 0x83, 0xed, 
    0x45, 0x28, 0xe1, 0x84, 0x14, 0x56, 0x68, 0xe1, 0x85, 0x18, 0x66, 0xa8, 0xe1, 
    0x86, 0x1c, 0x76, 0xe8, 0xe1, 0x87, 0x20, 0x86, 0x28, 0xe2, 0x88, 0x24, 0x96, 
    0x68, 0xe2, 0x89, 0x28, 0xa6, 0xa8, 0xe2, 0x8a, 0x2c, 0xb6, 0xe8, 0xe2, 0x8b, 
    0x30, 0xc6, 0x28, 0x63, 0x67, 0x4e, 0xcd, 0x08, 0x15, 0x4a, 0x3e, 0x45, 0x64, 
    0xa3, 0x49, 0x32, 0x0d, 0xb5, 0xc0, 0x8f, 0x0a, 0xb4, 0xb4, 0x23, 0x50, 0x52, 
    0x39, 0x20, 0xc1, 0x5a, 0x14, 0x4c, 0xd0, 0x16, 0x53, 0x43, 0x32, 0x04, 0x9d, 
    0x5a, 0xa7, 0x09, 0xf0, 0x19, 0x5b, 0xc6, 0x35, 0x89, 0x50, 0x72, 0x68, 0x1d, 
    0x44, 0xd7, 0x02, 0xf8, 0x59, 0x69, 0x10, 0x76, 0x09, 0x19, 0x50, 0x53, 0x95, 
    0x5e, 0xce, 0x86, 0x80, 0x03, 0x59, 0x22, 0x74, 0x26, 0x97, 0x65, 0x12, 0x34, 
    0x9f, 0x04, 0xd3, 0xa9, 0x69, 0x13, 0x99, 0x65, 0x32, 0x47, 0x01, 0x7c, 0x09, 
    0x1d, 0x60, 0x24, 0x84, 0x75, 0x2e, 0x20, 0x01, 0x9f, 0x05, 0xe9, 0x39, 0x01, 
    0xa0, 0x56, 0x16, 0xe0, 0x27, 0xa1, 0x03, 0xe9, 0xe9, 0x5d, 0x9b, 0x03, 0xad, 
    0xd9, 0x25, 0x72, 0xd1, 0xd5, 0xc7, 0xa8, 0x00, 0x91, 0x1d, 0xf6, 0xe8, 0x73, 
    0x07, 0x34, 0x60, 0x01, 0x9e, 0x93, 0x0a, 0x84, 0xde, 0x03, 0x88, 0x91, 0x54, 
    0x80, 0x50, 0x9f, 0xdd, 0xd6, 0xa9, 0x40, 0x09, 0x3c, 0xb0, 0x17, 0x4f, 0x0a, 
    0x34, 0xf7, 0x80, 0x05, 0x20, 0x2c, 0xcd, 0x70, 0x2a, 0x41, 0x67, 0x5a, 0x80, 
    0x81, 0x05, 0x49, 0x52, 0x80, 0x01, 0x07, 0x29, 0x8c, 0x30, 0x2b, 0x41, 0x07, 
    0x3c, 0xa0, 0x01, 0x08, 0x05, 0xa5, 0xe0, 0x04, 0x07, 0xbf, 0x0e, 0x24, 0xa6, 
    0x06, 0xbe, 0x12, 0xb4, 0x80, 0x06, 0x69, 0xfe, 0x2a, 0x26, 0x06, 0xb2, 0xd2, 
    0x6a, 0x54, 0xb2, 0xdc, 0x2d, 0x30, 0x68, 0xa0, 0xaa, 0x62, 0x4b, 0x69, 0x63, 
    0x7c, 0xea, 0xf9, 0x80, 0xb7, 0x02, 0xa0, 0x57, 0x6d, 0xa2, 0x0d, 0x14, 0xe8, 
    0xad, 0x9e, 0x0c, 0x04, 0x9a, 0x2e, 0xb9, 0x99, 0xaa, 0xfb, 0x5c, 0xaa, 0xe3, 
    0xae, 0xfb, 0xee, 0x6c, 0x0a, 0x28, 0x49, 0xae, 0x98, 0x0e, 0x54, 0x19, 0xd9, 
    0x04, 0xfb, 0x61, 0xcb, 0xdc, 0x03, 0x0e, 0xfe, 0x0b, 0xc1, 0xbe, 0x79, 0x15, 
    0xcc, 0x00, 0x05, 0x01, 0x27, 0xcb, 0x1c, 0x04, 0x05, 0xdb, 0xc6, 0x29, 0xb6, 
    0x67, 0x3a, 0xa8, 0xe8, 0xc4, 0xc9, 0x66, 0x7a, 0xae, 0x98, 0x7f, 0x92, 0x2b, 
    0x40, 0xa6, 0x0d, 0x28, 0xdb, 0x40, 0x9c, 0xeb, 0x32, 0x10, 0xb2, 0x40, 0x99, 
    0x1e, 0xec, 0x71, 0xbc, 0xc6, 0x65, 0x5a, 0xef, 0xbe, 0x0b, 0x40, 0x8c, 0xf2, 
    0xbd, 0x30, 0xcb, 0x5c, 0xee, 0x03, 0x2f, 0x7b, 0xfb, 0xf0, 0x52, 0x74, 0x59, 
    0xd0, 0xb0, 0xb7, 0xe8, 0xc1, 0x69, 0x41, 0x56, 0x92, 0xae, 0xfb, 0x00, 0x06, 
    0x20, 0xa4, 0xb0, 0x03, 0x0c, 0x2a, 0x7b, 0x3c, 0x2d, 0x0c, 0x4e, 0x38, 0xb1, 
    0x83, 0x87, 0x01, 0x01, 0x00, 0x21, 0xf9, 0x04, 0x09, 0x06, 0x00, 0x02, 0x00, 
    0x2c, 0x1c, 0x00, 0x19, 0x00, 0x5d, 0x00, 0x4a, 0x00, 0x00, 0x08, 0xff, 0x00, 
    0x05, 0x08, 0x1c, 0x48, 0xb0, 0xa0, 0xc1, 0x83, 0x08, 0x13, 0x2a, 0x5c, 0x88, 
    0x90, 0x40, 0x81, 0x87, 0x0f, 0x19, 0x32, 0x74, 0x08, 0xb1, 0x62, 0x01, 0x89, 
    0x18, 0x33, 0x1e, 0xa4, 0x68, 0xe0, 0x00, 0x02, 0x04, 0x09, 0x12, 0x20, 0x30, 
    0x00, 0x51, 0xa3, 0x00, 0x8a, 0x1e, 0x41, 0x86, 0x5c, 0x39, 0xf2, 0xa2, 0xc9, 
    0x97, 0x09, 0x1d, 0xa6, 0x54, 0xc0, 0xc0, 0xc1, 0x83, 0x08, 0x11, 0x1c, 0x30, 
    0x58, 0xa0, 0xe0, 0x00, 0x49, 0x8c, 0x04, 0x0c, 0x20, 0xa0, 0x69, 0x33, 0x82, 
    0x84, 0xa3, 0x12, 0x72, 0x32, 0x48, 0x70, 0xc0, 0x25, 0xcc, 0xa7, 0x27, 0x85, 
    0x2e, 0x68, 0x00, 0x61, 0x82, 0x05, 0x0d, 0x1c, 0x40, 0x80, 0xe0, 0x80, 0x81, 
    0x82, 0x84, 0x06, 0x0b, 0x46, 0x2e, 0x94, 0xa9, 0xc0, 0x41, 0x04, 0x0b, 0x07, 
    0x1d, 0x50, 0xa0, 0x00, 0x61, 0xe9, 0x01, 0xa8, 0x30, 0x09, 0x1c, 0x50, 0xf0, 
    0x60, 0x02, 0x06, 0x85, 0x0a, 0x20, 0x40, 0x68, 0x90, 0xc0, 0x40, 0x4c, 0x03, 
    0x09, 0x1a, 0x48, 0xd0, 0xc0, 0x90, 0xae, 0x83, 0x9e, 0x7e, 0xe1, 0x02, 0x3d, 
    0xb0, 0x20, 0x02, 0x61, 0x89, 0x06, 0xa6, 0xf6, 0xdc, 0x38, 0x17, 0xc2, 0xdd, 
    0x8c, 0x09, 0x76, 0x22, 0x50, 0x2c, 0x51, 0x2e, 0x83, 0x09, 0x2f, 0x33, 0x4f, 
    0x2e, 0x08, 0x18, 0xc2, 0x63, 0x8d, 0x81, 0x47, 0x73, 0x6e, 0x78, 0xe0, 0xf3, 
    0x53, 0x04, 0x0c, 0xc4, 0x0e, 0x2c, 0x80, 0xa0, 0xc1, 0xe5, 0xd0, 0x0c, 0x54, 
    0xaf, 0x26, 0xad, 0xc0, 0x31, 0xd4, 0xa1, 0xb2, 0x3d, 0x53, 0x80, 0x0b, 0x7b, 
    0xf3, 0xee, 0x82, 0xb4, 0x6d, 0xc3, 0x35, 0xa0, 0x20, 0xac, 0xc0, 0x02, 0x09, 
    0x22, 0x80, 0x86, 0xca, 0x5c, 0xf7, 0x71, 0xe6, 0x12, 0x38, 0x17, 0x17, 0x18, 
    0x79, 0xb8, 0xe2, 0xed, 0xc7, 0x9f, 0xd7, 0xff, 0x8e, 0xc0, 0xb9, 0x7a, 0x53, 
    0x04, 0x0f, 0xb2, 0x2b, 0xae, 0x1e, 0xfe, 0x79, 0x6f, 0x05, 0xab, 0x8b, 0x17, 
    0x50, 0xa0, 0x7e, 0x7d, 0xf3, 0xb7, 0xe1, 0x99, 0x93, 0x5f, 0xcd, 0x7c, 0x24, 
    0x5d, 0xfe, 0x65, 0x25, 0xd0, 0x1e, 0x73, 0x0e, 0xec, 0xd6, 0x1f, 0x73, 0x02, 
    0xf2, 0xe7, 0x5c, 0x7e, 0x0a, 0x24, 0x18, 0x9f, 0x83, 0xed, 0x45, 0x28, 0xe1, 
    0x84, 0x14, 0x56, 0x68, 0xe1, 0x85, 0x18, 0x66, 0xa8, 0xe1, 0x86, 0x1c, 0x76, 
    0xe8, 0xe1, 0x87, 0x20, 0x86, 0x28, 0xe2, 0x88, 0x24, 0x96, 0x68, 0xe2, 0x89, 
    0x28, 0xa6, 0xa8, 0xe2, 0x8a, 0x2c, 0xb6, 0xe8, 0xe2, 0x8b, 0x30, 0xc6, 0x28, 
    0xe3, 0x8c, 0x19, 0x52, 0x64, 0x11, 0x8d, 0x2f, 0x39, 0x24, 0x94, 0x4a, 0x21, 
    0xc9, 0x86, 0x63, 0x67, 0x80, 0x2d, 0x50, 0xd4, 0x51, 0x39, 0x59, 0xf7, 0x23, 
    0x65, 0x74, 0xd9, 0x45, 0x90, 0x05, 0x16, 0x44, 0x60, 0xe4, 0x91, 0x04, 0x41, 
    0x67, 0xd9, 0x41, 0x06, 0xd4, 0xf4, 0x24, 0x94, 0x05, 0x1c, 0xa0, 0x1c, 0x42, 
    0x55, 0x3a, 0x60, 0x1c, 0x94, 0xc8, 0xd1, 0xc7, 0x81, 0x42, 0x08, 0x38, 0xb0, 
    0x00, 0x98, 0x06, 0x45, 0xc6, 0xa4, 0x42, 0x07, 0xe8, 0x84, 0x1f, 0x9a, 0xdc, 
    0xd9, 0x06, 0x5f, 0x42, 0x6d, 0x46, 0x00, 0x21, 0x9a, 0x6d, 0x52, 0x30, 0x27, 
    0x42, 0x5a, 0xd6, 0x07, 0xa7, 0x00, 0x55, 0x4a, 0x70, 0x67, 0x41, 0x5a, 0x42, 
    0xf0, 0x27, 0x41, 0x09, 0x3c, 0xb0, 0xc0, 0x9b, 0xc8, 0x25, 0xa0, 0xd7, 0xa1, 
    0x03, 0x45, 0xe6, 0x65, 0x62, 0x03, 0x39, 0x54, 0xe6, 0x6d, 0x90, 0x0a, 0x50, 
    0x26, 0x5f, 0x3e, 0x91, 0xd4, 0x51, 0x5e, 0x58, 0x65, 0x8a, 0xa8, 0x4d, 0x60, 
    0x29, 0xd0, 0x9c, 0x5a, 0x1c, 0xa4, 0x70, 0x9a, 0xa8, 0x55, 0x4e, 0xb0, 0x96, 
    0xab, 0x18, 0xa4, 0xb8, 0xba, 0x83, 0x13, 0xab, 0x8a, 0x1a, 0x1d, 0x07, 0x23, 
    0x14, 0x34, 0x2b, 0xa6, 0xa2, 0x22, 0x00, 0x01, 0x08, 0x06, 0x29, 0x80, 0xc1, 
    0x74, 0xa2, 0x0a, 0x74, 0xc0, 0xaf, 0x67, 0x12, 0xe4, 0xab, 0xa1, 0xc5, 0xc6, 
    0xa9, 0x27, 0xa1, 0x36, 0x35, 0x3b, 0x50, 0xa2, 0x0c, 0x40, 0xfb, 0x80, 0xb4, 
    0x02, 0x6d, 0x6a, 0x2d, 0xb6, 0x02, 0xb4, 0xe9, 0x25, 0x41, 0x5a, 0x3e, 0xf0, 
    0x65, 0xb1, 0x55, 0x42, 0x00, 0x61, 0xb9, 0x83, 0x66, 0x5a, 0xe6, 0xb9, 0x0b, 
    0x98, 0xcb, 0x6d, 0x6d, 0x7b, 0x02, 0x9a, 0x57, 0xba, 0x90, 0xb6, 0xc6, 0xc0, 
    0x9b, 0xcc, 0xb9, 0x8b, 0x6d, 0x64, 0x0f, 0x38, 0xa8, 0x1f, 0xbd, 0x90, 0x96, 
    0x99, 0xac, 0xbc, 0x76, 0x72, 0xdb, 0x6d, 0x03, 0xd5, 0x72, 0xd7, 0x1b, 0xc0, 
    0x87, 0x6a, 0xf9, 0x2d, 0xc1, 0x0c, 0xff, 0x19, 0x99, 0xbe, 0xfa, 0x25, 0xfc, 
    0xae, 0x99, 0x03, 0xa1, 0x57, 0xa0, 0xc1, 0x6d, 0x36, 0x30, 0x50, 0x9b, 0xd7, 
    0x1a, 0xdc, 0xa5, 0x71, 0x20, 0x1b, 0x0c, 0xe8, 0x02, 0xfd, 0x1a, 0x1b, 0xad, 
    0xc8, 0xf3, 0x0a, 0xf5, 0x19, 0xb3, 0x06, 0x97, 0xe9, 0x00, 0x55, 0x16, 0x70, 
    0xe0, 0x27, 0xb6, 0x79, 0x6a, 0x00, 0x42, 0x0a, 0x29, 0x78, 0x67, 0x72, 0x02, 
    0x13, 0xec, 0xec, 0x61, 0x40, 0x00, 0x00, 0x21, 0xf9, 0x04, 0x09, 0x07, 0x00, 
    0x02, 0x00, 0x2c, 0x1c, 0x00, 0x19, 0x00, 0x5d, 0x00, 0x4a, 0x00, 0x00, 0x08, 
    0xff, 0x00, 0x05, 0x08, 0x1c, 0x48, 0xb0, 0xa0, 0xc1, 0x83, 0x08, 0x13, 0x2a, 
    0x5c, 0x88, 0x90, 0x40, 0x81, 0x87, 0x0f, 0x19, 0x32, 0x74, 0x08, 0xb1, 0x62, 
    0x01, 0x89, 0x18, 0x33, 0x1e, 0xa4, 0x68, 0xe0, 0x00, 0x02, 0x04, 0x09, 0x12, 
    0x20, 0x30, 0x00, 0x51, 0xa3, 0x00, 0x8a, 0x1e, 0x41, 0x86, 0x5c, 0x39, 0xf2, 
    0xa2, 0xc9, 0x97, 0x09, 0x1d, 0xa6, 0x54, 0xc0, 0xc0, 0xc1, 0x83, 0x08, 0x11, 
    0x1c, 0x30, 0x58, 0xa0, 0xe0, 0x00, 0x49, 0x8c, 0x04, 0x0c, 0x20, 0xa0, 0x69, 
    0x33, 0x82, 0x84, 0xa3, 0x12, 0x72, 0x32, 0x48, 0x70, 0xc0, 0x25, 0xcc, 0xa7, 
    0x27, 0x85, 0x2e, 0x68, 0x00, 0x61, 0x82, 0x05, 0x0d, 0x1c, 0x40, 0x80, 0xe0, 
    0x80, 0x81, 0x82, 0x84, 0x06, 0x0b, 0x46, 0x2e, 0x94, 0xa9, 0xc0, 0x41, 0x04, 
    0x0b, 0x07, 0x1d, 0x50, 0xa0, 0x00, 0x61, 0xe9, 0x01, 0xa8, 0x30, 0x09, 0x1c, 
    0x50, 0xf0, 0x60, 0x02, 0x06, 0x85, 0x0a, 0x20, 0x40, 0x68, 0x90, 0xc0, 0x40, 
    0x4c, 0x03, 0x09, 0x1a, 0x48, 0xd0, 0xc0, 0x90, 0xae, 0x83, 0x9e, 0x7e, 0xe1, 
    0x02, 0x3d, 0xb0, 0x20, 0x02, 0x61, 0x89, 0x06, 0xa6, 0xf6, 0xdc, 0x38, 0x17, 
    0xc2, 0xdd, 0x8c, 0x09, 0x76, 0x22, 0x50, 0x2c, 0x51, 0x2e, 0x83, 0x09, 0x2f, 
    0x33, 0x4f, 0x2e, 0x08, 0x18, 0xc2, 0x63, 0x8d, 0x81, 0x47, 0x73, 0x6e, 0x78, 
    0xe0, 0xf3, 0x53, 0x04, 0x0c, 0xc4, 0x0e, 0x2c, 0x80, 0xa0, 0xc1, 0xe5, 0xd0, 
    0x0c, 0x54, 0xaf, 0x26, 0xad, 0xc0, 0x31, 0xd4, 0xa1, 0xb2, 0x3d, 0x53, 0x80, 
    0x0b, 0x7b, 0xf3, 0xee, 0x82, 0xb4, 0x6d, 0xc3, 0x35, 0xa0, 0x20, 0xac, 0xc0, 
    0x02, 0x09, 0x22, 0x80, 0x86, 0xca, 0x5c, 0xf7, 0x71, 0xe6, 0x12, 0x38, 0x17, 
    0x17, 0x18, 0x79, 0xb8, 0xe2, 0xed, 0xc7, 0x9f, 0xd7, 0xff, 0x8e, 0xc0, 0xb9, 
    0x7a, 0x53, 0x04, 0x0f, 0xb2, 0x2b, 0xae, 0x1e, 0xfe, 0x79, 0x6f, 0x05, 0xab, 
    0x8b, 0x17, 0x50, 0xa0, 0x7e, 0x7d, 0xf3, 0xb7, 0xe1, 0x99, 0x93, 0x5f, 0xcd, 
    0x7c, 0x24, 0x5d, 0xfe, 0x65, 0x25, 0xd0, 0x1e, 0x73, 0x0e, 0xec, 0xd6, 0x1f, 
    0x73, 0x02, 0xf2, 0xe7, 0x5c, 0x7e, 0x0a, 0x24, 0x18, 0x9f, 0x83, 0xed, 0x45, 
    0x28, 0xe1, 0x84, 0x14, 0x56, 0x68, 0xe1, 0x85, 0x18, 0x66, 0xa8, 0xe1, 0x86, 
    0x1c, 0x76, 0xe8, 0xe1, 0x87, 0x20, 0x86, 0x28, 0xe2, 0x88, 0x24, 0x96, 0x68, 
    0xe2, 0x89, 0x28, 0xa6, 0xa8, 0xe2, 0x8a, 0x2c, 0xb6, 0xe8, 0xe2, 0x8b, 0x30, 
    0xc6, 0x28, 0xe3, 0x8c, 0x19, 0x52, 0x54, 0x12, 0x8d, 0x71, 0x15, 0x90, 0x52, 
    0x48, 0x2d, 0xe1, 0x98, 0x91, 0x4c, 0x09, 0x4c, 0x75, 0x93, 0x52, 0x7d, 0xf9, 
    0x28, 0x11, 0x6d, 0x74, 0x4d, 0x27, 0x80, 0x05, 0x5d, 0x41, 0x60, 0x9d, 0x91, 
    0xc8, 0x31, 0x36, 0x98, 0x41, 0x06, 0x30, 0xf0, 0xc0, 0x93, 0x50, 0x72, 0x17, 
    0x1d, 0x07, 0x08, 0x25, 0xf0, 0xc0, 0x03, 0xc6, 0x65, 0x49, 0x90, 0x8e, 0x0e, 
    0xdc, 0x76, 0x90, 0x97, 0x0b, 0x88, 0x89, 0x1c, 0x7d, 0xf0, 0x25, 0x54, 0x65, 
    0x6c, 0x6a, 0x0e, 0xa4, 0x1f, 0x84, 0x54, 0x2e, 0x00, 0x66, 0x9c, 0xdc, 0xe5, 
    0x45, 0x27, 0x69, 0x0c, 0xec, 0x87, 0x27, 0x73, 0x10, 0xec, 0x49, 0x50, 0x6b, 
    0x0f, 0xe0, 0x39, 0x10, 0x02, 0x0e, 0xa4, 0x89, 0x10, 0x74, 0x7a, 0x19, 0x2a, 
    0xd0, 0x01, 0x0e, 0x34, 0x10, 0xe6, 0x40, 0x0e, 0x21, 0x8a, 0x41, 0x7d, 0x86, 
    0xa6, 0xe6, 0x13, 0x44, 0x1d, 0xd1, 0xa5, 0xc1, 0x08, 0x8a, 0x3a, 0x1a, 0x99, 
    0x4e, 0x0a, 0x34, 0xd8, 0x9c, 0x03, 0x13, 0x70, 0x90, 0xc2, 0x08, 0x6d, 0x3a, 
    0x2a, 0x50, 0x02, 0x66, 0x1d, 0xc7, 0x65, 0xd5, 0xa7, 0x3b, 0x38, 0x91, 0x42, 
    0xab, 0xae, 0x56, 0x69, 0x41, 0x56, 0x20, 0x10, 0x64, 0x6b, 0x81, 0xae, 0x0e, 
    0x94, 0xc0, 0x04, 0x23, 0x18, 0xc4, 0x80, 0x05, 0x85, 0x06, 0xfb, 0xa8, 0x03, 
    0x20, 0x84, 0x2a, 0x10, 0x02, 0x11, 0x24, 0xab, 0x6c, 0x95, 0x14, 0xe0, 0x2a, 
    0x40, 0x95, 0x77, 0x2a, 0x2b, 0x80, 0x97, 0x0c, 0x90, 0xb6, 0x40, 0xa0, 0xda, 
    0x0a, 0x80, 0xa8, 0xa4, 0x04, 0x45, 0x06, 0xae, 0xb6, 0x91, 0x3d, 0x00, 0xe1, 
    0x9c, 0xe1, 0x8a, 0x7b, 0x58, 0x41, 0x88, 0x3a, 0x1b, 0x2c, 0xa4, 0x0c, 0xe0, 
    0xb7, 0x6c, 0x03, 0xed, 0xa6, 0xeb, 0xec, 0x01, 0x0d, 0x90, 0x1b, 0xee, 0xb8, 
    0xe5, 0xda, 0x39, 0x69, 0xb0, 0x91, 0xf9, 0x7b, 0xed, 0xb7, 0x82, 0x1a, 0xaa, 
    0xaf, 0x9c, 0x7a, 0xb6, 0xeb, 0x6e, 0xbd, 0x87, 0x26, 0xea, 0x30, 0xb6, 0x0e, 
    0x42, 0x8a, 0xaf, 0xc3, 0x88, 0x56, 0xec, 0x00, 0xb0, 0xed, 0xf2, 0xbb, 0x00, 
    0x7e, 0xfc, 0x3a, 0x30, 0xf0, 0xbc, 0x0d, 0x64, 0xeb, 0xa5, 0x04, 0x09, 0x3b, 
    0x0a, 0x6b, 0xb7, 0xd7, 0x32, 0x80, 0xb2, 0xc3, 0x02, 0x84, 0xbc, 0x19, 0x02, 
    0x10, 0x50, 0xc0, 0x72, 0xbe, 0xdf, 0x32, 0xd0, 0x27, 0x56, 0x7e, 0xb6, 0x8b, 
    0x1e, 0x05, 0x18, 0x80, 0x90, 0x42, 0x0a, 0xde, 0x4d, 0xec, 0x80, 0x06, 0x29, 
    0xd4, 0xba, 0x03, 0xcc, 0xc2, 0x16, 0xbd, 0x61, 0x40, 0x00, 0x00, 0x21, 0xf9, 
    0x04, 0x09, 0x07, 0x00, 0x02, 0x00, 0x2c, 0x1c, 0x00, 0x19, 0x00, 0x5d, 0x00, 
    0x4a, 0x00, 0x00, 0x08, 0xff, 0x00, 0x05, 0x08, 0x1c, 0x48, 0xb0, 0xa0, 0xc1, 
    0x83, 0x08, 0x13, 0x2a, 0x5c, 0x88, 0x90, 0x40, 0x81, 0x87, 0x0f, 0x19, 0x32, 
    0x74, 0x08, 0xb1, 0x62, 0x01, 0x89, 0x18, 0x33, 0x1e, 0xa4, 0x68, 0xe0, 0x00, 
    0x02, 0x04, 0x09, 0x12, 0x20, 0x30, 0x00, 0x51, 0xa3, 0x00, 0x8a, 0x1e, 0x41, 
    0x86, 0x5c, 0x39, 0xf2, 0xa2, 0xc9, 0x97, 0x09, 0x1d, 0xa6, 0x54, 0xc0, 0xc0, 
    0xc1, 0x83, 0x08, 0x11, 0x1c, 0x30, 0x58, 0xa0, 0xe0, 0x00, 0x49, 0x8c, 0x04, 
    0x0c, 0x20, 0xa0, 0x69, 0x33, 0x82, 0x84, 0xa3, 0x12, 0x72, 0x32, 0x48, 0x70, 
    0xc0, 0x25, 0xcc, 0xa7, 0x27, 0x85, 0x2e, 0x68, 0x00, 0x61, 0x82, 0x05, 0x0d, 
    0x1c, 0x40, 0x80, 0xe0, 0x80, 0x81, 0x82, 0x84, 0x06, 0x0b, 0x46, 0x2e, 0x94, 
    0xa9, 0xc0, 0x41, 0x04, 0x0b, 0x07, 0x1d, 0x50, 0xa0, 0x00, 0x61, 0xe9, 0x01, 
    0xa8, 0x30, 0x09, 0x1c, 0x50, 0xf0, 0x60, 0x02, 0x06, 0x85, 0x0a, 0x20, 0x40, 
    0x68, 0x90, 0xc0, 0x40, 0x4c, 0x03, 0x09, 0x1a, 0x48, 0xd0, 0xc0, 0x90, 0xae, 
    0x83, 0x9e, 0x7e, 0xe1, 0x02, 0x3d, 0xb0, 0x20, 0x02, 0x61, 0x89, 0x06, 0xa6, 
    0xf6, 0xdc, 0x38, 0x17, 0xc2, 0xdd, 0x8c, 0x09, 0x76, 0x22, 0x50, 0x2c, 0x51, 
    0x2e, 0x83, 0x09, 0x2f, 0x33, 0x4f, 0x2e, 0x08, 0x18, 0xc2, 0x63, 0x8d, 0x81, 
    0x47, 0x73, 0x6e, 0x78, 0xe0, 0xf3, 0x53, 0x04, 0x0c, 0xc4, 0x0e, 0x2c, 0x80, 
    0xa0, 0xc1, 0xe5, 0xd0, 0x0c, 0x54, 0xaf, 0x26, 0xad, 0xc0, 0x31, 0xd4, 0xa1, 
    0xb2, 0x3d, 0x53, 0x80, 0x0b, 0x7b, 0xf3, 0xee, 0x82, 0xb4, 0x6d, 0xc3, 0x35, 
    0xa0, 0x20, 0xac, 0xc0, 0x02, 0x09, 0x22, 0x80, 0x86, 0xca, 0x5c, 0xf7, 0x71, 
    0xe6, 0x12, 0x38, 0x17, 0x17, 0x18, 0x79, 0xb8, 0xe2, 0xed, 0xc7, 0x9f, 0xd7, 
    0xff, 0x8e, 0xc0, 0xb9, 0x7a, 0x53, 0x04, 0x0f, 0xb2, 0x2b, 0xae, 0x1e, 0xfe, 
    0x79, 0x6f, 0x05, 0xab, 0x8b, 0x17, 0x50, 0xa0, 0x7e, 0x7d, 0xf3, 0xb7, 0xe1, 
    0x99, 0x93, 0x5f, 0xcd, 0x7c, 0x24, 0x5d, 0xfe, 0x65, 0x25, 0xd0, 0x1e, 0x73, 
    0x0e, 0xec, 0xd6, 0x1f, 0x73, 0x02, 0xf2, 0xe7, 0x5c, 0x7e, 0x0a, 0x24, 0x18, 
    0x9f, 0x83, 0xed, 0x45, 0x28, 0xe1, 0x84, 0x14, 0x56, 0x68, 0xe1, 0x85, 0x18, 
    0x66, 0xa8, 0xe1, 0x86, 0x1c, 0x76, 0xe8, 0xe1, 0x87, 0x20, 0x86, 0x28, 0xe2, 
    0x88, 0x24, 0x96, 0x68, 0xe2, 0x89, 0x28, 0xa6, 0xa8, 0xe2, 0x8a, 0x2c, 0xb6, 
    0xe8, 0xe2, 0x8b, 0x30, 0xc6, 0x28, 0xe3, 0x8c, 0x18, 0x52, 0x54, 0x12, 0x8d, 
    0x71, 0x15, 0x20, 0x94, 0x4a, 0x2d, 0xe1, 0xa8, 0x51, 0x50, 0x09, 0x2c, 0x50, 
    0x14, 0x04, 0x3a, 0xf5, 0xe5, 0x63, 0x67, 0x73, 0xd5, 0x85, 0x01, 0x07, 0x4c, 
    0x6a, 0x60, 0x41, 0x04, 0xd6, 0x1d, 0x59, 0x90, 0x5c, 0x8d, 0xdd, 0x36, 0x50, 
    0x6f, 0x10, 0x44, 0x29, 0x25, 0x77, 0xd1, 0x71, 0x80, 0x90, 0x01, 0x35, 0x19, 
    0xb7, 0x25, 0x69, 0x0b, 0xa0, 0x95, 0x10, 0x02, 0x0e, 0x2c, 0x30, 0x26, 0x72, 
    0xe8, 0x9d, 0x76, 0xd0, 0x01, 0x0e, 0x34, 0x20, 0xe6, 0x9a, 0xf3, 0x4d, 0xe0, 
    0xdd, 0x97, 0x0c, 0x3c, 0x30, 0xe7, 0x98, 0xcc, 0x51, 0x00, 0x5f, 0x42, 0x91, 
    0x41, 0x00, 0x21, 0x9f, 0x0b, 0x48, 0xc0, 0x80, 0x42, 0x60, 0x46, 0x30, 0xe8, 
    0x98, 0x08, 0x10, 0xb9, 0x27, 0x41, 0xad, 0xd5, 0xb7, 0xa6, 0x40, 0x68, 0x2a, 
    0xba, 0x11, 0x76, 0x92, 0x4e, 0x2a, 0x40, 0x02, 0x0f, 0x2c, 0xe0, 0x93, 0x40, 
    0x0e, 0x75, 0xd4, 0x9b, 0x06, 0xd3, 0x69, 0xca, 0x5d, 0x4d, 0x6e, 0xed, 0x58, 
    0x16, 0x05, 0x20, 0xa4, 0x40, 0xc1, 0xa3, 0x6b, 0x82, 0xcc, 0x49, 0x64, 0x03, 
    0x0d, 0x38, 0x00, 0x01, 0x05, 0x1a, 0x8c, 0x00, 0x03, 0x0c, 0x1c, 0xfc, 0x69, 
    0xea, 0x40, 0x09, 0x40, 0x70, 0x15, 0x93, 0x03, 0x1d, 0x20, 0xec, 0xa1, 0xbf, 
    0x0e, 0x64, 0x80, 0x6d, 0x29, 0x18, 0x14, 0xdd, 0x03, 0xc9, 0x12, 0x94, 0xc0, 
    0x04, 0x23, 0xa8, 0x49, 0x10, 0x7a, 0x7a, 0x46, 0xcb, 0x9d, 0x03, 0x16, 0xf8, 
    0x7a, 0xaa, 0xa0, 0xda, 0x0a, 0x14, 0xac, 0xb5, 0xca, 0x36, 0xb6, 0xa8, 0xa9, 
    0x60, 0xc6, 0x56, 0x10, 0x9a, 0xe7, 0x9a, 0x5a, 0x9b, 0xb7, 0x02, 0x1c, 0x00, 
    0x16, 0x7e, 0xda, 0xca, 0xcb, 0x00, 0xbd, 0xf1, 0x36, 0x90, 0x6d, 0xb8, 0x91, 
    0x3d, 0x00, 0xa1, 0xac, 0xed, 0x6a, 0x8a, 0xa6, 0xa7, 0xd7, 0xa6, 0x19, 0xee, 
    0xa9, 0x87, 0x15, 0xdc, 0xc0, 0xc1, 0x94, 0xc6, 0x29, 0xa6, 0xbc, 0x0e, 0xc0, 
    0x8a, 0x6e, 0x9e, 0x0e, 0xf6, 0x1b, 0xb0, 0xc0, 0x69, 0xd2, 0x3b, 0x30, 0xc3, 
    0x02, 0xd4, 0xe6, 0x6f, 0xb1, 0x71, 0x72, 0xbc, 0xa9, 0xc1, 0xa7, 0xca, 0xc9, 
    0x31, 0x9a, 0x26, 0x0b, 0x40, 0xe0, 0xc5, 0x93, 0x5a, 0x3c, 0x10, 0xbb, 0x22, 
    0xd7, 0x46, 0x70, 0xbe, 0xe4, 0x1e, 0x1c, 0x59, 0xc4, 0x42, 0x31, 0x20, 0x81, 
    0x03, 0xf8, 0x86, 0x5b, 0x5b, 0x9c, 0x96, 0x71, 0x40, 0x01, 0xcb, 0x93, 0xc2, 
    0x89, 0x2b, 0x08, 0xbb, 0x7a, 0x29, 0xf2, 0xa6, 0xd4, 0xc2, 0xe0, 0xc4, 0xd2, 
    0x04, 0xc1, 0x8b, 0x61, 0x40, 0x00, 0x00, 0x21, 0xf9, 0x04, 0x09, 0x06, 0x00, 
    0x02, 0x00, 0x2c, 0x1c, 0x00, 0x19, 0x00, 0x5d, 0x00, 0x49, 0x00, 0x00, 0x08, 
    0xff, 0x00, 0x05, 0x08, 0x1c, 0x48, 0xb0, 0xa0, 0xc1, 0x83, 0x08, 0x13, 0x2a, 
    0x5c, 0x88, 0x90, 0x40, 0x81, 0x87, 0x0f, 0x19, 0x32, 0x74, 0x08, 0xb1, 0x62, 
    0x01, 0x89, 0x18, 0x33, 0x1e, 0xa4, 0x68, 0xe0, 0x00, 0x02, 0x04, 0x09, 0x12, 
    0x20, 0x30, 0x00, 0x51, 0xa3, 0x00, 0x8a, 0x1e, 0x41, 0x86, 0x5c, 0x39, 0xf2, 
    0xa2, 0xc9, 0x97, 0x09, 0x1d, 0xa6, 0x54, 0xc0, 0xc0, 0xc1, 0x83, 0x08, 0x11, 
    0x1c, 0x30, 0x58, 0xa0, 0xe0, 0x00, 0x49, 0x8c, 0x04, 0x0c, 0x20, 0xa0, 0x69, 
    0x33, 0x82, 0x84, 0xa3, 0x12, 0x72, 0x32, 0x48, 0x70, 0xc0, 0x25, 0xcc, 0xa7, 
    0x27, 0x85, 0x2e, 0x68, 0x00, 0x61, 0x82, 0x05, 0x0d, 0x1c, 0x40, 0x80, 0xe0, 
    0x80, 0x81, 0x82, 0x84, 0x06, 0x0b, 0x46, 0x2e, 0x94, 0xa9, 0xc0, 0x41, 0x04, 
    0x0b, 0x07, 0x1d, 0x50, 0xa0, 0x00, 0x61, 0xe9, 0x01, 0xa8, 0x30, 0x09, 0x1c, 
    0x50, 0xf0, 0x60, 0x02, 0x06, 0x85, 0x0a, 0x20, 0x40, 0x68, 0x90, 0xc0, 0x40, 
    0x4c, 0x03, 0x09, 0x1a, 0x48, 0xd0, 0xc0, 0x90, 0xae, 0x83, 0x9e, 0x7e, 0xe1, 
    0x02, 0x3d, 0xb0, 0x20, 0x02, 0x61, 0x89, 0x06, 0xa6, 0xf6, 0xdc, 0x38, 0x17, 
    0xc2, 0xdd, 0x8c, 0x09, 0x76, 0x22, 0x50, 0x2c, 0x51, 0x2e, 0x83, 0x09, 0x2f, 
    0x33, 0x4f, 0x2e, 0x08, 0x18, 0xc2, 0x63, 0x8d, 0x81, 0x47, 0x73, 0x6e, 0x78, 
    0xe0, 0xf3, 0x53, 0x04, 0x0c, 0xc4, 0x0e, 0x2c, 0x80, 0xa0, 0xc1, 0xe5, 0xd0, 
    0x0c, 0x54, 0xaf, 0x26, 0xad, 0xc0, 0x31, 0xd4, 0xa1, 0xb2, 0x3d, 0x53, 0x80, 
    0x0b, 0x7b, 0xf3, 0xee, 0x82, 0xb4, 0x6d, 0xc3, 0x35, 0xa0, 0x20, 0xac, 0xc0, 
    0x02, 0x09, 0x22, 0x80, 0x86, 0xca, 0x5c, 0xf7, 0x71, 0xe6, 0x12, 0x38, 0x17, 
    0x17, 0x18, 0x79, 0xb8, 0xe2, 0xed, 0xc7, 0x9f, 0xd7, 0xff, 0x8e, 0xc0, 0xb9, 
    0x7a, 0x53, 0x04, 0x0f, 0xb2, 0x2b, 0xae, 0x1e, 0xfe, 0x79, 0x6f, 0x05, 0xab, 
    0x8b, 0x17, 0x50, 0xa0, 0x7e, 0x7d, 0xf3, 0xb7, 0xe1, 0x99, 0x93, 0x5f, 0xcd, 
    0x7c, 0x24, 0x5d, 0xfe, 0x65, 0x25, 0xd0, 0x1e, 0x73, 0x0e, 0xec, 0xd6, 0x1f, 
    0x73, 0x02, 0xf2, 0xe7, 0x5c, 0x7e, 0x0a, 0x24, 0x18, 0x9f, 0x83, 0xed, 0x45, 
    0x28, 0xe1, 0x84, 0x14, 0x56, 0x68, 0xe1, 0x85, 0x18, 0x66, 0xa8, 0xe1, 0x86, 
    0x1c, 0x76, 0xe8, 0xe1, 0x87, 0x20, 0x86, 0x28, 0xe2, 0x88, 0x24, 0x96, 0x68, 
    0xe2, 0x89, 0x28, 0xa6, 0xa8, 0xe2, 0x8a, 0x2c, 0xb6, 0xe8, 0xe2, 0x8b, 0x30, 
    0xc6, 0x28, 0xe3, 0x8c, 0x19, 0x52, 0x44, 0x23, 0x5c, 0x28, 0x21, 0xe0, 0xd3, 
    0x4f, 0x37, 0x6a, 0x14, 0xd4, 0x50, 0x53, 0x81, 0xa5, 0x80, 0x6c, 0x3d, 0x4e, 
    0x34, 0x57, 0x03, 0x11, 0x50, 0x80, 0x01, 0x06, 0x16, 0x4c, 0x00, 0x81, 0x75, 
    0x45, 0x1a, 0x24, 0xd7, 0x02, 0x10, 0xa0, 0x45, 0x50, 0x6f, 0x4f, 0xe2, 0x17, 
    0xa5, 0x94, 0x8c, 0x0d, 0x76, 0x90, 0x01, 0x35, 0x19, 0xb7, 0x25, 0x6f, 0x10, 
    0x70, 0x90, 0x10, 0x02, 0x0e, 0x2c, 0xa0, 0xe5, 0x98, 0xdc, 0x2d, 0xe0, 0x1d, 
    0x42, 0x91, 0x39, 0x20, 0x26, 0x9b, 0x02, 0x80, 0x69, 0xe5, 0x99, 0x69, 0xd2, 
    0x39, 0xd0, 0x01, 0x0e, 0xd4, 0x87, 0x50, 0x6d, 0x0c, 0xe8, 0x29, 0xd0, 0x01, 
    0x0d, 0x3c, 0xa0, 0x10, 0x74, 0x10, 0x40, 0xc8, 0x66, 0x9c, 0x73, 0x92, 0xd6, 
    0x98, 0xa2, 0x63, 0x32, 0xf7, 0x00, 0xa4, 0xe2, 0x3d, 0x40, 0x01, 0xa5, 0x5b, 
    0xa2, 0xa9, 0x66, 0x62, 0x27, 0x15, 0x20, 0x54, 0x03, 0x16, 0x60, 0x00, 0x9f, 
    0xa0, 0x02, 0x65, 0xb6, 0x94, 0x01, 0xa8, 0x7a, 0x44, 0x97, 0x05, 0x23, 0x70, 
    0x10, 0x28, 0xa9, 0x02, 0x10, 0xc9, 0x1a, 0xc1, 0x03, 0xb9, 0x2d, 0xc0, 0x40, 
    0x5d, 0x1c, 0xa4, 0x00, 0x43, 0x0a, 0x10, 0x34, 0xaa, 0x67, 0x02, 0x10, 0xac, 
    0x15, 0xaa, 0x99, 0x83, 0xa6, 0xb7, 0x00, 0xac, 0x03, 0x29, 0x30, 0x41, 0xae, 
    0x06, 0x01, 0xdb, 0x00, 0xb2, 0xc9, 0x5a, 0xa0, 0x6b, 0x41, 0x68, 0xca, 0x09, 
    0x6d, 0x9d, 0x0f, 0x8c, 0x70, 0x2c, 0x41, 0x60, 0x4e, 0x7a, 0xad, 0x00, 0x09, 
    0x7c, 0xb5, 0xa6, 0x00, 0x68, 0x8e, 0x0a, 0x2d, 0x98, 0x89, 0x52, 0xdb, 0x00, 
    0x03, 0xe3, 0x92, 0x9a, 0x40, 0x9a, 0x6b, 0x46, 0xe6, 0xed, 0xb5, 0x60, 0x1e, 
    0x46, 0xad, 0x03, 0x98, 0xea, 0x89, 0x66, 0x03, 0x73, 0x12, 0x0a, 0xa5, 0xa0, 
    0xdd, 0x6e, 0xdb, 0xa6, 0xb5, 0xdf, 0xee, 0x3b, 0x67, 0x6d, 0x02, 0x9f, 0xbb, 
    0xc0, 0xbc, 0x83, 0xae, 0xdb, 0x2e, 0xa9, 0x9a, 0x6a, 0x29, 0x6f, 0xbe, 0x74, 
    0xc6, 0x69, 0x2e, 0xb9, 0xf8, 0x7e, 0x2b, 0x10, 0x7a, 0xfc, 0x0e, 0x84, 0xf0, 
    0xc3, 0x00, 0xdf, 0x2a, 0x70, 0x6b, 0x0f, 0xf8, 0x0a, 0x2b, 0x98, 0xb1, 0xb5, 
    0x19, 0x01, 0xc5, 0xfa, 0x82, 0x85, 0x9f, 0xa6, 0x1a, 0x6f, 0x5c, 0x68, 0x82, 
    0xc0, 0x12, 0xac, 0xf1, 0xbb, 0x4b, 0x35, 0xd6, 0x15, 0xcb, 0x15, 0x33, 0x50, 
    0x15, 0x06, 0x20, 0xa4, 0xc0, 0xc1, 0xb3, 0x31, 0x93, 0x1b, 0x41, 0xae, 0x3b, 
    0xec, 0x50, 0xf4, 0x40, 0x06, 0x34, 0xc0, 0x81, 0xd2, 0x19, 0x06, 0x04, 0x00, 
    0x21, 0xf9, 0x04, 0x09, 0x07, 0x00, 0x02, 0x00, 0x2c, 0x1c, 0x00, 0x19, 0x00, 
    0x5d, 0x00, 0x49, 0x00, 0x00, 0x08, 0xff, 0x00, 0x05, 0x08, 0x1c, 0x48, 0xb0, 
    0xa0, 0xc1, 0x83, 0x08, 0x13, 0x2a, 0x5c, 0x88, 0x90, 0x40, 0x81, 0x87, 0x0f, 
    0x19, 0x32, 0x74, 0x08, 0xb1, 0x62, 0x01, 0x89, 0x18, 0x33, 0x1e, 0xa4, 0x68, 
    0xe0, 0x00, 0x02, 0x04, 0x09, 0x12, 0x20, 0x30, 0x00, 0x51, 0xa3, 0x00, 0x8a, 
    0x1e, 0x41, 0x86, 0x5c, 0x39, 0xf2, 0xa2, 0xc9, 0x97, 0x09, 0x1d, 0xa6, 0x54, 
    0xc0, 0xc0, 0xc1, 0x83, 0x08, 0x11, 0x1c, 0x30, 0x58, 0xa0, 0xe0, 0x00, 0x49, 
    0x8c, 0x04, 0x0c, 0x20, 0xa0, 0x69, 0x33, 0x82, 0x84, 0xa3, 0x12, 0x72, 0x32, 
    0x48, 0x70, 0xc0, 0x25, 0xcc, 0xa7, 0x27, 0x85, 0x2e, 0x68, 0x00, 0x61, 0x82, 
    0x05, 0x0d, 0x1c, 0x40, 0x80, 0xe0, 0x80, 0x81, 0x82, 0x84, 0x06, 0x0b, 0x46, 
    0x2e, 0x94, 0xa9, 0xc0, 0x41, 0x04, 0x0b, 0x07, 0x1d, 0x50, 0xa0, 0x00, 0x61, 
    0xe9, 0x01, 0xa8, 0x30, 0x09, 0x1c, 0x50, 0xf0, 0x60, 0x02, 0x06, 0x85, 0x0a, 
    0x20, 0x40, 0x68, 0x90, 0xc0, 0x40, 0x4c, 0x03, 0x09, 0x1a, 0x48, 0xd0, 0xc0, 
    0x90, 0xae, 0x83, 0x9e, 0x7e, 0xe1, 0x02, 0x3d, 0xb0, 0x20, 0x02, 0x61, 0x89, 
    0x06, 0xa6, 0xf6, 0xdc, 0x38, 0x17, 0xc2, 0xdd, 0x8c, 0x09, 0x76, 0x22, 0x50, 
    0x2c, 0x51, 0x2e, 0x83, 0x09, 0x2f, 0x33, 0x4f, 0x2e, 0x08, 0x18, 0xc2, 0x63, 
    0x8d, 0x81, 0x47, 0x73, 0x6e, 0x78, 0xe0, 0xf3, 0x53, 0x04, 0x0c, 0xc4, 0x0e, 
    0x2c, 0x80, 0xa0, 0xc1, 0xe5, 0xd0, 0x0c, 0x54, 0xaf, 0x26, 0xad, 0xc0, 0x31, 
    0xd4, 0xa1, 0xb2, 0x3d, 0x53, 0x80, 0x0b, 0x7b, 0xf3, 0xee, 0x82, 0xb4, 0x6d, 
    0xc3, 0x35, 0xa0, 0x20, 0xac, 0xc0, 0x02, 0x09, 0x22, 0x80, 0x86, 0xca, 0x5c, 
    0xf7, 0x71, 0xe6, 0x12, 0x38, 0x17, 0x17, 0x18, 0x79, 0xb8, 0xe2, 0xed, 0xc7, 
    0x9f, 0xd7, 0xff, 0x8e, 0xc0, 0xb9, 0x7a, 0x53, 0x04, 0x0f, 0xb2, 0x2b, 0xae, 
    0x1e, 0xfe, 0x79, 0x6f, 0x05, 0xab, 0x8b, 0x17, 0x50, 0xa0, 0x7e, 0x7d, 0xf3, 
    0xb7, 0xe1, 0x99, 0x93, 0x5f, 0xcd, 0x7c, 0x24, 0x5d, 0xfe, 0x65, 0x25, 0xd0, 
    0x1e, 0x73, 0x0e, 0xec, 0xd6, 0x1f, 0x73, 0x02, 0xf2, 0xe7, 0x5c, 0x7e, 0x0a, 
    0x24, 0x18, 0x9f, 0x83, 0xed, 0x45, 0x28, 0xe1, 0x84, 0x14, 0x56, 0x68, 0xe1, 
    0x85, 0x18, 0x66, 0xa8, 0xe1, 0x86, 0x1c, 0x76, 0xe8, 0xe1, 0x87, 0x20, 0x86, 
    0x28, 0xe2, 0x88, 0x24, 0x96, 0x68, 0xe2, 0x89, 0x28, 0xa6, 0xa8, 0xe2, 0x8a, 
    0x2c, 0xb6, 0xe8, 0xe2, 0x8b, 0x30, 0xc6, 0x28, 0xe3, 0x8c, 0x34, 0xca, 0x48, 
    0x91, 0x45, 0x35, 0x9a, 0xe4, 0x90, 0x50, 0x2a, 0x85, 0x24, 0x5b, 0x8e, 0x13, 
    0x01, 0xb6, 0x40, 0x51, 0x47, 0xe5, 0x64, 0x1d, 0x90, 0x07, 0x41, 0xe7, 0x80, 
    0x5d, 0x04, 0xad, 0x05, 0xc1, 0x91, 0x48, 0xce, 0x56, 0x9b, 0x77, 0xa4, 0xd5, 
    0x04, 0x65, 0x94, 0xd8, 0x25, 0x64, 0x40, 0x4d, 0xc6, 0x45, 0x49, 0x10, 0x6d, 
    0x0e, 0xdc, 0x76, 0x50, 0x6d, 0x0b, 0x78, 0x89, 0x5c, 0x02, 0x12, 0xc0, 0xa7, 
    0xe5, 0x02, 0x0c, 0xe0, 0x67, 0xa6, 0x00, 0x5b, 0x4a, 0x00, 0xa1, 0x41, 0x91, 
    0x39, 0x30, 0x27, 0x96, 0x0b, 0xc8, 0xa9, 0x50, 0x64, 0x10, 0xdc, 0x89, 0x64, 
    0x64, 0x11, 0x30, 0xb0, 0x27, 0x03, 0xf5, 0xbd, 0x29, 0x00, 0x7a, 0x0e, 0x74, 
    0x79, 0x26, 0x04, 0x11, 0x28, 0x6a, 0xe6, 0x01, 0x66, 0xf5, 0x45, 0xd0, 0x8e, 
    0x08, 0x38, 0x60, 0x81, 0x05, 0x7e, 0x46, 0x99, 0xc0, 0x03, 0x76, 0x36, 0x55, 
    0x40, 0x47, 0x43, 0x3d, 0x80, 0xc1, 0x08, 0x1c, 0x14, 0x68, 0xe8, 0x40, 0x09, 
    0xd8, 0xb4, 0x53, 0x73, 0x0c, 0x3c, 0x40, 0x01, 0x07, 0x02, 0xc0, 0xc5, 0x90, 
    0x42, 0xa3, 0xa7, 0xa2, 0x5a, 0xd5, 0x5a, 0x57, 0x81, 0x30, 0xd0, 0x01, 0x75, 
    0x65, 0x6a, 0xa6, 0x02, 0x14, 0x80, 0x90, 0x82, 0x41, 0x9b, 0x96, 0x59, 0xeb, 
    0x40, 0x08, 0x44, 0x30, 0x02, 0x0c, 0x74, 0x32, 0x10, 0xdb, 0xb1, 0x03, 0x29, 
    0x80, 0x01, 0x08, 0x6a, 0x0e, 0x44, 0xa0, 0xb1, 0xd0, 0x0a, 0x40, 0x5f, 0x03, 
    0x6e, 0x0a, 0x54, 0x29, 0xb7, 0xd9, 0x1e, 0x7a, 0xd3, 0x9c, 0x5b, 0xf6, 0x19, 
    0xae, 0x00, 0xc5, 0x76, 0x8b, 0xae, 0x03, 0xd8, 0x42, 0xbb, 0xe5, 0x61, 0x05, 
    0xd5, 0xd6, 0x80, 0xa3, 0xb5, 0x6e, 0xd9, 0x26, 0x41, 0x91, 0x3d, 0xd0, 0x2e, 
    0xb4, 0xb5, 0xe9, 0xf6, 0x2d, 0xbd, 0xa7, 0xd6, 0xa9, 0xe8, 0x96, 0x0f, 0x00, 
    0x7c, 0x6a, 0xa5, 0x0b, 0x74, 0x8b, 0xf0, 0xb9, 0x70, 0x5a, 0xe9, 0xe6, 0x01, 
    0x0d, 0xcc, 0xcb, 0x30, 0x7a, 0x05, 0x5b, 0xbb, 0xc0, 0x03, 0xbe, 0x1a, 0x9a, 
    0x2e, 0xb2, 0xec, 0x32, 0x7c, 0xa8, 0x4d, 0xd5, 0xca, 0x6b, 0xf0, 0xc1, 0x0f, 
    0x48, 0x0c, 0xe7, 0xc5, 0xfb, 0x66, 0x9b, 0x5a, 0x62, 0xe8, 0xdd, 0xcb, 0x70, 
    0x64, 0x12, 0xb7, 0x36, 0xc1, 0x04, 0x19, 0x1b, 0x5a, 0xdb, 0x4e, 0x96, 0x72, 
    0xa0, 0x41, 0x03, 0x1e, 0x9f, 0x1c, 0xc1, 0xab, 0x29, 0xc0, 0x30, 0x42, 0xcf, 
    0xde, 0x46, 0x00, 0x02, 0x0c, 0x3b, 0x10, 0x4d, 0x90, 0x02, 0x68, 0x65, 0x18, 
    0x10, 0x00, 0x21, 0xf9, 0x04, 0x09, 0x07, 0x00, 0x02, 0x00, 0x2c, 0x1c, 0x00, 
    0x19, 0x00, 0x5d, 0x00, 0x49, 0x00, 0x00, 0x08, 0xff, 0x00, 0x05, 0x08, 0x1c, 
    0x48, 0xb0, 0xa0, 0xc1, 0x83, 0x08, 0x13, 0x2a, 0x5c, 0x88, 0x90, 0x40, 0x81, 
    0x87, 0x0f, 0x19, 0x32, 0x74, 0x08, 0xb1, 0x62, 0x01, 0x89, 0x18, 0x33, 0x1e, 
    0xa4, 0x68, 0xe0, 0x00, 0x02, 0x04, 0x09, 0x12, 0x20, 0x30, 0x00, 0x51, 0xa3, 
    0x00, 0x8a, 0x1e, 0x41, 0x86, 0x5c, 0x39, 0xf2, 0xa2, 0xc9, 0x97, 0x09, 0x1d, 
    0xa6, 0x54, 0xc0, 0xc0, 0xc1, 0x83, 0x08, 0x11, 0x1c, 0x30, 0x58, 0xa0, 0xe0, 
    0x00, 0x49, 0x8c, 0x04, 0x0c, 0x20, 0xa0, 0x69, 0x33, 0x82, 0x84, 0xa3, 0x12, 
    0x72, 0x32, 0x48, 0x70, 0xc0, 0x25, 0xcc, 0xa7, 0x27, 0x85, 0x2e, 0x68, 0x00, 
    0x61, 0x82, 0x05, 0x0d, 0x1c, 0x40, 0x80, 0xe0, 0x80, 0x81, 0x82, 0x84, 0x06, 
    0x0b, 0x46, 0x2e, 0x94, 0xa9, 0xc0, 0x41, 0x04, 0x0b, 0x07, 0x1d, 0x50, 0xa0, 
    0x00, 0x61, 0xe9, 0x01, 0xa8, 0x30, 0x09, 0x1c, 0x50, 0xf0, 0x60, 0x02, 0x06, 
    0x85, 0x0a, 0x20, 0x40, 0x68, 0x90, 0xc0, 0x40, 0x4c, 0x03, 0x09, 0x1a, 0x48, 
    0xd0, 0xc0, 0x90, 0xae, 0x83, 0x9e, 0x7e, 0xe1, 0x02, 0x3d, 0xb0, 0x20, 0x02, 
    0x61, 0x89, 0x06, 0xa6, 0xf6, 0xdc, 0x38, 0x17, 0xc2, 0xdd, 0x8c, 0x09, 0x76, 
    0x22, 0x50, 0x2c, 0x51, 0x2e, 0x83, 0x09, 0x2f, 0x33, 0x4f, 0x2e, 0x08, 0x18, 
    0xc2, 0x63, 0x8d, 0x81, 0x47, 0x73, 0x6e, 0x78, 0xe0, 0xf3, 0x53, 0x04, 0x0c, 
    0xc4, 0x0e, 0x2c, 0x80, 0xa0, 0xc1, 0xe5, 0xd0, 0x0c, 0x54, 0xaf, 0x26, 0xad, 
    0xc0, 0x31, 0xd4, 0xa1, 0xb2, 0x3d, 0x53, 0x80, 0x0b, 0x7b, 0xf3, 0xee, 0x82, 
    0xb4, 0x6d, 0xc3, 0x35, 0xa0, 0x20, 0xac, 0xc0, 0x02, 0x09, 0x22, 0x80, 0x86, 
    0xca, 0x5c, 0xf7, 0x71, 0xe6, 0x12, 0x38, 0x17, 0x17, 0x18, 0x79, 0xb8, 0xe2, 
    0xed, 0xc7, 0x9f, 0xd7, 0xff, 0x8e, 0xc0, 0xb9, 0x7a, 0x53, 0x04, 0x0f, 0xb2, 
    0x2b, 0xae, 0x1e, 0xfe, 0x79, 0x6f, 0x05, 0xab, 0x8b, 0x17, 0x50, 0xa0, 0x7e, 
    0x7d, 0xf3, 0xb7, 0xe1, 0x99, 0x93, 0x5f, 0xcd, 0x7c, 0x24, 0x5d, 0xfe, 0x65, 
    0x25, 0xd0, 0x1e, 0x73, 0x0e, 0xec, 0xd6, 0x1f, 0x73, 0x02, 0xf2, 0xe7, 0x5c, 
    0x7e, 0x0a, 0x24, 0x18, 0x9f, 0x83, 0xed, 0x45, 0x28, 0xe1, 0x84, 0x14, 0x56, 
    0x68, 0xe1, 0x85, 0x18, 0x66, 0xa8, 0xe1, 0x86, 0x1c, 0x76, 0xe8, 0xe1, 0x87, 
    0x20, 0x86, 0x28, 0xe2, 0x88, 0x24, 0x96, 0x68, 0xe2, 0x89, 0x28, 0xa6, 0xa8, 
    0xe2, 0x8a, 0x2c, 0xb6, 0xe8, 0xe2, 0x8b, 0x30, 0xc6, 0x28, 0xe3, 0x8c, 0x34, 
    0xca, 0x48, 0x51, 0x45, 0x35, 0xbe, 0x24, 0xd3, 0x47, 0x2c, 0xfd, 0x94, 0x63, 
    0x67, 0x52, 0x35, 0x70, 0x53, 0x52, 0x3a, 0xc9, 0xf6, 0x63, 0x4c, 0x73, 0xd5, 
    0x75, 0x9b, 0x05, 0x18, 0x4c, 0xe0, 0x80, 0x91, 0x47, 0x1a, 0x54, 0xda, 0x6d, 
    0x04, 0x95, 0xd5, 0x80, 0x71, 0x51, 0x22, 0x57, 0x1b, 0x95, 0x05, 0x25, 0x70, 
    0x18, 0x7e, 0x59, 0x0e, 0x84, 0x1d, 0x07, 0x09, 0x45, 0xf6, 0x64, 0x98, 0x04, 
    0x19, 0xc0, 0x00, 0x5a, 0x0a, 0x21, 0xe0, 0x00, 0x84, 0x61, 0x1e, 0x20, 0xd8, 
    0x42, 0x72, 0x2e, 0x80, 0xe6, 0x40, 0x72, 0x3e, 0x40, 0x27, 0x03, 0x0c, 0xdc, 
    0x29, 0x90, 0x9c, 0x67, 0x22, 0x04, 0xdd, 0x03, 0x05, 0xfa, 0x29, 0x67, 0x04, 
    0x70, 0x0e, 0x24, 0x57, 0x03, 0x16, 0xec, 0xe7, 0xa7, 0x97, 0x0b, 0x80, 0xa9, 
    0x68, 0x6b, 0x14, 0x70, 0x30, 0x01, 0x96, 0x68, 0xaa, 0xf9, 0x40, 0x4f, 0x2e, 
    0x39, 0x04, 0x1b, 0x05, 0x20, 0xa4, 0xa0, 0x01, 0x7c, 0x7e, 0x0a, 0xe0, 0xe6, 
    0x03, 0x6e, 0x79, 0x44, 0x97, 0x05, 0x23, 0x08, 0x00, 0x03, 0x08, 0x0d, 0x48, 
    0xba, 0x8a, 0x66, 0x02, 0xe9, 0x3d, 0xd0, 0x80, 0x90, 0x95, 0xe2, 0x69, 0x56, 
    0xa2, 0x68, 0xf6, 0x76, 0x15, 0x08, 0xad, 0x12, 0x04, 0xa9, 0xac, 0x77, 0x2a, 
    0x30, 0xc1, 0x08, 0x30, 0x48, 0x59, 0x13, 0xa6, 0xa5, 0x2a, 0x80, 0x01, 0x0c, 
    0x7d, 0x16, 0xe4, 0x26, 0xaf, 0x99, 0x3e, 0xa0, 0x41, 0xac, 0x05, 0xd5, 0x49, 
    0xec, 0x9d, 0x07, 0x38, 0x00, 0x01, 0x9c, 0x66, 0x92, 0x5a, 0xea, 0x40, 0xc3, 
    0x4a, 0x5b, 0xe4, 0xb8, 0xc2, 0xe6, 0x26, 0x69, 0x64, 0x0f, 0x50, 0x8b, 0x66, 
    0x6d, 0x81, 0x0e, 0xe4, 0x66, 0xa4, 0xe8, 0xca, 0xeb, 0x00, 0xbd, 0x62, 0x2e, 
    0x10, 0x6f, 0xbd, 0xa2, 0x49, 0x5a, 0x1b, 0xbe, 0xf5, 0x46, 0xd6, 0x80, 0xb8, 
    0x02, 0x98, 0xc9, 0xec, 0xb8, 0x6e, 0xc6, 0x46, 0xd0, 0xb4, 0xf5, 0x0a, 0x3b, 
    0x30, 0x98, 0xff, 0x6e, 0xeb, 0x67, 0x6d, 0x9b, 0xe2, 0x17, 0x6e, 0xc3, 0xe4, 
    0x3e, 0xf0, 0x00, 0x96, 0x09, 0x4b, 0xfc, 0xe8, 0x03, 0xf8, 0x6a, 0xea, 0xee, 
    0x9d, 0x9a, 0x2a, 0x90, 0xd8, 0xbc, 0x1e, 0x73, 0x2b, 0x24, 0x02, 0x1e, 0xa9, 
    0x25, 0xc1, 0xc8, 0x77, 0x7a, 0xe9, 0x80, 0x03, 0x83, 0x81, 0x70, 0x1a, 0xc6, 
    0xa6, 0xaa, 0xa5, 0x01, 0xb2, 0xc9, 0xe2, 0x2c, 0xec, 0xb1, 0x3b, 0xf8, 0x7c, 
    0x10, 0xcc, 0xe1, 0x05, 0x04, 0x00, 0x21, 0xf9, 0x04, 0x09, 0x06, 0x00, 0x02, 
    0x00, 0x2c, 0x1c, 0x00, 0x19, 0x00, 0x5d, 0x00, 0x48, 0x00, 0x00, 0x08, 0xff, 
    0x00, 0x05, 0x08, 0x1c, 0x48, 0xb0, 0xa0, 0xc1, 0x83, 0x08, 0x13, 0x2a, 0x5c, 
    0x88, 0x90, 0x40, 0x81, 0x87, 0x0f, 0x19, 0x32, 0x74, 0x08, 0xb1, 0x62, 0x01, 
    0x89, 0x18, 0x33, 0x1e, 0xa4, 0x68, 0xe0, 0x00, 0x02, 0x04, 0x09, 0x12, 0x20, 
    0x30, 0x00, 0x51, 0xa3, 0x00, 0x8a, 0x1e, 0x41, 0x86, 0x5c, 0x39, 0xf2, 0xa2, 
    0xc9, 0x97, 0x09, 0x1d, 0xa6, 0x54, 0xc0, 0xc0, 0xc1, 0x83, 0x08, 0x11, 0x1c, 
    0x30, 0x58, 0xa0, 0xe0, 0x00, 0x49, 0x8c, 0x04, 0x0c, 0x20, 0xa0, 0x69, 0x33, 
    0x82, 0x84, 0xa3, 0x12, 0x72, 0x32, 0x48, 0x70, 0xc0, 0x25, 0xcc, 0xa7, 0x27, 
    0x85, 0x2e, 0x68, 0x00, 0x61, 0x82, 0x05, 0x0d, 0x1c, 0x40, 0x80, 0xe0, 0x80, 
    0x81, 0x82, 0x84, 0x06, 0x0b, 0x46, 0x2e, 0x94, 0xa9, 0xc0, 0x41, 0x04, 0x0b, 
    0x07, 0x1d, 0x50, 0xa0, 0x00, 0x61, 0xe9, 0x01, 0xa8, 0x30, 0x09, 0x1c, 0x50, 
    0xf0, 0x60, 0x02, 0x06, 0x85, 0x0a, 0x20, 0x40, 0x68, 0x90, 0xc0, 0x40, 0x4c, 
    0x03, 0x09, 0x1a, 0x48, 0xd0, 0xc0, 0x90, 0xae, 0x83, 0x9e, 0x7e, 0xe1, 0x02, 
    0x3d, 0xb0, 0x20, 0x02, 0x61, 0x89, 0x06, 0xa6, 0xf6, 0xdc, 0x38, 0x17, 0xc2, 
    0xdd, 0x8c, 0x09, 0x76, 0x22, 0x50, 0x2c, 0x51, 0x2e, 0x83, 0x09, 0x2f, 0x33, 
    0x4f, 0x2e, 0x08, 0x18, 0xc2, 0x63, 0x8d, 0x81, 0x47, 0x73, 0x6e, 0x78, 0xe0, 
    0xf3, 0x53, 0x04, 0x0c, 0xc4, 0x0e, 0x2c, 0x80, 0xa0, 0xc1, 0xe5, 0xd0, 0x0c, 
    0x54, 0xaf, 0x26, 0xad, 0xc0, 0x31, 0xd4, 0xa1, 0xb2, 0x3d, 0x53, 0x80, 0x0b, 
    0x7b, 0xf3, 0xee, 0x82, 0xb4, 0x6d, 0xc3, 0x35, 0xa0, 0x20, 0xac, 0xc0, 0x02, 
    0x09, 0x22, 0x80, 0x86, 0xca, 0x5c, 0xf7, 0x71, 0xe6, 0x12, 0x38, 0x17, 0x17, 
    0x18, 0x79, 0xb8, 0xe2, 0xed, 0xc7, 0x9f, 0xd7, 0xff, 0x8e, 0xc0, 0xb9, 0x7a, 
    0x53, 0x04, 0x0f, 0xb2, 0x2b, 0xae, 0x1e, 0xfe, 0x79, 0x6f, 0x05, 0xab, 0x8b, 
    0x17, 0x50, 0xa0, 0x7e, 0x7d, 0xf3, 0xb7, 0xe1, 0x99, 0x93, 0x5f, 0xcd, 0x7c, 
    0x24, 0x5d, 0xfe, 0x65, 0x25, 0xd0, 0x1e, 0x73, 0x0e, 0xec, 0xd6, 0x1f, 0x73, 
    0x02, 0xf2, 0xe7, 0x5c, 0x7e, 0x0a, 0x24, 0x18, 0x9f, 0x83, 0xed, 0x45, 0x28, 
    0xe1, 0x84, 0x14, 0x56, 0x68, 0xe1, 0x85, 0x18, 0x66, 0xa8, 0xe1, 0x86, 0x1c, 
    0x76, 0xe8, 0xe1, 0x87, 0x20, 0x86, 0x28, 0xe2, 0x88, 0x24, 0x96, 0x68, 0xe2, 
    0x89, 0x28, 0xa6, 0xa8, 0xe2, 0x8a, 0x2c, 0xb6, 0xe8, 0xe2, 0x8b, 0x30, 0xc6, 
    0x28, 0xe3, 0x8c, 0x34, 0xca, 0x48, 0x51, 0x49, 0x35, 0xbe, 0x24, 0xd3, 0x47, 
    0x21, 0xb5, 0x94, 0x63, 0x46, 0x41, 0x21, 0x30, 0xd5, 0x4d, 0x4a, 0x31, 0xf5, 
    0xe3, 0x44, 0x73, 0xd5, 0x85, 0x01, 0x56, 0x1c, 0x68, 0x60, 0x01, 0x04, 0xd6, 
    0x1d, 0x49, 0x90, 0x5c, 0x8d, 0x9d, 0x36, 0x50, 0x6f, 0x0f, 0x44, 0x29, 0xa5, 
    0x00, 0x80, 0xf9, 0x76, 0x50, 0x02, 0x10, 0x64, 0xb9, 0xa5, 0x41, 0x06, 0x30, 
    0x80, 0x56, 0x42, 0x60, 0x36, 0x80, 0xdf, 0x98, 0x02, 0xd0, 0xf6, 0x80, 0x95, 
    0x64, 0x32, 0x00, 0x01, 0x84, 0x5b, 0xce, 0x47, 0x01, 0x7c, 0x09, 0x45, 0x36, 
    0x27, 0x9b, 0xdc, 0x2d, 0x20, 0x01, 0x9d, 0xa4, 0x2d, 0xb0, 0x27, 0x9f, 0x02, 
    0x20, 0xa0, 0x93, 0x42, 0xcc, 0x0d, 0xca, 0xe7, 0x01, 0x3a, 0xad, 0x89, 0x1c, 
    0xa3, 0x13, 0x00, 0x2a, 0x65, 0x64, 0x0f, 0x2c, 0x40, 0x19, 0x03, 0x14, 0x58, 
    0xa0, 0x26, 0xa1, 0x85, 0x3a, 0xd0, 0x80, 0x6c, 0x27, 0xd1, 0xb6, 0xc0, 0x04, 
    0x5a, 0x51, 0x20, 0xa9, 0x94, 0x09, 0x38, 0x70, 0x98, 0x4f, 0x1d, 0x05, 0x46, 
    0x01, 0x08, 0x02, 0xa4, 0xc5, 0xc0, 0x01, 0x03, 0x8e, 0xb2, 0xd9, 0xd8, 0x03, 
    0xb9, 0x2d, 0xe0, 0xc0, 0x60, 0x03, 0x31, 0xaa, 0x28, 0xa1, 0x60, 0x4e, 0x40, 
    0x01, 0x06, 0x1c, 0x8c, 0x50, 0x50, 0xaa, 0x0b, 0xd4, 0xca, 0xa7, 0x02, 0x14, 
    0x8c, 0x00, 0x43, 0x9c, 0x0e, 0x18, 0xc7, 0xa9, 0x40, 0x0a, 0x60, 0x00, 0x83, 
    0xa5, 0x05, 0x19, 0xaa, 0xe5, 0x98, 0x06, 0x3c, 0x80, 0xc1, 0xa6, 0x04, 0x1d, 
    0xd0, 0xc0, 0x03, 0xd2, 0x4e, 0x9b, 0xc0, 0x51, 0x7d, 0x1d, 0xeb, 0x40, 0xb2, 
    0xd3, 0x5e, 0xf9, 0x40, 0xb4, 0xa4, 0xd5, 0x54, 0xae, 0xb9, 0xeb, 0xd6, 0x6a, 
    0x28, 0xbb, 0xed, 0x72, 0x29, 0x6f, 0x62, 0xdc, 0xc9, 0x9b, 0xaf, 0x40, 0x86, 
    0x7e, 0x9a, 0x6d, 0xbd, 0xff, 0x0a, 0x10, 0x18, 0xbe, 0x00, 0x8f, 0x7b, 0x2a, 
    0x9f, 0xa2, 0x39, 0x9a, 0xea, 0xc2, 0x6c, 0x46, 0xd6, 0x80, 0x6a, 0xb5, 0x21, 
    0x9c, 0xaf, 0xa1, 0xe4, 0x12, 0x04, 0x1b, 0x9e, 0x05, 0x23, 0xbb, 0x26, 0x6c, 
    0xb1, 0x15, 0x2c, 0x50, 0x6a, 0x6b, 0xa6, 0x26, 0x32, 0x97, 0x92, 0xe1, 0x27, 
    0xae, 0xc0, 0x22, 0x63, 0x6c, 0x1c, 0x7a, 0x11, 0x60, 0x2b, 0x72, 0x02, 0xb8, 
    0x26, 0x90, 0x17, 0x06, 0x18, 0x3c, 0x70, 0xb2, 0xbe, 0x10, 0x48, 0x60, 0x01, 
    0x08, 0x29, 0x18, 0xbb, 0x33, 0x97, 0xb6, 0x8d, 0xb0, 0x83, 0x13, 0x43, 0x0f, 
    0x94, 0x00, 0x05, 0x29, 0x60, 0x18, 0x10, 0x00, 0x21, 0xf9, 0x04, 0x09, 0x07, 
    0x00, 0x02, 0x00, 0x2c, 0x1c, 0x00, 0x19, 0x00, 0x5d, 0x00, 0x48, 0x00, 0x00, 
    0x08, 0xff, 0x00, 0x05, 0x08, 0x1c, 0x48, 0xb0, 0xa0, 0xc1, 0x83, 0x08, 0x13, 
    0x2a, 0x5c, 0x88, 0x90, 0x40, 0x81, 0x87, 0x0f, 0x19, 0x32, 0x74, 0x08, 0xb1, 
    0x62, 0x01, 0x89, 0x18, 0x33, 0x1e, 0xa4, 0x68, 0xe0, 0x00, 0x02, 0x04, 0x09, 
    0x12, 0x20, 0x30, 0x00, 0x51, 0xa3, 0x00, 0x8a, 0x1e, 0x41, 0x86, 0x5c, 0x39, 
    0xf2, 0xa2, 0xc9, 0x97, 0x09, 0x1d, 0xa6, 0x54, 0xc0, 0xc0, 0xc1, 0x83, 0x08, 
    0x11, 0x1c, 0x30, 0x58, 0xa0, 0xe0, 0x00, 0x49, 0x8c, 0x04, 0x0c, 0x20, 0xa0, 
    0x69, 0x33, 0x82, 0x84, 0xa3, 0x12, 0x72, 0x32, 0x48, 0x70, 0xc0, 0x25, 0xcc, 
    0xa7, 0x27, 0x85, 0x2e, 0x68, 0x00, 0x61, 0x82, 0x05, 0x0d, 0x1c, 0x40, 0x80, 
    0xe0, 0x80, 0x81, 0x82, 0x84, 0x06, 0x0b, 0x46, 0x2e, 0x94, 0xa9, 0xc0, 0x41, 
    0x04, 0x0b, 0x07, 0x1d, 0x50, 0xa0, 0x00, 0x61, 0xe9, 0x01, 0xa8, 0x30, 0x09, 
    0x1c, 0x50, 0xf0, 0x60, 0x02, 0x06, 0x85, 0x0a, 0x20, 0x40, 0x68, 0x90, 0xc0, 
    0x40, 0x4c, 0x03, 0x09, 0x1a, 0x48, 0xd0, 0xc0, 0x90, 0xae, 0x83, 0x9e, 0x7e, 
    0xe1, 0x02, 0x3d, 0xb0, 0x20, 0x02, 0x61, 0x89, 0x06, 0xa6, 0xf6, 0xdc, 0x38, 
    0x17, 0xc2, 0xdd, 0x8c, 0x09, 0x76, 0x22, 0x50, 0x2c, 0x51, 0x2e, 0x83, 0x09, 
    0x2f, 0x33, 0x4f, 0x2e, 0x08, 0x18, 0xc2, 0x63, 0x8d, 0x81, 0x47, 0x73, 0x6e, 
    0x78, 0xe0, 0xf3, 0x53, 0x04, 0x0c, 0xc4, 0x0e, 0x2c, 0x80, 0xa0, 0xc1, 0xe5, 
    0xd0, 0x0c, 0x54, 0xaf, 0x26, 0xad, 0xc0, 0x31, 0xd4, 0xa1, 0xb2, 0x3d, 0x53, 
    0x80, 0x0b, 0x7b, 0xf3, 0xee, 0x82, 0xb4, 0x6d, 0xc3, 0x35, 0xa0, 0x20, 0xac, 
    0xc0, 0x02, 0x09, 0x22, 0x80, 0x86, 0xca, 0x5c, 0xf7, 0x71, 0xe6, 0x12, 0x38, 
    0x17, 0x17, 0x18, 0x79, 0xb8, 0xe2, 0xed, 0xc7, 0x9f, 0xd7, 0xff, 0x8e, 0xc0, 
    0xb9, 0x7a, 0x53, 0x04, 0x0f, 0xb2, 0x2b, 0xae, 0x1e, 0xfe, 0x79, 0x6f, 0x05, 
    0xab, 0x8b, 0x17, 0x50, 0xa0, 0x7e, 0x7d, 0xf3, 0xb7, 0xe1, 0x99, 0x93, 0x5f, 
    0xcd, 0x7c, 0x24, 0x5d, 0xfe, 0x65, 0x25, 0xd0, 0x1e, 0x73, 0x0e, 0xec, 0xd6, 
    0x1f, 0x73, 0x02, 0xf2, 0xe7, 0x5c, 0x7e, 0x0a, 0x24, 0x18, 0x9f, 0x83, 0xed, 
    0x45, 0x28, 0xe1, 0x84, 0x14, 0x56, 0x68, 0xe1, 0x85, 0x18, 0x66, 0xa8, 0xe1, 
    0x86, 0x1c, 0x76, 0xe8, 0xe1, 0x87, 0x20, 0x86, 0x28, 0xe2, 0x88, 0x24, 0x96, 
    0x68, 0xe2, 0x89, 0x28, 0xa6, 0xa8, 0xe2, 0x8a, 0x2c, 0xb6, 0xe8, 0xe2, 0x8b, 
    0x30, 0xc6, 0x28, 0xe3, 0x8c, 0x34, 0xce, 0x48, 0x91, 0x53, 0x35, 0x9a, 0x84, 
    0xd2, 0x47, 0x2d, 0xe5, 0xa8, 0x51, 0x50, 0x43, 0x2d, 0x60, 0x53, 0x03, 0x6e, 
    0xe1, 0xe8, 0x23, 0x6b, 0x0a, 0x34, 0x10, 0x01, 0x05, 0x18, 0x68, 0xd0, 0xd5, 
    0x03, 0x6e, 0x1d, 0x19, 0x13, 0x63, 0x10, 0xa0, 0x55, 0x90, 0x60, 0x0f, 0x18, 
    0x27, 0xa5, 0x41, 0xa5, 0x9d, 0x56, 0x50, 0x02, 0x0f, 0x2c, 0x80, 0xdf, 0x96, 
    0xb3, 0x1d, 0xe0, 0xc0, 0x6d, 0x07, 0x05, 0x06, 0x21, 0x99, 0xf3, 0x49, 0xc0, 
    0x81, 0x42, 0x91, 0x89, 0x49, 0xe6, 0x40, 0x91, 0x59, 0xb0, 0x00, 0x9c, 0x65, 
    0x69, 0x49, 0x66, 0x64, 0x13, 0xac, 0xc9, 0xdb, 0x03, 0x7e, 0x1e, 0x19, 0x59, 
    0x04, 0x81, 0xd2, 0xc9, 0x00, 0xa1, 0x73, 0x3e, 0xb7, 0x80, 0x04, 0x85, 0x0a, 
    0x40, 0x5b, 0x5d, 0x8d, 0xe6, 0x88, 0x80, 0x03, 0x72, 0x1a, 0x54, 0x40, 0x6b, 
    0x14, 0x58, 0xc0, 0xc0, 0x98, 0x7b, 0x0a, 0xa9, 0x9b, 0x4c, 0x9f, 0x69, 0x45, 
    0x41, 0xa4, 0x35, 0xa2, 0xf7, 0x00, 0x62, 0x05, 0x74, 0x94, 0x80, 0x5a, 0x20, 
    0x08, 0x90, 0x02, 0x07, 0x0d, 0x70, 0xc0, 0x4a, 0x26, 0x7a, 0x7b, 0xf1, 0x24, 
    0xe4, 0x04, 0xa7, 0x99, 0x09, 0x01, 0xa9, 0x39, 0x36, 0x30, 0xc1, 0x5a, 0x18, 
    0x64, 0xf5, 0x25, 0xa5, 0xb2, 0x26, 0xfa, 0x80, 0x06, 0x29, 0xec, 0xc0, 0x65, 
    0x4d, 0xf0, 0x25, 0x5a, 0xd0, 0x02, 0x18, 0xc0, 0xc0, 0x80, 0x41, 0x93, 0xc6, 
    0xea, 0x2c, 0x41, 0x06, 0x3c, 0x80, 0x81, 0x03, 0xb2, 0x1a, 0xc0, 0x00, 0xa0, 
    0xd7, 0x12, 0x94, 0x80, 0x04, 0x13, 0x54, 0x3a, 0xd0, 0xa4, 0xe6, 0x86, 0x1b, 
    0x1d, 0xa2, 0xd8, 0xd6, 0xa4, 0xa7, 0xba, 0x61, 0xca, 0x8a, 0x6e, 0xb1, 0x89, 
    0x7a, 0x7b, 0x18, 0xa7, 0xf6, 0x36, 0x1b, 0x2e, 0x77, 0xcc, 0x72, 0x3a, 0xe9, 
    0xa6, 0xfb, 0x9e, 0xfb, 0xc0, 0xa9, 0x63, 0x46, 0x16, 0x66, 0xc0, 0x03, 0x81, 
    0x99, 0x25, 0x41, 0xe8, 0x35, 0xf0, 0x2e, 0xbc, 0xe6, 0x7a, 0x7b, 0x30, 0xc2, 
    0x02, 0xe4, 0x3b, 0x26, 0x98, 0x0e, 0x53, 0x2c, 0x80, 0xa9, 0x7d, 0x25, 0xcc, 
    0x57, 0x62, 0x08, 0x83, 0xe9, 0x80, 0x96, 0xb5, 0x8d, 0xac, 0xb1, 0x00, 0x60, 
    0x9a, 0xab, 0x26, 0xc8, 0x21, 0xe7, 0xf6, 0x56, 0x6b, 0x11, 0x2c, 0xac, 0x71, 
    0x6d, 0x61, 0x96, 0x65, 0x01, 0x57, 0xd3, 0x9e, 0x0c, 0xa6, 0x55, 0x1c, 0xa4, 
    0x00, 0xc3, 0xc9, 0xe2, 0x4e, 0x00, 0x02, 0x0c, 0xca, 0x02, 0x4d, 0x90, 0x02, 
    0x56, 0x5a, 0x18, 0x10, 0x00, 0x21, 0xf9, 0x04, 0x09, 0x07, 0x00, 0x02, 0x00, 
    0x2c, 0x1c, 0x00, 0x19, 0x00, 0x5d, 0x00, 0x48, 0x00, 0x00, 0x08, 0xff, 0x00, 
    0x05, 0x08, 0x1c, 0x48, 0xb0, 0xa0, 0xc1, 0x83, 0x08, 0x13, 0x2a, 0x5c, 0x88, 
    0x90, 0x40, 0x81, 0x87, 0x0f, 0x19, 0x32, 0x74, 0x08, 0xb1, 0x62, 0x01, 0x89, 
    0x18, 0x33, 0x1e, 0xa4, 0x68, 0xe0, 0x00, 0x02, 0x04, 0x09, 0x12, 0x20, 0x30, 
    0x00, 0x51, 0xa3, 0x00, 0x8a, 0x1e, 0x41, 0x86, 0x5c, 0x39, 0xf2, 0xa2, 0xc9, 
    0x97, 0x09, 0x1d, 0xa6, 0x54, 0xc0, 0xc0, 0xc1, 0x83, 0x08, 0x11, 0x1c, 0x30, 
    0x58, 0xa0, 0xe0, 0x00, 0x49, 0x8c, 0x04, 0x0c, 0x20, 0xa0, 0x69, 0x33, 0x82, 
    0x84, 0xa3, 0x12, 0x72, 0x32, 0x48, 0x70, 0xc0, 0x25, 0xcc, 0xa7, 0x27, 0x85, 
    0x2e, 0x68, 0x00, 0x61, 0x82, 0x05, 0x0d, 0x1c, 0x40, 0x80, 0xe0, 0x80, 0x81, 
    0x82, 0x84, 0x06, 0x0b, 0x46, 0x2e, 0x94, 0xa9, 0xc0, 0x41, 0x04, 0x0b, 0x07, 
    0x1d, 0x50, 0xa0, 0x00, 0x61, 0xe9, 0x01, 0xa8, 0x30, 0x09, 0x1c, 0x50, 0xf0, 
    0x60, 0x02, 0x06, 0x85, 0x0a, 0x20, 0x40, 0x68, 0x90, 0xc0, 0x40, 0x4c, 0x03, 
    0x09, 0x1a, 0x48, 0xd0, 0xc0, 0x90, 0xae, 0x83, 0x9e, 0x7e, 0xe1, 0x02, 0x3d, 
    0xb0, 0x20, 0x02, 0x61, 0x89, 0x06, 0xa6, 0xf6, 0xdc, 0x38, 0x17, 0xc2, 0xdd, 
    0x8c, 0x09, 0x76, 0x22, 0x50, 0x2c, 0x51, 0x2e, 0x83, 0x09, 0x2f, 0x33, 0x4f, 
    0x2e, 0x08, 0x18, 0xc2, 0x63, 0x8d, 0x81, 0x47, 0x73, 0x6e, 0x78, 0xe0, 0xf3, 
    0x53, 0x04, 0x0c, 0xc4, 0x0e, 0x2c, 0x80, 0xa0, 0xc1, 0xe5, 0xd0, 0x0c, 0x54, 
    0xaf, 0x26, 0xad, 0xc0, 0x31, 0xd4, 0xa1, 0xb2, 0x3d, 0x53, 0x80, 0x0b, 0x7b, 
    0xf3, 0xee, 0x82, 0xb4, 0x6d, 0xc3, 0x35, 0xa0, 0x20, 0xac, 0xc0, 0x02, 0x09, 
    0x22, 0x80, 0x86, 0xca, 0x5c, 0xf7, 0x71, 0xe6, 0x12, 0x38, 0x17, 0x17, 0x18, 
    0x79, 0xb8, 0xe2, 0xed, 0xc7, 0x9f, 0xd7, 0xff, 0x8e, 0xc0, 0xb9, 0x7a, 0x53, 
    0x04, 0x0f, 0xb2, 0x2b, 0xae, 0x1e, 0xfe, 0x79, 0x6f, 0x05, 0xab, 0x8b, 0x17, 
    0x50, 0xa0, 0x7e, 0x7d, 0xf3, 0xb7, 0xe1, 0x99, 0x93, 0x5f, 0xcd, 0x7c, 0x24, 
    0x5d, 0xfe, 0x65, 0x25, 0xd0, 0x1e, 0x73, 0x0e, 0xec, 0xd6, 0x1f, 0x73, 0x02, 
    0xf2, 0xe7, 0x5c, 0x7e, 0x0a, 0x24, 0x18, 0x9f, 0x83, 0xed, 0x45, 0x28, 0xe1, 
    0x84, 0x14, 0x56, 0x68, 0xe1, 0x85, 0x18, 0x66, 0xa8, 0xe1, 0x86, 0x1c, 0x76, 
    0xe8, 0xe1, 0x87, 0x20, 0x86, 0x28, 0xe2, 0x88, 0x24, 0x96, 0x68, 0xe2, 0x89, 
    0x28, 0xa6, 0xa8, 0xe2, 0x8a, 0x2c, 0xb6, 0xe8, 0xe2, 0x8b, 0x30, 0xc6, 0x28, 
    0xe3, 0x8c, 0x34, 0xce, 0x48, 0x91, 0x53, 0x35, 0x9a, 0x84, 0xd2, 0x47, 0x2d, 
    0xe5, 0xa8, 0x51, 0x50, 0x43, 0x2d, 0xe0, 0x80, 0x03, 0x60, 0x31, 0xe5, 0x63, 
    0x67, 0x73, 0x35, 0x10, 0x01, 0x05, 0x18, 0x68, 0xd0, 0x15, 0x04, 0xd6, 0x1d, 
    0x59, 0x90, 0x5c, 0x0b, 0x40, 0x80, 0x16, 0x41, 0x79, 0x3d, 0x10, 0xa5, 0x94, 
    0xdc, 0xe5, 0x75, 0x5a, 0x41, 0xa2, 0xe1, 0xc7, 0xe5, 0x6c, 0xb5, 0xdd, 0x66, 
    0x50, 0x64, 0x0d, 0x18, 0x37, 0xa6, 0x7b, 0x12, 0x80, 0xa0, 0x50, 0x6d, 0x0b, 
    0xac, 0x39, 0x50, 0x64, 0x57, 0x26, 0x74, 0x80, 0x4e, 0x72, 0x72, 0xd7, 0xd8, 
    0x42, 0x07, 0x34, 0x50, 0x60, 0x9e, 0x06, 0x30, 0xf0, 0x80, 0x9a, 0x07, 0xb5, 
    0xf6, 0xa7, 0x9c, 0x91, 0x41, 0x00, 0x21, 0x72, 0x09, 0x3c, 0x30, 0x68, 0x9e, 
    0x02, 0x20, 0xe0, 0xc0, 0x02, 0x62, 0x12, 0x54, 0x40, 0x6b, 0x6b, 0x31, 0x50, 
    0x29, 0x97, 0x77, 0x42, 0x40, 0x29, 0x41, 0x32, 0x31, 0x40, 0xc1, 0x56, 0x13, 
    0x2c, 0xca, 0x65, 0xa3, 0x50, 0xfa, 0x54, 0x40, 0x47, 0x09, 0x38, 0x60, 0x81, 
    0x9b, 0x29, 0x70, 0xbe, 0xd0, 0xc0, 0xa6, 0xa7, 0xea, 0x95, 0x5b, 0x73, 0x82, 
    0x9d, 0xd6, 0xa9, 0xa9, 0xa7, 0x2e, 0xb9, 0xd6, 0x55, 0x23, 0x80, 0x39, 0x29, 
    0xad, 0x63, 0x3a, 0xa0, 0xc1, 0x08, 0x29, 0xec, 0x70, 0x66, 0x4d, 0xf0, 0x41, 
    0x2a, 0xd0, 0x01, 0x10, 0x8c, 0xb0, 0x03, 0x03, 0x06, 0xa1, 0x97, 0xa6, 0xb3, 
    0xdc, 0x99, 0xe6, 0xc0, 0xa6, 0x81, 0x3e, 0x10, 0x27, 0xb6, 0x91, 0x42, 0x20, 
    0x41, 0x5f, 0x05, 0x59, 0x4b, 0x28, 0xa4, 0x8d, 0x5e, 0x0b, 0x66, 0x03, 0x5b, 
    0xae, 0xd9, 0xea, 0xa7, 0x04, 0x45, 0xe6, 0xc0, 0xb9, 0xe8, 0xe6, 0xb6, 0xa9, 
    0xa4, 0xf0, 0x62, 0x8b, 0xa6, 0x6e, 0x77, 0x3e, 0x0a, 0x6e, 0xa4, 0x7e, 0xea, 
    0xf6, 0x2e, 0xb1, 0x72, 0x36, 0x3a, 0x68, 0x62, 0x02, 0x74, 0x4b, 0x2f, 0xba, 
    0x0f, 0xa8, 0x2b, 0x10, 0xbe, 0x04, 0x17, 0x3c, 0xec, 0x9c, 0x42, 0x36, 0xfb, 
    0xaf, 0x00, 0x61, 0x0e, 0x64, 0xee, 0xc5, 0x09, 0x4b, 0x26, 0x66, 0x60, 0xb2, 
    0xfd, 0x2b, 0xef, 0x68, 0x74, 0x39, 0xfc, 0xaf, 0xa4, 0x9e, 0x26, 0xd0, 0x98, 
    0x05, 0x14, 0x50, 0xcb, 0x31, 0xc6, 0xe9, 0xd9, 0x05, 0x42, 0x0a, 0x20, 0x40, 
    0xf0, 0xb2, 0x40, 0x09, 0x4c, 0x30, 0xf3, 0x0e, 0xca, 0xde, 0xcc, 0x9d, 0x03, 
    0x1c, 0xec, 0xe0, 0x84, 0xcf, 0x04, 0x25, 0xe0, 0x9d, 0x85, 0x01, 0x01, 0x00, 
    0x21, 0xf9, 0x04, 0x09, 0x06, 0x00, 0x02, 0x00, 0x2c, 0x1c, 0x00, 0x19, 0x00, 
    0x5d, 0x00, 0x48, 0x00, 0x00, 0x08, 0xff, 0x00, 0x05, 0x08, 0x1c, 0x48, 0xb0, 
    0xa0, 0xc1, 0x83, 0x08, 0x13, 0x2a, 0x5c, 0x88, 0x90, 0x40, 0x81, 0x87, 0x0f, 
    0x19, 0x32, 0x74, 0x08, 0xb1, 0x62, 0x01, 0x89, 0x18, 0x33, 0x1e, 0xa4, 0x68, 
    0xe0, 0x00, 0x02, 0x04, 0x09, 0x12, 0x20, 0x30, 0x00, 0x51, 0xa3, 0x00, 0x8a, 
    0x1e, 0x41, 0x86, 0x5c, 0x39, 0xf2, 0xa2, 0xc9, 0x97, 0x09, 0x1d, 0xa6, 0x54, 
    0xc0, 0xc0, 0xc1, 0x83, 0x08, 0x11, 0x1c, 0x30, 0x58, 0xa0, 0xe0, 0x00, 0x49, 
    0x8c, 0x04, 0x0c, 0x20, 0xa0, 0x69, 0x33, 0x82, 0x84, 0xa3, 0x12, 0x72, 0x32, 
    0x48, 0x70, 0xc0, 0x25, 0xcc, 0xa7, 0x27, 0x85, 0x2e, 0x68, 0x00, 0x61, 0x82, 
    0x05, 0x0d, 0x1c, 0x40, 0x80, 0xe0, 0x80, 0x81, 0x82, 0x84, 0x06, 0x0b, 0x46, 
    0x2e, 0x94, 0xa9, 0xc0, 0x41, 0x04, 0x0b, 0x07, 0x1d, 0x50, 0xa0, 0x00, 0x61, 
    0xe9, 0x01, 0xa8, 0x30, 0x09, 0x1c, 0x50, 0xf0, 0x60, 0x02, 0x06, 0x85, 0x0a, 
    0x20, 0x40, 0x68, 0x90, 0xc0, 0x40, 0x4c, 0x03, 0x09, 0x1a, 0x48, 0xd0, 0xc0, 
    0x90, 0xae, 0x83, 0x9e, 0x7e, 0xe1, 0x02, 0x3d, 0xb0, 0x20, 0x02, 0x61, 0x89, 
    0x06, 0xa6, 0xf6, 0xdc, 0x38, 0x17, 0xc2, 0xdd, 0x8c, 0x09, 0x76, 0x22, 0x50, 
    0x2c, 0x51, 0x2e, 0x83, 0x09, 0x2f, 0x33, 0x4f, 0x2e, 0x08, 0x18, 0xc2, 0x63, 
    0x8d, 0x81, 0x47, 0x73, 0x6e, 0x78, 0xe0, 0xf3, 0x53, 0x04, 0x0c, 0xc4, 0x0e, 
    0x2c, 0x80, 0xa0, 0xc1, 0xe5, 0xd0, 0x0c, 0x54, 0xaf, 0x26, 0xad, 0xc0, 0x31, 
    0xd4, 0xa1, 0xb2, 0x3d, 0x53, 0x80, 0x0b, 0x7b, 0xf3, 0xee, 0x82, 0xb4, 0x6d, 
    0xc3, 0x35, 0xa0, 0x20, 0xac, 0xc0, 0x02, 0x09, 0x22, 0x80, 0x86, 0xca, 0x5c, 
    0xf7, 0x71, 0xe6, 0x12, 0x38, 0x17, 0x17, 0x18, 0x79, 0xb8, 0xe2, 0xed, 0xc7, 
    0x9f, 0xd7, 0xff, 0x8e, 0xc0, 0xb9, 0x7a, 0x53, 0x04, 0x0f, 0xb2, 0x2b, 0xae, 
    0x1e, 0xfe, 0x79, 0x6f, 0x05, 0xab, 0x8b, 0x17, 0x50, 0xa0, 0x7e, 0x7d, 0xf3, 
    0xb7, 0xe1, 0x99, 0x93, 0x5f, 0xcd, 0x7c, 0x24, 0x5d, 0xfe, 0x65, 0x25, 0xd0, 
    0x1e, 0x73, 0x0e, 0xec, 0xd6, 0x1f, 0x73, 0x02, 0xf2, 0xe7, 0x5c, 0x7e, 0x0a, 
    0x24, 0x18, 0x9f, 0x83, 0xed, 0x45, 0x28, 0xe1, 0x84, 0x14, 0x56, 0x68, 0xe1, 
    0x85, 0x18, 0x66, 0xa8, 0xe1, 0x86, 0x1c, 0x76, 0xe8, 0xe1, 0x87, 0x20, 0x86, 
    0x28, 0xe2, 0x88, 0x24, 0x96, 0x68, 0xe2, 0x89, 0x28, 0xa6, 0xa8, 0xe2, 0x8a, 
    0x2c, 0xb6, 0xe8, 0xe2, 0x8b, 0x30, 0xc6, 0x28, 0xe3, 0x8c, 0x34, 0xce, 0x48, 
    0x51, 0x8d, 0x50, 0xa1, 0x84, 0x80, 0x4f, 0x3f, 0xe1, 0x98, 0x51, 0x50, 0x43, 
    0x4d, 0xd5, 0x40, 0x6e, 0x3e, 0xf9, 0xd8, 0xd9, 0x5c, 0x0d, 0x44, 0x40, 0x01, 
    0x06, 0x1a, 0x60, 0x30, 0x81, 0x03, 0x4c, 0x19, 0xa9, 0x90, 0x5c, 0x0b, 0x40, 
    0x80, 0x16, 0x41, 0x86, 0x59, 0x27, 0xe5, 0x40, 0xa5, 0x9d, 0x46, 0x50, 0x02, 
    0x0f, 0x3c, 0x00, 0xdf, 0x96, 0xc8, 0xd5, 0x76, 0x9b, 0x41, 0x08, 0xe8, 0x84, 
    0x1f, 0x99, 0xdc, 0xd1, 0x37, 0xe6, 0x41, 0x06, 0x30, 0xf0, 0xc0, 0x02, 0x6c, 
    0x72, 0xc9, 0x40, 0x7d, 0x08, 0xa5, 0xd9, 0x40, 0x9d, 0xdc, 0x31, 0x00, 0xc1, 
    0x42, 0x07, 0x38, 0x50, 0x20, 0x9f, 0x06, 0x34, 0xf0, 0x00, 0xa0, 0x82, 0xf2, 
    0x29, 0x40, 0x64, 0x0e, 0x18, 0x77, 0x10, 0x74, 0x10, 0x3c, 0xe0, 0x28, 0x99, 
    0x91, 0xcd, 0xb9, 0x26, 0x41, 0x05, 0x1c, 0xd0, 0x80, 0x05, 0x14, 0x2c, 0x70, 
    0xe9, 0x96, 0x69, 0x8a, 0x79, 0xa9, 0x43, 0xb0, 0x51, 0xb0, 0x95, 0x04, 0x93, 
    0x92, 0x09, 0xa6, 0xa4, 0x3f, 0x65, 0x1a, 0x98, 0x05, 0x20, 0x08, 0xbe, 0x90, 
    0x82, 0x06, 0x0c, 0x7c, 0xba, 0x25, 0x98, 0x0e, 0x2c, 0x20, 0x52, 0x66, 0x11, 
    0xdc, 0x16, 0xa8, 0xa4, 0x8a, 0x0a, 0x00, 0x66, 0x04, 0x7a, 0xd9, 0x15, 0xeb, 
    0x97, 0xb9, 0xda, 0x4a, 0xe6, 0xa6, 0x1c, 0x8c, 0x00, 0x83, 0x41, 0x71, 0x1e, 
    0x16, 0xac, 0x40, 0x07, 0x3c, 0x00, 0xc2, 0x0e, 0x0c, 0xa0, 0xf9, 0x40, 0x03, 
    0xa9, 0xd6, 0x59, 0xad, 0x06, 0x0e, 0xd8, 0x9a, 0x9a, 0xb2, 0xaa, 0x4a, 0x30, 
    0x41, 0x5f, 0x05, 0xd5, 0x06, 0xec, 0xb4, 0x02, 0x18, 0x26, 0xdb, 0x40, 0x09, 
    0x24, 0xcb, 0xae, 0xb0, 0x0e, 0x70, 0x4b, 0x5a, 0x4d, 0xdd, 0xf2, 0x19, 0xaf, 
    0x75, 0x69, 0x7a, 0x3a, 0xaf, 0xb0, 0x44, 0x12, 0xc4, 0x68, 0xbe, 0xde, 0x36, 
    0x70, 0xd8, 0xa5, 0xb5, 0xf9, 0x3b, 0x6f, 0xb4, 0xef, 0x02, 0xdc, 0x70, 0xb0, 
    0x7a, 0xaa, 0xd6, 0x5a, 0x6c, 0xff, 0x0a, 0x90, 0x66, 0xa3, 0x5f, 0x36, 0xa0, 
    0xa5, 0xa2, 0xf1, 0x2a, 0x6c, 0xb1, 0xa1, 0x04, 0xeb, 0x1b, 0xb0, 0x40, 0x1d, 
    0x93, 0x5b, 0x27, 0xa3, 0xa3, 0x45, 0xfb, 0xe6, 0xbc, 0xa1, 0x7a, 0x3a, 0xd7, 
    0x59, 0x83, 0x56, 0x9c, 0x00, 0x04, 0x39, 0x59, 0xa9, 0x15, 0x9e, 0xff, 0x46, 
    0x87, 0x01, 0x08, 0x29, 0xec, 0x50, 0xb1, 0x41, 0x0a, 0x50, 0x30, 0x82, 0xcf, 
    0x3f, 0x03, 0x7d, 0x65, 0x85, 0x01, 0x01, 0x00, 0x21, 0xf9, 0x04, 0x09, 0x07, 
    0x00, 0x02, 0x00, 0x2c, 0x1c, 0x00, 0x19, 0x00, 0x5d, 0x00, 0x48, 0x00, 0x00, 
    0x08, 0xff, 0x00, 0x05, 0x08, 0x1c, 0x48, 0xb0, 0xa0, 0xc1, 0x83, 0x08, 0x13, 
    0x2a, 0x5c, 0x88, 0x90, 0x40, 0x81, 0x87, 0x0f, 0x19, 0x32, 0x74, 0x08, 0xb1, 
    0x62, 0x01, 0x89, 0x18, 0x33, 0x1e, 0xa4, 0x68, 0xe0, 0x00, 0x02, 0x04, 0x09, 
    0x12, 0x20, 0x30, 0x00, 0x51, 0xa3, 0x00, 0x8a, 0x1e, 0x41, 0x86, 0x5c, 0x39, 
    0xf2, 0xa2, 0xc9, 0x97, 0x09, 0x1d, 0xa6, 0x54, 0xc0, 0xc0, 0xc1, 0x83, 0x08, 
    0x11, 0x1c, 0x30, 0x58, 0xa0, 0xe0, 0x00, 0x49, 0x8c, 0x04, 0x0c, 0x20, 0xa0, 
    0x69, 0x33, 0x82, 0x84, 0xa3, 0x12, 0x72, 0x32, 0x48, 0x70, 0xc0, 0x25, 0xcc, 
    0xa7, 0x27, 0x85, 0x2e, 0x68, 0x00, 0x61, 0x82, 0x05, 0x0d, 0x1c, 0x40, 0x80, 
    0xe0, 0x80, 0x81, 0x82, 0x84, 0x06, 0x0b, 0x46, 0x2e, 0x94, 0xa9, 0xc0, 0x41, 
    0x04, 0x0b, 0x07, 0x1d, 0x50, 0xa0, 0x00, 0x61, 0xe9, 0x01, 0xa8, 0x30, 0x09, 
    0x1c, 0x50, 0xf0, 0x60, 0x02, 0x06, 0x85, 0x0a, 0x20, 0x40, 0x68, 0x90, 0xc0, 
    0x40, 0x4c, 0x03, 0x09, 0x1a, 0x48, 0xd0, 0xc0, 0x90, 0xae, 0x83, 0x9e, 0x7e, 
    0xe1, 0x02, 0x3d, 0xb0, 0x20, 0x02, 0x61, 0x89, 0x06, 0xa6, 0xf6, 0xdc, 0x38, 
    0x17, 0xc2, 0xdd, 0x8c, 0x09, 0x76, 0x22, 0x50, 0x2c, 0x51, 0x2e, 0x83, 0x09, 
    0x2f, 0x33, 0x4f, 0x2e, 0x08, 0x18, 0xc2, 0x63, 0x8d, 0x81, 0x47, 0x73, 0x6e, 
    0x78, 0xe0, 0xf3, 0x53, 0x04, 0x0c, 0xc4, 0x0e, 0x2c, 0x80, 0xa0, 0xc1, 0xe5, 
    0xd0, 0x0c, 0x54, 0xaf, 0x26, 0xad, 0xc0, 0x31, 0xd4, 0xa1, 0xb2, 0x3d, 0x53, 
    0x80, 0x0b, 0x7b, 0xf3, 0xee, 0x82, 0xb4, 0x6d, 0xc3, 0x35, 0xa0, 0x20, 0xac, 
    0xc0, 0x02, 0x09, 0x22, 0x80, 0x86, 0xca, 0x5c, 0xf7, 0x71, 0xe6, 0x12, 0x38, 
    0x17, 0x17, 0x18, 0x79, 0xb8, 0xe2, 0xed, 0xc7, 0x9f, 0xd7, 0xff, 0x8e, 0xc0, 
    0xb9, 0x7a, 0x53, 0x04, 0x0f, 0xb2, 0x2b, 0xae, 0x1e, 0xfe, 0x79, 0x6f, 0x05, 
    0xab, 0x8b, 0x17, 0x50, 0xa0, 0x7e, 0x7d, 0xf3, 0xb7, 0xe1, 0x99, 0x93, 0x5f, 
    0xcd, 0x7c, 0x24, 0x5d, 0xfe, 0x65, 0x25, 0xd0, 0x1e, 0x73, 0x0e, 0xec, 0xd6, 
    0x1f, 0x73, 0x02, 0xf2, 0xe7, 0x5c, 0x7e, 0x0a, 0x24, 0x18, 0x9f, 0x83, 0xed, 
    0x45, 0x28, 0xe1, 0x84, 0x14, 0x56, 0x68, 0xe1, 0x85, 0x18, 0x66, 0xa8, 0xe1, 
    0x86, 0x1c, 0x76, 0xe8, 0xe1, 0x87, 0x20, 0x86, 0x28, 0xe2, 0x88, 0x24, 0x96, 
    0x68, 0xe2, 0x89, 0x28, 0xa6, 0xa8, 0xe2, 0x8a, 0x2c, 0xb6, 0xe8, 0xe2, 0x8b, 
    0x30, 0xc6, 0x28, 0xe3, 0x8c, 0x34, 0xd2, 0x48, 0x40, 0x8d, 0x70, 0x71, 0x64, 
    0x00, 0x49, 0x11, 0xe1, 0x98, 0x51, 0x50, 0x1f, 0x29, 0x20, 0xa4, 0x90, 0x3e, 
    0xf9, 0xd8, 0xd9, 0x5c, 0x0c, 0xa4, 0x37, 0xc1, 0x92, 0x11, 0xf0, 0x95, 0x98, 
    0x91, 0xac, 0x35, 0x76, 0x9b, 0x40, 0x09, 0x3c, 0xf0, 0x80, 0x75, 0x50, 0x0e, 
    0xc4, 0x9c, 0x65, 0x07, 0x55, 0x79, 0x65, 0x96, 0x06, 0x25, 0x37, 0x65, 0x41, 
    0x55, 0x36, 0x80, 0x1f, 0x98, 0xdc, 0xd1, 0x07, 0x42, 0x42, 0x06, 0x30, 0x00, 
    0xc1, 0x02, 0x68, 0x6a, 0xc9, 0x00, 0x5a, 0x0a, 0xa1, 0xd7, 0x40, 0x9c, 0xdc, 
    0x09, 0xb6, 0xd0, 0x01, 0x0e, 0x14, 0x88, 0xe7, 0x01, 0x0d, 0x3c, 0xb0, 0x67, 
    0x9f, 0x78, 0x0a, 0x10, 0x99, 0x03, 0xc6, 0x1d, 0x04, 0x5d, 0x04, 0x0f, 0x24, 
    0x0a, 0x66, 0x64, 0x0f, 0x40, 0x48, 0x50, 0x01, 0x80, 0x5a, 0x40, 0x41, 0x5f, 
    0x78, 0xd6, 0xb6, 0xc0, 0x99, 0x02, 0x39, 0x04, 0x1b, 0x05, 0x20, 0x68, 0x00, 
    0x81, 0xa3, 0x59, 0x1e, 0x8a, 0xd8, 0x45, 0x94, 0x06, 0x06, 0xaa, 0x00, 0x23, 
    0x60, 0xc0, 0x00, 0xa7, 0xa5, 0xd6, 0xba, 0x94, 0xdb, 0x47, 0x99, 0x71, 0x29, 
    0xd0, 0x02, 0x13, 0x44, 0x20, 0x29, 0x98, 0x55, 0x46, 0xa0, 0x97, 0x5d, 0x6b, 
    0x12, 0x44, 0xd7, 0xa6, 0x85, 0x0a, 0xd4, 0x80, 0x05, 0x1c, 0x8c, 0x00, 0x83, 
    0x41, 0x6d, 0x1e, 0x56, 0xac, 0x40, 0x0a, 0x60, 0x00, 0x83, 0x13, 0x0c, 0x18, 
    0x64, 0x27, 0xac, 0x71, 0x1e, 0x10, 0x01, 0x07, 0x0e, 0x60, 0x9b, 0x1a, 0xb6, 
    0x68, 0x26, 0x70, 0x14, 0xa6, 0x04, 0xd5, 0xd6, 0xe8, 0xb3, 0xd0, 0x3e, 0xe0, 
    0x00, 0x53, 0x64, 0x3a, 0x40, 0x2c, 0xba, 0x09, 0xf4, 0x09, 0x1f, 0x41, 0xcd, 
    0xce, 0x0b, 0xef, 0x03, 0xb1, 0x15, 0x84, 0x80, 0x03, 0x0d, 0x90, 0x5a, 0x68, 
    0xbc, 0xd6, 0x05, 0x26, 0xdb, 0xb3, 0xa6, 0x72, 0x0a, 0x5b, 0xbe, 0xe8, 0x1a, 
    0x5a, 0x93, 0x6e, 0xfb, 0x62, 0x99, 0xa9, 0xba, 0xaa, 0x99, 0x9a, 0x30, 0x95, 
    0x56, 0xaa, 0xb6, 0xef, 0xab, 0x13, 0x0b, 0xe0, 0xe5, 0x68, 0x6d, 0x46, 0x9a, 
    0xb1, 0xc6, 0x56, 0x26, 0xba, 0xef, 0xbb, 0x13, 0xc7, 0xfb, 0x6e, 0xbd, 0xe0, 
    0xfe, 0xdb, 0x40, 0x4f, 0x73, 0x45, 0x40, 0x41, 0x04, 0xfe, 0x16, 0x7b, 0xa8, 
    0x4d, 0xa0, 0xb6, 0xfa, 0x31, 0x77, 0x9f, 0x71, 0x90, 0xc2, 0x0e, 0x37, 0x13, 
    0x94, 0xc0, 0x04, 0xca, 0xf6, 0x5c, 0x90, 0xbd, 0x15, 0x06, 0x04, 0x00, 0x21, 
    0xf9, 0x04, 0x09, 0x07, 0x00, 0x02, 0x00, 0x2c, 0x1c, 0x00, 0x19, 0x00, 0x5d, 
    0x00, 0x47, 0x00, 0x00, 0x08, 0xff, 0x00, 0x05, 0x08, 0x1c, 0x48, 0xb0, 0xa0, 
    0xc1, 0x83, 0x08, 0x13, 0x2a, 0x5c, 0x88, 0x90, 0x40, 0x81, 0x87, 0x0f, 0x19, 
    0x32, 0x74, 0x08, 0xb1, 0x62, 0x01, 0x89, 0x18, 0x33, 0x1e, 0xa4, 0x68, 0xe0, 
    0x00, 0x02, 0x04, 0x09, 0x12, 0x20, 0x30, 0x00, 0x51, 0xa3, 0x00, 0x8a, 0x1e, 
    0x41, 0x86, 0x5c, 0x39, 0xf2, 0xa2, 0xc9, 0x97, 0x09, 0x1d, 0xa6, 0x54, 0xc0, 
    0xc0, 0xc1, 0x83, 0x08, 0x11, 0x1c, 0x30, 0x58, 0xa0, 0xe0, 0x00, 0x49, 0x8c, 
    0x04, 0x0c, 0x20, 0xa0, 0x69, 0x33, 0x82, 0x84, 0xa3, 0x12, 0x72, 0x32, 0x48, 
    0x70, 0xc0, 0x25, 0xcc, 0xa7, 0x27, 0x85, 0x2e, 0x68, 0x00, 0x61, 0x82, 0x05, 
    0x0d, 0x1c, 0x40, 0x80, 0xe0, 0x80, 0x81, 0x82, 0x84, 0x06, 0x0b, 0x46, 0x2e, 
    0x94, 0xa9, 0xc0, 0x41, 0x04, 0x0b, 0x07, 0x1d, 0x50, 0xa0, 0x00, 0x61, 0xe9, 
    0x01, 0xa8, 0x30, 0x09, 0x1c, 0x50, 0xf0, 0x60, 0x02, 0x06, 0x85, 0x0a, 0x20, 
    0x40, 0x68, 0x90, 0xc0, 0x40, 0x4c, 0x03, 0x09, 0x1a, 0x48, 0xd0, 0xc0, 0x90, 
    0xae, 0x83, 0x9e, 0x7e, 0xe1, 0x02, 0x3d, 0xb0, 0x20, 0x02, 0x61, 0x89, 0x06, 
    0xa6, 0xf6, 0xdc, 0x38, 0x17, 0xc2, 0xdd, 0x8c, 0x09, 0x76, 0x22, 0x50, 0x2c, 
    0x51, 0x2e, 0x83, 0x09, 0x2f, 0x33, 0x4f, 0x2e, 0x08, 0x18, 0xc2, 0x63, 0x8d, 
    0x81, 0x47, 0x73, 0x6e, 0x78, 0xe0, 0xf3, 0x53, 0x04, 0x0c, 0xc4, 0x0e, 0x2c, 
    0x80, 0xa0, 0xc1, 0xe5, 0xd0, 0x0c, 0x54, 0xaf, 0x26, 0xad, 0xc0, 0x31, 0xd4, 
    0xa1, 0xb2, 0x3d, 0x53, 0x80, 0x0b, 0x7b, 0xf3, 0xee, 0x82, 0xb4, 0x6d, 0xc3, 
    0x35, 0xa0, 0x20, 0xac, 0xc0, 0x02, 0x09, 0x22, 0x80, 0x86, 0xca, 0x5c, 0xf7, 
    0x71, 0xe6, 0x12, 0x38, 0x17, 0x17, 0x18, 0x79, 0xb8, 0xe2, 0xed, 0xc7, 0x9f, 
    0xd7, 0xff, 0x8e, 0xc0, 0xb9, 0x7a, 0x53, 0x04, 0x0f, 0xb2, 0x2b, 0xae, 0x1e, 
    0xfe, 0x79, 0x6f, 0x05, 0xab, 0x8b, 0x17, 0x50, 0xa0, 0x7e, 0x7d, 0xf3, 0xb7, 
    0xe1, 0x99, 0x93, 0x5f, 0xcd, 0x7c, 0x24, 0x5d, 0xfe, 0x65, 0x25, 0xd0, 0x1e, 
    0x73, 0x0e, 0xec, 0xd6, 0x1f, 0x73, 0x02, 0xf2, 0xe7, 0x5c, 0x7e, 0x0a, 0x24, 
    0x18, 0x9f, 0x83, 0xed, 0x45, 0x28, 0xe1, 0x84, 0x14, 0x56, 0x68, 0xe1, 0x85, 
    0x18, 0x66, 0xa8, 0xe1, 0x86, 0x1c, 0x76, 0xe8, 0xe1, 0x87, 0x20, 0x86, 0x28, 
    0xe2, 0x88, 0x24, 0x96, 0x68, 0xe2, 0x89, 0x28, 0xa6, 0xa8, 0xe2, 0x8a, 0x2c, 
    0xb6, 0xe8, 0xe2, 0x8b, 0x30, 0xc6, 0x28, 0xe3, 0x8c, 0x34, 0xd6, 0x68, 0x23, 
    0x54, 0x14, 0x59, 0x74, 0xa3, 0x46, 0x41, 0x79, 0xb4, 0x92, 0x48, 0x3f, 0xed, 
    0x38, 0xd6, 0x5c, 0x0d, 0xdc, 0x74, 0x94, 0x52, 0x4c, 0x09, 0x19, 0x13, 0x63, 
    0x0f, 0x78, 0x37, 0x50, 0x02, 0x0f, 0x38, 0xd0, 0x97, 0x92, 0x07, 0x95, 0x76, 
    0x1a, 0x41, 0x50, 0x3e, 0x60, 0x1c, 0x95, 0xb3, 0xd5, 0x86, 0x16, 0x42, 0x50, 
    0x2e, 0x80, 0x1f, 0x97, 0x02, 0x60, 0xa7, 0x90, 0x01, 0x35, 0x6d, 0xc9, 0x25, 
    0x9a, 0x4e, 0x22, 0x84, 0x80, 0x94, 0x64, 0x0a, 0x74, 0x40, 0x03, 0xfb, 0x25, 
    0x34, 0xe7, 0x02, 0x71, 0x0a, 0x30, 0x67, 0x81, 0x0a, 0xcd, 0xc9, 0x40, 0x9e, 
    0x7b, 0xaa, 0x89, 0x1c, 0x94, 0x0e, 0x08, 0x2a, 0x64, 0x64, 0x10, 0x40, 0x48, 
    0x50, 0x01, 0xad, 0x51, 0x30, 0x81, 0xa2, 0x4a, 0xbe, 0x29, 0x66, 0x41, 0x32, 
    0x31, 0x40, 0x01, 0x08, 0x1a, 0x34, 0x30, 0x26, 0x95, 0x91, 0x3d, 0x80, 0xd8, 
    0x45, 0x8c, 0x06, 0x66, 0x01, 0x08, 0x02, 0x80, 0x60, 0xc1, 0xa4, 0x64, 0xa2, 
    0xf7, 0x40, 0x6e, 0x1f, 0x65, 0x66, 0xd9, 0x40, 0x0b, 0x48, 0xae, 0x00, 0x81, 
    0xa1, 0x4a, 0x42, 0x29, 0x2b, 0x04, 0x12, 0x8c, 0x5a, 0x50, 0x98, 0x9b, 0x72, 
    0x99, 0x80, 0x65, 0x20, 0x8c, 0x00, 0x83, 0x41, 0x68, 0x1e, 0x96, 0x27, 0xac, 
    0x18, 0xc0, 0xb0, 0xc3, 0x9f, 0x05, 0xa1, 0xa7, 0xe9, 0xb1, 0x72, 0x9a, 0xe6, 
    0x40, 0xaf, 0x02, 0xa4, 0x46, 0xad, 0xaf, 0x12, 0x3c, 0x9a, 0xd8, 0x40, 0x91, 
    0x15, 0x0a, 0xad, 0x40, 0x84, 0x26, 0x49, 0x90, 0xa4, 0xd7, 0xfa, 0xea, 0x80, 
    0xb7, 0x04, 0x75, 0x0b, 0xdf, 0xb7, 0xd5, 0x3a, 0x80, 0xea, 0x40, 0x6f, 0xc6, 
    0xc6, 0x6e, 0xb5, 0xb9, 0xf5, 0x6a, 0x2d, 0xbb, 0xea, 0x6e, 0xda, 0x2d, 0xad, 
    0x64, 0xe6, 0x3b, 0xae, 0xbb, 0xe5, 0xae, 0xb9, 0xc0, 0x61, 0x63, 0x16, 0xbb, 
    0x2e, 0xbb, 0x6f, 0x7a, 0xba, 0xad, 0xb3, 0x01, 0xfb, 0xfa, 0xc0, 0x03, 0x53, 
    0x82, 0xdb, 0x80, 0x75, 0xc7, 0x42, 0xd9, 0x80, 0x6c, 0x50, 0xce, 0x3a, 0x2f, 
    0xb8, 0x3a, 0xad, 0x8b, 0xa6, 0x04, 0x0c, 0x34, 0x6c, 0x6e, 0xa1, 0x8c, 0xd9, 
    0x25, 0x01, 0xa4, 0xc7, 0xa2, 0x09, 0xc1, 0x03, 0x10, 0x8c, 0x9a, 0xc2, 0x6d, 
    0x1b, 0xb3, 0x09, 0x82, 0xb2, 0x1b, 0x1b, 0x94, 0xc0, 0x04, 0x23, 0x38, 0x61, 
    0x61, 0x40, 0x00, 0x00, 0x21, 0xf9, 0x04, 0x09, 0x06, 0x00, 0x02, 0x00, 0x2c, 
    0x1c, 0x00, 0x19, 0x00, 0x5d, 0x00, 0x47, 0x00, 0x00, 0x08, 0xff, 0x00, 0x05, 
    0x08, 0x1c, 0x48, 0xb0, 0xa0, 0xc1, 0x83, 0x08, 0x13, 0x2a, 0x5c, 0x88, 0x90, 
    0x40, 0x81, 0x87, 0x0f, 0x19, 0x32, 0x74, 0x08, 0xb1, 0x62, 0x01, 0x89, 0x18, 
    0x33, 0x1e, 0xa4, 0x68, 0xe0, 0x00, 0x02, 0x04, 0x09, 0x12, 0x20, 0x30, 0x00, 
    0x51, 0xa3, 0x00, 0x8a, 0x1e, 0x41, 0x86, 0x5c, 0x39, 0xf2, 0xa2, 0xc9, 0x97, 
    0x09, 0x1d, 0xa6, 0x54, 0xc0, 0xc0, 0xc1, 0x83, 0x08, 0x11, 0x1c, 0x30, 0x58, 
    0xa0, 0xe0, 0x00, 0x49, 0x8c, 0x04, 0x0c, 0x20, 0xa0, 0x69, 0x33, 0x82, 0x84, 
    0xa3, 0x12, 0x72, 0x32, 0x48, 0x70, 0xc0, 0x25, 0xcc, 0xa7, 0x27, 0x85, 0x2e, 
    0x68, 0x00, 0x61, 0x82, 0x05, 0x0d, 0x1c, 0x40, 0x80, 0xe0, 0x80, 0x81, 0x82, 
    0x84, 0x06, 0x0b, 0x46, 0x2e, 0x94, 0xa9, 0xc0, 0x41, 0x04, 0x0b, 0x07, 0x1d, 
    0x50, 0xa0, 0x00, 0x61, 0xe9, 0x01, 0xa8, 0x30, 0x09, 0x1c, 0x50, 0xf0, 0x60, 
    0x02, 0x06, 0x85, 0x0a, 0x20, 0x40, 0x68, 0x90, 0xc0, 0x40, 0x4c, 0x03, 0x09, 
    0x1a, 0x48, 0xd0, 0xc0, 0x90, 0xae, 0x83, 0x9e, 0x7e, 0xe1, 0x02, 0x3d, 0xb0, 
    0x20, 0x02, 0x61, 0x89, 0x06, 0xa6, 0xf6, 0xdc, 0x38, 0x17, 0xc2, 0xdd, 0x8c, 
    0x09, 0x76, 0x22, 0x50, 0x2c, 0x51, 0x2e, 0x83, 0x09, 0x2f, 0x33, 0x4f, 0x2e, 
    0x08, 0x18, 0xc2, 0x63, 0x8d, 0x81, 0x47, 0x73, 0x6e, 0x78, 0xe0, 0xf3, 0x53, 
    0x04, 0x0c, 0xc4, 0x0e, 0x2c, 0x80, 0xa0, 0xc1, 0xe5, 0xd0, 0x0c, 0x54, 0xaf, 
    0x26, 0xad, 0xc0, 0x31, 0xd4, 0xa1, 0xb2, 0x3d, 0x53, 0x80, 0x0b, 0x7b, 0xf3, 
    0xee, 0x82, 0xb4, 0x6d, 0xc3, 0x35, 0xa0, 0x20, 0xac, 0xc0, 0x02, 0x09, 0x22, 
    0x80, 0x86, 0xca, 0x5c, 0xf7, 0x71, 0xe6, 0x12, 0x38, 0x17, 0x17, 0x18, 0x79, 
    0xb8, 0xe2, 0xed, 0xc7, 0x9f, 0xd7, 0xff, 0x8e, 0xc0, 0xb9, 0x7a, 0x53, 0x04, 
    0x0f, 0xb2, 0x2b, 0xae, 0x1e, 0xfe, 0x79, 0x6f, 0x05, 0xab, 0x8b, 0x17, 0x50, 
    0xa0, 0x7e, 0x7d, 0xf3, 0xb7, 0xe1, 0x99, 0x93, 0x5f, 0xcd, 0x7c, 0x24, 0x5d, 
    0xfe, 0x65, 0x25, 0xd0, 0x1e, 0x73, 0x0e, 0xec, 0xd6, 0x1f, 0x73, 0x02, 0xf2, 
    0xe7, 0x5c, 0x7e, 0x0a, 0x24, 0x18, 0x9f, 0x83, 0xed, 0x45, 0x28, 0xe1, 0x84, 
    0x14, 0x56, 0x68, 0xe1, 0x85, 0x18, 0x66, 0xa8, 0xe1, 0x86, 0x1c, 0x76, 0xe8, 
    0xe1, 0x87, 0x20, 0x86, 0x28, 0xe2, 0x88, 0x24, 0x96, 0x68, 0xe2, 0x89, 0x28, 
    0xa6, 0xa8, 0xe2, 0x8a, 0x2c, 0xb6, 0xe8, 0xe2, 0x8b, 0x30, 0xc6, 0x28, 0xe3, 
    0x8c, 0x34, 0xd6, 0x68, 0x23, 0x54, 0x14, 0x59, 0x74, 0xa3, 0x46, 0x41, 0x79, 
    0xb4, 0x92, 0x48, 0x3f, 0xed, 0x38, 0xd6, 0x5c, 0x0c, 0xdc, 0x64, 0x94, 0x52, 
    0x7d, 0x09, 0x19, 0x13, 0x63, 0x10, 0xa0, 0x45, 0x50, 0x02, 0x0e, 0x1c, 0x96, 
    0x98, 0x92, 0xa4, 0x25, 0x60, 0xd9, 0x41, 0x50, 0x3e, 0x60, 0x1c, 0x95, 0xb3, 
    0xd5, 0x76, 0x9b, 0x41, 0x50, 0x2e, 0x80, 0x1f, 0x97, 0x02, 0x60, 0xa7, 0x90, 
    0x01, 0x35, 0x6d, 0xc9, 0x25, 0x9a, 0xde, 0x25, 0x84, 0x80, 0x03, 0x10, 0x52, 
    0x69, 0x40, 0x03, 0xfb, 0x25, 0x74, 0x00, 0x58, 0x64, 0x0a, 0x74, 0x80, 0x03, 
    0x10, 0x2c, 0x74, 0x67, 0x03, 0x79, 0x0a, 0x70, 0xa7, 0x96, 0x09, 0x41, 0x07, 
    0x01, 0xa1, 0x64, 0x46, 0x06, 0x41, 0x9c, 0xb3, 0xdd, 0xb9, 0x16, 0xa3, 0x42, 
    0xbe, 0x29, 0x66, 0x41, 0x32, 0x31, 0x40, 0x01, 0x08, 0x1a, 0x34, 0x30, 0xa6, 
    0x9c, 0x0b, 0x1c, 0xe6, 0xd3, 0x45, 0x05, 0x1c, 0x10, 0x98, 0x05, 0x20, 0x08, 
    0x00, 0x82, 0x05, 0x93, 0x26, 0x5a, 0x53, 0x6e, 0x1f, 0x65, 0x76, 0xa5, 0x40, 
    0x0b, 0x48, 0xb1, 0x00, 0x81, 0x9a, 0x54, 0xa2, 0x37, 0x81, 0xac, 0x10, 0x48, 
    0x40, 0x6a, 0x41, 0x74, 0xa5, 0x9a, 0x27, 0x7d, 0x1a, 0x80, 0x30, 0x02, 0x0c, 
    0x06, 0xa1, 0x79, 0x58, 0xa0, 0x03, 0x29, 0x80, 0x01, 0x0c, 0x3b, 0x30, 0x60, 
    0xd0, 0x9e, 0x0d, 0xd0, 0x4a, 0xe6, 0x01, 0x8e, 0x69, 0x0a, 0x66, 0x03, 0xd6, 
    0x91, 0x99, 0xc0, 0x51, 0x49, 0x12, 0x14, 0x59, 0x6c, 0xc8, 0x0e, 0x94, 0xc0, 
    0x03, 0x70, 0x6e, 0x2a, 0x40, 0x6d, 0xd9, 0x6a, 0x4b, 0xae, 0x6e, 0x91, 0xc1, 
    0x39, 0x25, 0xb2, 0xe3, 0x22, 0x3a, 0xd0, 0x9b, 0x0e, 0x48, 0x9b, 0xe7, 0xb8, 
    0xbe, 0x0a, 0x14, 0xa6, 0xb9, 0x79, 0x1a, 0xcb, 0x6e, 0x9a, 0xe1, 0x0e, 0xe4, 
    0xef, 0xa6, 0x92, 0xf2, 0xdb, 0x6f, 0xa7, 0xaa, 0xb5, 0x9b, 0x2e, 0x99, 0x6f, 
    0x3e, 0xa0, 0xc0, 0x94, 0xe8, 0xc9, 0x1b, 0x70, 0xbc, 0xaa, 0xe1, 0x6b, 0xf0, 
    0xbd, 0x0f, 0x68, 0x99, 0x98, 0x95, 0x11, 0x40, 0x1a, 0x28, 0x94, 0xd8, 0x72, 
    0xc7, 0x80, 0x04, 0xf9, 0x4e, 0x4c, 0x2e, 0x02, 0x8c, 0xd9, 0x25, 0x81, 0xc7, 
    0x1f, 0xdb, 0xd4, 0x24, 0x08, 0x29, 0x9c, 0x16, 0xb0, 0xc0, 0x96, 0x72, 0xc0, 
    0xec, 0xcc, 0x08, 0x25, 0x30, 0xc1, 0x08, 0x4e, 0x58, 0x18, 0x10, 0x00, 0x21, 
    0xf9, 0x04, 0x09, 0x06, 0x00, 0x02, 0x00, 0x2c, 0x1c, 0x00, 0x19, 0x00, 0x5d, 
    0x00, 0x47, 0x00, 0x00, 0x08, 0xff, 0x00, 0x05, 0x08, 0x1c, 0x48, 0xb0, 0xa0, 
    0xc1, 0x83, 0x08, 0x13, 0x2a, 0x5c, 0x88, 0x90, 0x40, 0x81, 0x87, 0x0f, 0x19, 
    0x32, 0x74, 0x08, 0xb1, 0x62, 0x01, 0x89, 0x18, 0x33, 0x1e, 0xa4, 0x68, 0xe0, 
    0x00, 0x02, 0x04, 0x09, 0x12, 0x20, 0x30, 0x00, 0x51, 0xa3, 0x00, 0x8a, 0x1e, 
    0x41, 0x86, 0x5c, 0x39, 0xf2, 0xa2, 0xc9, 0x97, 0x09, 0x1d, 0xa6, 0x54, 0xc0, 
    0xc0, 0xc1, 0x83, 0x08, 0x11, 0x1c, 0x30, 0x58, 0xa0, 0xe0, 0x00, 0x49, 0x8c, 
    0x04, 0x0c, 0x20, 0xa0, 0x69, 0x33, 0x82, 0x84, 0xa3, 0x12, 0x72, 0x32, 0x48, 
    0x70, 0xc0, 0x25, 0xcc, 0xa7, 0x27, 0x85, 0x2e, 0x68, 0x00, 0x61, 0x82, 0x05, 
    0x0d, 0x1c, 0x40, 0x80, 0xe0, 0x80, 0x81, 0x82, 0x84, 0x06, 0x0b, 0x46, 0x2e, 
    0x94, 0xa9, 0xc0, 0x41, 0x04, 0x0b, 0x07, 0x1d, 0x50, 0xa0, 0x00, 0x61, 0xe9, 
    0x01, 0xa8, 0x30, 0x09, 0x1c, 0x50, 0xf0, 0x60, 0x02, 0x06, 0x85, 0x0a, 0x20, 
    0x40, 0x68, 0x90, 0xc0, 0x40, 0x4c, 0x03, 0x09, 0x1a, 0x48, 0xd0, 0xc0, 0x90, 
    0xae, 0x83, 0x9e, 0x7e, 0xe1, 0x02, 0x3d, 0xb0, 0x20, 0x02, 0x61, 0x89, 0x06, 
    0xa6, 0xf6, 0xdc, 0x38, 0x17, 0xc2, 0xdd, 0x8c, 0x09, 0x76, 0x22, 0x50, 0x2c, 
    0x51, 0x2e, 0x83, 0x09, 0x2f, 0x33, 0x4f, 0x2e, 0x08, 0x18, 0xc2, 0x63, 0x8d, 
    0x81, 0x47, 0x73, 0x6e, 0x78, 0xe0, 0xf3, 0x53, 0x04, 0x0c, 0xc4, 0x0e, 0x2c, 
    0x80, 0xa0, 0xc1, 0xe5, 0xd0, 0x0c, 0x54, 0xaf, 0x26, 0xad, 0xc0, 0x31, 0xd4, 
    0xa1, 0xb2, 0x3d, 0x53, 0x80, 0x0b, 0x7b, 0xf3, 0xee, 0x82, 0xb4, 0x6d, 0xc3, 
    0x35, 0xa0, 0x20, 0xac, 0xc0, 0x02, 0x09, 0x22, 0x80, 0x86, 0xca, 0x5c, 0xf7, 
    0x71, 0xe6, 0x12, 0x38, 0x17, 0x17, 0x18, 0x79, 0xb8, 0xe2, 0xed, 0xc7, 0x9f, 
    0xd7, 0xff, 0x8e, 0xc0, 0xb9, 0x7a, 0x53, 0x04, 0x0f, 0xb2, 0x2b, 0xae, 0x1e, 
    0xfe, 0x79, 0x6f, 0x05, 0xab, 0x8b, 0x17, 0x50, 0xa0, 0x7e, 0x7d, 0xf3, 0xb7, 
    0xe1, 0x99, 0x93, 0x5f, 0xcd, 0x7c, 0x24, 0x5d, 0xfe, 0x65, 0x25, 0xd0, 0x1e, 
    0x73, 0x0e, 0xec, 0xd6, 0x1f, 0x73, 0x02, 0xf2, 0xe7, 0x5c, 0x7e, 0x0a, 0x24, 
    0x18, 0x9f, 0x83, 0xed, 0x45, 0x28, 0xe1, 0x84, 0x14, 0x56, 0x68, 0xe1, 0x85, 
    0x18, 0x66, 0xa8, 0xe1, 0x86, 0x1c, 0x76, 0xe8, 0xe1, 0x87, 0x20, 0x86, 0x28, 
    0xe2, 0x88, 0x24, 0x96, 0x68, 0xe2, 0x89, 0x28, 0xa6, 0xa8, 0xe2, 0x8a, 0x2c, 
    0xb6, 0xe8, 0xe2, 0x8b, 0x30, 0xc6, 0x28, 0xe3, 0x8c, 0x34, 0xd6, 0x68, 0x23, 
    0x54, 0x14, 0x59, 0x74, 0xa3, 0x46, 0x41, 0x79, 0xb4, 0x92, 0x48, 0x3f, 0xed, 
    0x38, 0xd6, 0x5c, 0x0c, 0xdc, 0x64, 0x94, 0x52, 0x4c, 0x09, 0x19, 0x13, 0x63, 
    0x10, 0xa0, 0x45, 0x50, 0x02, 0x0f, 0x1c, 0x86, 0x9f, 0x92, 0xa4, 0x25, 0x60, 
    0xda, 0x41, 0x09, 0xd8, 0x64, 0x1c, 0x95, 0xb3, 0xd5, 0xe6, 0x24, 0x96, 0x0e, 
    0x2c, 0x30, 0x25, 0x97, 0xd8, 0x29, 0x64, 0x40, 0x4d, 0x5b, 0x92, 0xc9, 0x80, 
    0x77, 0x09, 0x21, 0xe0, 0x00, 0x84, 0x54, 0x1a, 0xd0, 0xc0, 0x7e, 0x09, 0x1d, 
    0x00, 0x16, 0x97, 0x03, 0xd9, 0xf9, 0xc0, 0x42, 0x76, 0x36, 0x80, 0xa7, 0x40, 
    0x7a, 0xa6, 0x89, 0x9c, 0x95, 0x0f, 0x08, 0x2a, 0x64, 0x64, 0x10, 0xc0, 0x39, 
    0x9b, 0x9d, 0x16, 0x50, 0xa0, 0xa8, 0x90, 0x6e, 0x8a, 0x59, 0x90, 0x43, 0xb0, 
    0x51, 0x00, 0x82, 0x06, 0x0d, 0x8c, 0xa9, 0xe4, 0x99, 0x0f, 0x20, 0x76, 0x51, 
    0x01, 0x07, 0x64, 0x69, 0x01, 0x08, 0x02, 0x80, 0x60, 0x81, 0xa4, 0x78, 0xa2, 
    0xf7, 0x40, 0x6e, 0x1f, 0x65, 0x16, 0xc1, 0x6d, 0x0b, 0x48, 0xb4, 0x00, 0x81, 
    0xa1, 0x42, 0x5a, 0x49, 0xc1, 0x04, 0x11, 0x54, 0x85, 0x01, 0x07, 0x05, 0xd1, 
    0x85, 0xea, 0x9f, 0x09, 0x0c, 0x06, 0xc2, 0x08, 0x30, 0x18, 0x74, 0xa6, 0x03, 
    0xb2, 0xfd, 0x29, 0xc0, 0x02, 0x18, 0xc0, 0xe0, 0x04, 0x03, 0x06, 0xb9, 0xd9, 
    0x00, 0xad, 0x54, 0x1e, 0x10, 0x01, 0x07, 0x0e, 0x68, 0x2a, 0x40, 0x96, 0xd6, 
    0xe1, 0x49, 0x9f, 0x04, 0x7d, 0x91, 0xb6, 0x00, 0xb2, 0xca, 0x12, 0x64, 0x58, 
    0x92, 0x04, 0xd5, 0xf6, 0x6b, 0xb9, 0x50, 0x4a, 0x49, 0x50, 0x64, 0xee, 0x96, 
    0x2b, 0x10, 0x94, 0x85, 0x16, 0xe4, 0x66, 0xbd, 0xf2, 0xce, 0x1b, 0xa6, 0xa6, 
    0x59, 0xae, 0xab, 0xec, 0xb1, 0xba, 0x1d, 0x4b, 0xad, 0x9a, 0xf1, 0x0a, 0xa4, 
    0xae, 0xb6, 0x7f, 0x02, 0x3c, 0x25, 0xbc, 0xdd, 0xfe, 0xe9, 0x66, 0xc1, 0xf7, 
    0x0e, 0xcc, 0x25, 0xbd, 0xaa, 0xf5, 0x8b, 0x30, 0xb0, 0x0f, 0xcc, 0x9a, 0x98, 
    0x95, 0x89, 0xe6, 0xfb, 0x64, 0x94, 0x0a, 0x6c, 0x76, 0xa6, 0x04, 0x0c, 0x5c, 
    0x8c, 0x71, 0x04, 0x4c, 0x2d, 0x60, 0xd7, 0x04, 0x8f, 0xb2, 0xfb, 0xc0, 0x4d, 
    0x18, 0x8c, 0x90, 0xc2, 0x69, 0x1e, 0x73, 0xb7, 0x26, 0x07, 0x30, 0xec, 0x50, 
    0x33, 0x96, 0x12, 0x8c, 0xa0, 0x73, 0x85, 0x01, 0x01, 0x00, 0x3b
};


const lv_image_dsc_t gif8 = {
  .header.cf = LV_COLOR_FORMAT_RAW,
  .header.w = 0,
  .header.h = 0,
  .data_size = sizeof(gif8_map),
  .data = gif8_map,
};
